scenario,seed,variant,round,clean_accuracy,backdoor_asr,normal_exclusion_rate
backdoor,20240925,baseline,1,0.1746,0.325,0.0
backdoor,20240925,baseline,2,0.2175,0.19766666666666663,0.05263157894736842
backdoor,20240925,baseline,3,0.2747,0.017666666666666664,0.10526315789473684
backdoor,20240925,baseline,4,0.3054,0.03766666666666668,0.10526315789473684
backdoor,20240925,baseline,5,0.3295,0.05333333333333334,0.10526315789473684
backdoor,20240925,baseline,6,0.3425000000000001,0.047,0.10526315789473684
backdoor,20240925,baseline,7,0.3609,0.04677777777777776,0.10526315789473684
backdoor,20240925,baseline,8,0.3769,0.05233333333333334,0.10526315789473684
backdoor,20240925,baseline,9,0.3862,0.027555555555555562,0.15789473684210525
backdoor,20240925,baseline,10,0.3978,0.021222222222222222,0.2631578947368421
backdoor,20240925,baseline,11,0.3968999999999999,0.03411111111111112,0.2631578947368421
backdoor,20240925,baseline,12,0.4115,0.03433333333333333,0.2631578947368421
backdoor,20240925,baseline,13,0.4103,0.025888888888888878,0.2631578947368421
backdoor,20240925,baseline,14,0.4344,0.030111111111111123,0.21052631578947367
backdoor,20240925,baseline,15,0.4443,0.03577777777777776,0.2631578947368421
backdoor,20240925,baseline,16,0.4322,0.027555555555555562,0.2631578947368421
backdoor,20240925,baseline,17,0.4328,0.032333333333333325,0.2631578947368421
backdoor,20240925,baseline,18,0.4481,0.01988888888888888,0.2631578947368421
backdoor,20240925,baseline,19,0.47,0.03577777777777776,0.2631578947368421
backdoor,20240925,baseline,20,0.4661,0.02066666666666666,0.2631578947368421
backdoor,20240925,baseline,21,0.4944,0.033222222222222236,0.3157894736842105
backdoor,20240925,baseline,22,0.4815,0.031222222222222235,0.3157894736842105
backdoor,20240925,baseline,23,0.4941,0.03088888888888888,0.3157894736842105
backdoor,20240925,baseline,24,0.5002,0.03877777777777776,0.3157894736842105
backdoor,20240925,baseline,25,0.5183,0.049777777777777754,0.3157894736842105
backdoor,20240925,baseline,26,0.5097,0.025222222222222226,0.3157894736842105
backdoor,20240925,baseline,27,0.5229,0.03366666666666667,0.2631578947368421
backdoor,20240925,baseline,28,0.5364,0.03388888888888888,0.2631578947368421
backdoor,20240925,baseline,29,0.541,0.023888888888888876,0.2631578947368421
backdoor,20240925,baseline,30,0.537,0.01922222222222222,0.2631578947368421
backdoor,20240925,candidate,1,0.175,0.329,0.0
backdoor,20240925,candidate,2,0.2088,0.2887777777777779,0.0
backdoor,20240925,candidate,3,0.2505,0.285,0.0
backdoor,20240925,candidate,4,0.2867,0.24411111111111103,0.0
backdoor,20240925,candidate,5,0.2844,0.277,0.05263157894736842
backdoor,20240925,candidate,6,0.3078,0.2485555555555555,0.05263157894736842
backdoor,20240925,candidate,7,0.334,0.247,0.0
backdoor,20240925,candidate,8,0.3477,0.22777777777777786,0.0
backdoor,20240925,candidate,9,0.3562,0.20677777777777784,0.05263157894736842
backdoor,20240925,candidate,10,0.3771,0.17655555555555552,0.10526315789473684
backdoor,20240925,candidate,11,0.3798000000000001,0.1834444444444445,0.15789473684210525
backdoor,20240925,candidate,12,0.387,0.18133333333333332,0.15789473684210525
backdoor,20240925,candidate,13,0.4,0.1523333333333333,0.21052631578947367
backdoor,20240925,candidate,14,0.4111,0.14522222222222225,0.2631578947368421
backdoor,20240925,candidate,15,0.3948999999999999,0.19066666666666668,0.21052631578947367
backdoor,20240925,candidate,16,0.4179,0.165,0.2631578947368421
backdoor,20240925,candidate,17,0.4337,0.07888888888888888,0.21052631578947367
backdoor,20240925,candidate,18,0.4535,0.1426666666666667,0.2631578947368421
backdoor,20240925,candidate,19,0.4703,0.07833333333333335,0.2631578947368421
backdoor,20240925,candidate,20,0.4472,0.17933333333333332,0.3684210526315789
backdoor,20240925,candidate,21,0.4792,0.05988888888888888,0.3684210526315789
backdoor,20240925,candidate,22,0.4312,0.2443333333333334,0.5789473684210527
backdoor,20240925,candidate,23,0.4839,0.048666666666666664,0.42105263157894735
backdoor,20240925,candidate,24,0.4623,0.21833333333333332,0.42105263157894735
backdoor,20240925,candidate,25,0.4794,0.16411111111111107,0.5263157894736842
backdoor,20240925,candidate,26,0.5074,0.03588888888888887,0.5789473684210527
backdoor,20240925,candidate,27,0.4963,0.145,0.5789473684210527
backdoor,20240925,candidate,28,0.4942,0.05555555555555554,0.5789473684210527
backdoor,20240925,candidate,29,0.4985,0.15977777777777777,0.631578947368421
backdoor,20240925,candidate,30,0.5037,0.12688888888888894,0.631578947368421
backdoor,20240926,baseline,1,0.1882,0.471,0.0
backdoor,20240926,baseline,2,0.2363,0.35077777777777797,0.0
backdoor,20240926,baseline,3,0.2901,0.00677777777777778,0.05263157894736842
backdoor,20240926,baseline,4,0.3238,0.05233333333333334,0.05263157894736842
backdoor,20240926,baseline,5,0.3504,0.03766666666666668,0.05263157894736842
backdoor,20240926,baseline,6,0.3744,0.03811111111111112,0.10526315789473684
backdoor,20240926,baseline,7,0.3865,0.04466666666666667,0.10526315789473684
backdoor,20240926,baseline,8,0.4028,0.04488888888888888,0.10526315789473684
backdoor,20240926,baseline,9,0.3973999999999999,0.023555555555555562,0.15789473684210525
backdoor,20240926,baseline,10,0.4256,0.030333333333333327,0.10526315789473684
backdoor,20240926,baseline,11,0.4433,0.03622222222222224,0.15789473684210525
backdoor,20240926,baseline,12,0.4452,0.03922222222222224,0.21052631578947367
backdoor,20240926,baseline,13,0.4477,0.03466666666666667,0.21052631578947367
backdoor,20240926,baseline,14,0.4573,0.042222222222222244,0.21052631578947367
backdoor,20240926,baseline,15,0.4739,0.053888888888888875,0.21052631578947367
backdoor,20240926,baseline,16,0.4728,0.04266666666666668,0.21052631578947367
backdoor,20240926,baseline,17,0.4886,0.04077777777777777,0.15789473684210525
backdoor,20240926,baseline,18,0.4976,0.04077777777777777,0.15789473684210525
backdoor,20240926,baseline,19,0.5032,0.04533333333333333,0.15789473684210525
backdoor,20240926,baseline,20,0.5105,0.03588888888888887,0.15789473684210525
backdoor,20240926,baseline,21,0.524,0.04055555555555556,0.15789473684210525
backdoor,20240926,baseline,22,0.5232,0.03844444444444444,0.15789473684210525
backdoor,20240926,baseline,23,0.5292,0.04366666666666667,0.15789473684210525
backdoor,20240926,baseline,24,0.5392,0.04233333333333332,0.15789473684210525
backdoor,20240926,baseline,25,0.5469,0.04033333333333332,0.15789473684210525
backdoor,20240926,baseline,26,0.5436,0.03466666666666667,0.15789473684210525
backdoor,20240926,baseline,27,0.5529,0.03944444444444444,0.15789473684210525
backdoor,20240926,baseline,28,0.5593,0.037,0.15789473684210525
backdoor,20240926,baseline,29,0.5729,0.039666666666666676,0.15789473684210525
backdoor,20240926,baseline,30,0.5733,0.03511111111111113,0.15789473684210525
backdoor,20240926,candidate,1,0.18840000000000004,0.4734444444444442,0.0
backdoor,20240926,candidate,2,0.2352,0.35344444444444445,0.0
backdoor,20240926,candidate,3,0.2731,0.2567777777777779,0.0
backdoor,20240926,candidate,4,0.2967,0.26322222222222214,0.0
backdoor,20240926,candidate,5,0.3412,0.17277777777777778,0.0
backdoor,20240926,candidate,6,0.363,0.17922222222222223,0.0
backdoor,20240926,candidate,7,0.3669,0.18066666666666667,0.0
backdoor,20240926,candidate,8,0.3896,0.1774444444444445,0.0
backdoor,20240926,candidate,9,0.3972,0.14511111111111105,0.0
backdoor,20240926,candidate,10,0.4193,0.1115555555555555,0.10526315789473684
backdoor,20240926,candidate,11,0.4267,0.156,0.05263157894736842
backdoor,20240926,candidate,12,0.4344,0.1585555555555555,0.05263157894736842
backdoor,20240926,candidate,13,0.442,0.1285555555555555,0.05263157894736842
backdoor,20240926,candidate,14,0.4488,0.13277777777777774,0.05263157894736842
backdoor,20240926,candidate,15,0.4612,0.1383333333333333,0.05263157894736842
backdoor,20240926,candidate,16,0.4713,0.119,0.05263157894736842
backdoor,20240926,candidate,17,0.4811,0.09666666666666666,0.05263157894736842
backdoor,20240926,candidate,18,0.4855,0.10533333333333332,0.05263157894736842
backdoor,20240926,candidate,19,0.4995,0.09388888888888891,0.05263157894736842
backdoor,20240926,candidate,20,0.5045,0.09622222222222225,0.05263157894736842
backdoor,20240926,candidate,21,0.5113,0.10144444444444449,0.05263157894736842
backdoor,20240926,candidate,22,0.5191,0.08455555555555551,0.05263157894736842
backdoor,20240926,candidate,23,0.5182,0.0965555555555555,0.05263157894736842
backdoor,20240926,candidate,24,0.5265,0.09222222222222225,0.05263157894736842
backdoor,20240926,candidate,25,0.5302,0.09444444444444448,0.05263157894736842
backdoor,20240926,candidate,26,0.5358,0.076,0.05263157894736842
backdoor,20240926,candidate,27,0.54,0.08022222222222225,0.05263157894736842
backdoor,20240926,candidate,28,0.546,0.07633333333333336,0.05263157894736842
backdoor,20240926,candidate,29,0.5572,0.08322222222222224,0.05263157894736842
backdoor,20240926,candidate,30,0.5604,0.06655555555555553,0.05263157894736842
delayed_backdoor,20240925,baseline,1,0.1721,0.13122222222222224,0.0
delayed_backdoor,20240925,baseline,2,0.2443,0.04433333333333333,0.05263157894736842
delayed_backdoor,20240925,baseline,3,0.2743,0.024333333333333332,0.10526315789473684
delayed_backdoor,20240925,baseline,4,0.3138,0.036,0.10526315789473684
delayed_backdoor,20240925,baseline,5,0.3326,0.06533333333333334,0.10526315789473684
delayed_backdoor,20240925,baseline,6,0.3533,0.05033333333333333,0.10526315789473684
delayed_backdoor,20240925,baseline,7,0.3651,0.04022222222222224,0.10526315789473684
delayed_backdoor,20240925,baseline,8,0.3852,0.04911111111111112,0.10526315789473684
delayed_backdoor,20240925,baseline,9,0.3914000000000001,0.03744444444444444,0.15789473684210525
delayed_backdoor,20240925,baseline,10,0.4009,0.02444444444444444,0.15789473684210525
delayed_backdoor,20240925,baseline,11,0.3874,0.1533333333333333,0.2631578947368421
delayed_backdoor,20240925,baseline,12,0.4194,0.031222222222222235,0.21052631578947367
delayed_backdoor,20240925,baseline,13,0.4203,0.02844444444444444,0.21052631578947367
delayed_backdoor,20240925,baseline,14,0.4344,0.019666666666666662,0.21052631578947367
delayed_backdoor,20240925,baseline,15,0.46,0.038666666666666676,0.21052631578947367
delayed_backdoor,20240925,baseline,16,0.4578,0.044,0.15789473684210525
delayed_backdoor,20240925,baseline,17,0.4536,0.039,0.21052631578947367
delayed_backdoor,20240925,baseline,18,0.4691,0.023,0.21052631578947367
delayed_backdoor,20240925,baseline,19,0.4843,0.037555555555555564,0.2631578947368421
delayed_backdoor,20240925,baseline,20,0.481,0.029777777777777764,0.2631578947368421
delayed_backdoor,20240925,baseline,21,0.5063,0.028888888888888877,0.2631578947368421
delayed_backdoor,20240925,baseline,22,0.5028,0.029666666666666675,0.21052631578947367
delayed_backdoor,20240925,baseline,23,0.5071,0.03288888888888888,0.21052631578947367
delayed_backdoor,20240925,baseline,24,0.5197,0.04677777777777776,0.2631578947368421
delayed_backdoor,20240925,baseline,25,0.5291,0.042444444444444444,0.21052631578947367
delayed_backdoor,20240925,baseline,26,0.5228,0.024,0.21052631578947367
delayed_backdoor,20240925,baseline,27,0.5412,0.037555555555555564,0.21052631578947367
delayed_backdoor,20240925,baseline,28,0.546,0.037555555555555564,0.21052631578947367
delayed_backdoor,20240925,baseline,29,0.5537,0.02533333333333333,0.21052631578947367
delayed_backdoor,20240925,baseline,30,0.552,0.022777777777777775,0.21052631578947367
delayed_backdoor,20240925,candidate,1,0.167,0.12177777777777775,0.0
delayed_backdoor,20240925,candidate,2,0.2337,0.12611111111111106,0.0
delayed_backdoor,20240925,candidate,3,0.288,0.08144444444444449,0.0
delayed_backdoor,20240925,candidate,4,0.3192,0.07611111111111112,0.0
delayed_backdoor,20240925,candidate,5,0.3301,0.10466666666666669,0.0
delayed_backdoor,20240925,candidate,6,0.3536000000000001,0.0911111111111111,0.0
delayed_backdoor,20240925,candidate,7,0.3747,0.08055555555555553,0.0
delayed_backdoor,20240925,candidate,8,0.3805,0.0898888888888889,0.0
delayed_backdoor,20240925,candidate,9,0.3942,0.054111111111111124,0.10526315789473684
delayed_backdoor,20240925,candidate,10,0.4013,0.06388888888888888,0.05263157894736842
delayed_backdoor,20240925,candidate,11,0.3814,0.21133333333333335,0.10526315789473684
delayed_backdoor,20240925,candidate,12,0.4069999999999999,0.16311111111111107,0.10526315789473684
delayed_backdoor,20240925,candidate,13,0.4016,0.16744444444444448,0.05263157894736842
delayed_backdoor,20240925,candidate,14,0.4196,0.152,0.05263157894736842
delayed_backdoor,20240925,candidate,15,0.4173,0.17633333333333331,0.10526315789473684
delayed_backdoor,20240925,candidate,16,0.439,0.09133333333333334,0.10526315789473684
delayed_backdoor,20240925,candidate,17,0.437,0.10277777777777776,0.15789473684210525
delayed_backdoor,20240925,candidate,18,0.4601,0.10988888888888892,0.2631578947368421
delayed_backdoor,20240925,candidate,19,0.4551,0.12311111111111106,0.3157894736842105
delayed_backdoor,20240925,candidate,20,0.4815,0.08277777777777776,0.42105263157894735
delayed_backdoor,20240925,candidate,21,0.4805,0.105,0.5263157894736842
delayed_backdoor,20240925,candidate,22,0.4768,0.11777777777777776,0.5263157894736842
delayed_backdoor,20240925,candidate,23,0.4878,0.08833333333333333,0.5263157894736842
delayed_backdoor,20240925,candidate,24,0.487,0.11177777777777775,0.47368421052631576
delayed_backdoor,20240925,candidate,25,0.4953,0.10811111111111107,0.5789473684210527
delayed_backdoor,20240925,candidate,26,0.5047,0.06866666666666665,0.5263157894736842
delayed_backdoor,20240925,candidate,27,0.5166,0.06755555555555554,0.5789473684210527
delayed_backdoor,20240925,candidate,28,0.5044,0.09488888888888891,0.631578947368421
delayed_backdoor,20240925,candidate,29,0.5115,0.05144444444444446,0.5789473684210527
delayed_backdoor,20240925,candidate,30,0.517,0.09955555555555551,0.631578947368421
delayed_backdoor,20240926,baseline,1,0.2244,0.163,0.0
delayed_backdoor,20240926,baseline,2,0.2684,0.176,0.0
delayed_backdoor,20240926,baseline,3,0.2946,0.013888888888888885,0.05263157894736842
delayed_backdoor,20240926,baseline,4,0.3378,0.07877777777777775,0.05263157894736842
delayed_backdoor,20240926,baseline,5,0.3552,0.049222222222222244,0.05263157894736842
delayed_backdoor,20240926,baseline,6,0.3815,0.061,0.05263157894736842
delayed_backdoor,20240926,baseline,7,0.3849,0.04544444444444444,0.10526315789473684
delayed_backdoor,20240926,baseline,8,0.4096,0.06077777777777776,0.10526315789473684
delayed_backdoor,20240926,baseline,9,0.4015000000000001,0.031888888888888876,0.15789473684210525
delayed_backdoor,20240926,baseline,10,0.4285,0.038,0.21052631578947367
delayed_backdoor,20240926,baseline,11,0.4223,0.18122222222222223,0.21052631578947367
delayed_backdoor,20240926,baseline,12,0.4426,0.10422222222222224,0.21052631578947367
delayed_backdoor,20240926,baseline,13,0.4327,0.024777777777777774,0.21052631578947367
delayed_backdoor,20240926,baseline,14,0.452,0.02922222222222223,0.15789473684210525
delayed_backdoor,20240926,baseline,15,0.4714,0.04622222222222225,0.21052631578947367
delayed_backdoor,20240926,baseline,16,0.4652,0.03422222222222224,0.21052631578947367
delayed_backdoor,20240926,baseline,17,0.4825,0.02955555555555556,0.21052631578947367
delayed_backdoor,20240926,baseline,18,0.5027,0.042444444444444444,0.15789473684210525
delayed_backdoor,20240926,baseline,19,0.5108,0.041,0.15789473684210525
delayed_backdoor,20240926,baseline,20,0.5194,0.03377777777777777,0.15789473684210525
delayed_backdoor,20240926,baseline,21,0.525,0.03944444444444444,0.15789473684210525
delayed_backdoor,20240926,baseline,22,0.5279,0.03644444444444444,0.15789473684210525
delayed_backdoor,20240926,baseline,23,0.5321,0.041777777777777754,0.15789473684210525
delayed_backdoor,20240926,baseline,24,0.5377,0.04022222222222224,0.15789473684210525
delayed_backdoor,20240926,baseline,25,0.5463,0.039888888888888877,0.15789473684210525
delayed_backdoor,20240926,baseline,26,0.5535,0.03277777777777777,0.10526315789473684
delayed_backdoor,20240926,baseline,27,0.5573,0.03566666666666667,0.10526315789473684
delayed_backdoor,20240926,baseline,28,0.5659,0.03366666666666667,0.10526315789473684
delayed_backdoor,20240926,baseline,29,0.5747,0.039666666666666676,0.10526315789473684
delayed_backdoor,20240926,baseline,30,0.5704,0.02866666666666667,0.10526315789473684
delayed_backdoor,20240926,candidate,1,0.2185,0.17933333333333332,0.0
delayed_backdoor,20240926,candidate,2,0.2651,0.190111111111111,0.0
delayed_backdoor,20240926,candidate,3,0.2978,0.05944444444444447,0.0
delayed_backdoor,20240926,candidate,4,0.3203,0.1274444444444445,0.0
delayed_backdoor,20240926,candidate,5,0.3483,0.07433333333333335,0.0
delayed_backdoor,20240926,candidate,6,0.3776,0.07144444444444448,0.05263157894736842
delayed_backdoor,20240926,candidate,7,0.3822,0.08255555555555551,0.05263157894736842
delayed_backdoor,20240926,candidate,8,0.4091,0.08033333333333335,0.05263157894736842
delayed_backdoor,20240926,candidate,9,0.4017,0.051777777777777756,0.10526315789473684
delayed_backdoor,20240926,candidate,10,0.4301,0.06644444444444447,0.10526315789473684
delayed_backdoor,20240926,candidate,11,0.4060000000000001,0.2265555555555555,0.10526315789473684
delayed_backdoor,20240926,candidate,12,0.4349,0.1573333333333333,0.10526315789473684
delayed_backdoor,20240926,candidate,13,0.4499,0.12222222222222225,0.05263157894736842
delayed_backdoor,20240926,candidate,14,0.4607,0.11677777777777776,0.05263157894736842
delayed_backdoor,20240926,candidate,15,0.4672,0.11711111111111105,0.05263157894736842
delayed_backdoor,20240926,candidate,16,0.474,0.0898888888888889,0.05263157894736842
delayed_backdoor,20240926,candidate,17,0.4894,0.06855555555555552,0.05263157894736842
delayed_backdoor,20240926,candidate,18,0.4965,0.05288888888888888,0.05263157894736842
delayed_backdoor,20240926,candidate,19,0.5068,0.053,0.05263157894736842
delayed_backdoor,20240926,candidate,20,0.5083,0.06677777777777776,0.05263157894736842
delayed_backdoor,20240926,candidate,21,0.5194,0.084,0.05263157894736842
delayed_backdoor,20240926,candidate,22,0.5194,0.08722222222222224,0.10526315789473684
delayed_backdoor,20240926,candidate,23,0.5239,0.0988888888888889,0.10526315789473684
delayed_backdoor,20240926,candidate,24,0.5337,0.08533333333333336,0.05263157894736842
delayed_backdoor,20240926,candidate,25,0.5342,0.0911111111111111,0.05263157894736842
delayed_backdoor,20240926,candidate,26,0.5394,0.06788888888888887,0.05263157894736842
delayed_backdoor,20240926,candidate,27,0.547,0.07888888888888888,0.05263157894736842
delayed_backdoor,20240926,candidate,28,0.5514,0.07222222222222224,0.05263157894736842
delayed_backdoor,20240926,candidate,29,0.5623,0.08588888888888889,0.05263157894736842
delayed_backdoor,20240926,candidate,30,0.5667,0.06577777777777775,0.05263157894736842
none,20240925,baseline,1,0.1688,0.12677777777777777,0.0
none,20240925,baseline,2,0.2443,0.043555555555555556,0.05
none,20240925,baseline,3,0.2766,0.02655555555555556,0.1
none,20240925,baseline,4,0.3122,0.03488888888888887,0.1
none,20240925,baseline,5,0.3316,0.057444444444444465,0.1
none,20240925,baseline,6,0.3535,0.030444444444444437,0.15
none,20240925,baseline,7,0.3661,0.030777777777777765,0.15
none,20240925,baseline,8,0.3871,0.038888888888888876,0.15
none,20240925,baseline,9,0.3961,0.02766666666666667,0.2
none,20240925,baseline,10,0.4019,0.025,0.2
none,20240925,baseline,11,0.4106,0.04411111111111112,0.2
none,20240925,baseline,12,0.4235,0.04533333333333333,0.2
none,20240925,baseline,13,0.4206,0.032111111111111125,0.2
none,20240925,baseline,14,0.4421,0.02533333333333333,0.2
none,20240925,baseline,15,0.4585,0.04122222222222224,0.2
none,20240925,baseline,16,0.4513,0.035,0.2
none,20240925,baseline,17,0.4533,0.04122222222222224,0.2
none,20240925,baseline,18,0.4675,0.02766666666666667,0.2
none,20240925,baseline,19,0.4863,0.04622222222222225,0.25
none,20240925,baseline,20,0.4945,0.03377777777777777,0.25
none,20240925,baseline,21,0.5123,0.037555555555555564,0.25
none,20240925,baseline,22,0.5084,0.03055555555555556,0.25
none,20240925,baseline,23,0.5159,0.04022222222222224,0.25
none,20240925,baseline,24,0.5197,0.04122222222222224,0.25
none,20240925,baseline,25,0.5343,0.04311111111111112,0.25
none,20240925,baseline,26,0.536,0.029888888888888878,0.25
none,20240925,baseline,27,0.5418,0.03955555555555556,0.25
none,20240925,baseline,28,0.5469,0.05033333333333333,0.25
none,20240925,baseline,29,0.5576,0.02444444444444444,0.2
none,20240925,baseline,30,0.5552,0.019111111111111117,0.2
none,20240925,candidate,1,0.1688,0.1265555555555555,0.0
none,20240925,candidate,2,0.23,0.12366666666666667,0.0
none,20240925,candidate,3,0.2853,0.07922222222222225,0.0
none,20240925,candidate,4,0.3151,0.07411111111111113,0.0
none,20240925,candidate,5,0.3307,0.11222222222222225,0.0
none,20240925,candidate,6,0.3543,0.089,0.0
none,20240925,candidate,7,0.3721999999999999,0.08366666666666664,0.0
none,20240925,candidate,8,0.386,0.08422222222222224,0.0
none,20240925,candidate,9,0.3973,0.05466666666666667,0.1
none,20240925,candidate,10,0.4081,0.04788888888888888,0.1
none,20240925,candidate,11,0.4125,0.07733333333333335,0.1
none,20240925,candidate,12,0.4204,0.08111111111111112,0.15
none,20240925,candidate,13,0.428,0.06933333333333334,0.1
none,20240925,candidate,14,0.4374,0.1018888888888889,0.1
none,20240925,candidate,15,0.427,0.12433333333333332,0.1
none,20240925,candidate,16,0.4426,0.10522222222222224,0.1
none,20240925,candidate,17,0.4347,0.11222222222222225,0.1
none,20240925,candidate,18,0.4499,0.14622222222222225,0.3
none,20240925,candidate,19,0.4581,0.1284444444444445,0.3
none,20240925,candidate,20,0.4834,0.09933333333333332,0.35
none,20240925,candidate,21,0.4913,0.08644444444444449,0.5
none,20240925,candidate,22,0.4793,0.12111111111111106,0.55
none,20240925,candidate,23,0.4854,0.09122222222222225,0.55
none,20240925,candidate,24,0.4928,0.1001111111111111,0.5
none,20240925,candidate,25,0.5083,0.06622222222222224,0.5
none,20240925,candidate,26,0.52,0.05555555555555554,0.5
none,20240925,candidate,27,0.5184,0.04477777777777776,0.65
none,20240925,candidate,28,0.4926,0.11577777777777776,0.7
none,20240925,candidate,29,0.51,0.06966666666666665,0.7
none,20240925,candidate,30,0.5136,0.08955555555555551,0.7
none,20240926,baseline,1,0.2219,0.17199999999999996,0.0
none,20240926,baseline,2,0.2674,0.1832222222222222,0.0
none,20240926,baseline,3,0.2942,0.01144444444444444,0.05
none,20240926,baseline,4,0.3399,0.06755555555555554,0.05
none,20240926,baseline,5,0.3569,0.04066666666666668,0.05
none,20240926,baseline,6,0.3807,0.05544444444444446,0.05
none,20240926,baseline,7,0.3891,0.05377777777777776,0.05
none,20240926,baseline,8,0.4158,0.060666666666666653,0.05
none,20240926,baseline,9,0.3957,0.032333333333333325,0.15
none,20240926,baseline,10,0.4324,0.03977777777777776,0.15
none,20240926,baseline,11,0.4463,0.04133333333333332,0.15
none,20240926,baseline,12,0.4501,0.05111111111111112,0.15
none,20240926,baseline,13,0.447,0.04122222222222224,0.15
none,20240926,baseline,14,0.4663,0.044222222222222246,0.15
none,20240926,baseline,15,0.4799,0.06,0.15
none,20240926,baseline,16,0.479,0.04788888888888888,0.15
none,20240926,baseline,17,0.4921,0.039333333333333324,0.15
none,20240926,baseline,18,0.5008,0.04188888888888888,0.15
none,20240926,baseline,19,0.513,0.04433333333333333,0.15
none,20240926,baseline,20,0.5134,0.03633333333333333,0.15
none,20240926,baseline,21,0.5302,0.04077777777777777,0.15
none,20240926,baseline,22,0.527,0.03288888888888888,0.15
none,20240926,baseline,23,0.528,0.03644444444444444,0.15
none,20240926,baseline,24,0.5441,0.03711111111111112,0.15
none,20240926,baseline,25,0.5489,0.04,0.15
none,20240926,baseline,26,0.5488,0.03355555555555556,0.15
none,20240926,baseline,27,0.5555,0.03522222222222224,0.15
none,20240926,baseline,28,0.5628,0.031333333333333324,0.15
none,20240926,baseline,29,0.5716,0.041,0.15
none,20240926,baseline,30,0.5747,0.03466666666666667,0.15
none,20240926,candidate,1,0.2209,0.176,0.0
none,20240926,candidate,2,0.2609,0.20044444444444448,0.0
none,20240926,candidate,3,0.2977,0.06933333333333334,0.0
none,20240926,candidate,4,0.3232,0.1266666666666667,0.0
none,20240926,candidate,5,0.3492,0.07944444444444448,0.0
none,20240926,candidate,6,0.3716999999999999,0.09022222222222225,0.0
none,20240926,candidate,7,0.3832,0.08922222222222224,0.0
none,20240926,candidate,8,0.4088,0.08877777777777776,0.0
none,20240926,candidate,9,0.4016,0.05866666666666665,0.05
none,20240926,candidate,10,0.4225,0.055,0.15
none,20240926,candidate,11,0.4353,0.06433333333333335,0.1
none,20240926,candidate,12,0.4497,0.07066666666666666,0.1
none,20240926,candidate,13,0.4457,0.057,0.1
none,20240926,candidate,14,0.4597,0.06311111111111112,0.1
none,20240926,candidate,15,0.4772,0.07666666666666665,0.1
none,20240926,candidate,16,0.4784,0.06133333333333334,0.1
none,20240926,candidate,17,0.4896,0.05522222222222224,0.1
none,20240926,candidate,18,0.4983,0.05688888888888888,0.1
none,20240926,candidate,19,0.5085,0.05888888888888888,0.05
none,20240926,candidate,20,0.5148,0.05088888888888888,0.05
none,20240926,candidate,21,0.5229,0.05344444444444446,0.05
none,20240926,candidate,22,0.5323,0.04577777777777776,0.05
none,20240926,candidate,23,0.531,0.05277777777777776,0.05
none,20240926,candidate,24,0.5392,0.05366666666666666,0.05
none,20240926,candidate,25,0.547,0.05466666666666667,0.05
none,20240926,candidate,26,0.5456,0.041555555555555554,0.05
none,20240926,candidate,27,0.5517,0.04311111111111112,0.05
none,20240926,candidate,28,0.5609,0.041444444444444443,0.05
none,20240926,candidate,29,0.5712,0.04933333333333333,0.05
none,20240926,candidate,30,0.5712,0.03777777777777776,0.05
