case,round,client_id,block,trainable,state,raw_score,gate_score,threshold,passed,normalized_weight,norm_before,norm_after,applied_norm,stats_member
collective_recovery,1,0,toy.weight,True,QUARANTINE,0.09032529531855425,0.1925,0.41056465285365196,False,0.0,1.0,0.0,0.0,False
collective_recovery,1,1,toy.weight,True,QUARANTINE,0.09032529531855425,0.1925,0.41056465285365196,False,0.0,1.0,0.0,0.0,False
collective_recovery,1,2,toy.weight,True,QUARANTINE,0.09032529531855425,0.1925,0.41056465285365196,False,0.0,1.0,0.0,0.0,False
collective_recovery,1,3,toy.weight,True,QUARANTINE,0.09032529531855425,0.1925,0.41056465285365196,False,0.0,1.0,0.0,0.0,False
collective_recovery,1,4,toy.weight,True,QUARANTINE,0.09032529531855425,0.1925,0.41056465285365196,False,0.0,1.0,0.0,0.0,False
collective_recovery,1,5,toy.weight,True,QUARANTINE,0.09032529531855425,0.1925,0.41056465285365196,False,0.0,1.0,0.0,0.0,False
collective_recovery,1,6,toy.weight,True,QUARANTINE,0.09032529531855425,0.1925,0.41056465285365196,False,0.0,1.0,0.0,0.0,False
collective_recovery,1,7,toy.weight,True,QUARANTINE,0.09032529531855425,0.1925,0.41056465285365196,False,0.0,1.0,0.0,0.0,False
collective_recovery,1,8,toy.weight,True,QUARANTINE,0.09032529531855425,0.1925,0.41056465285365196,False,0.0,1.0,0.0,0.0,False
collective_recovery,1,9,toy.weight,True,QUARANTINE,0.09032529531855425,0.1925,0.41056465285365196,False,0.0,1.0,0.0,0.0,False
collective_recovery,1,10,toy.weight,True,QUARANTINE,0.09032529531855425,0.1925,0.41056465285365196,False,0.0,1.0,0.0,0.0,False
collective_recovery,1,11,toy.weight,True,QUARANTINE,0.09032529531855425,0.1925,0.41056465285365196,False,0.0,1.0,0.0,0.0,False
collective_recovery,1,12,toy.weight,True,QUARANTINE,0.09032529531855425,0.1925,0.41056465285365196,False,0.0,1.0,0.0,0.0,False
collective_recovery,1,13,toy.weight,True,QUARANTINE,0.09032529531855425,0.1925,0.41056465285365196,False,0.0,1.0,0.0,0.0,False
collective_recovery,1,14,toy.weight,True,QUARANTINE,0.09032529531855425,0.1925,0.41056465285365196,False,0.0,1.0,0.0,0.0,False
collective_recovery,1,15,toy.weight,True,QUARANTINE,0.09032529531855425,0.1925,0.41056465285365196,False,0.0,1.0,0.0,0.0,False
collective_recovery,1,16,toy.weight,True,QUARANTINE,0.09032529531855425,0.1925,0.41056465285365196,False,0.0,1.0,0.0,0.0,False
collective_recovery,1,17,toy.weight,True,QUARANTINE,0.09032529531855425,0.1925,0.41056465285365196,False,0.0,1.0,0.0,0.0,False
collective_recovery,1,18,toy.weight,True,QUARANTINE,0.09032529531855425,0.1925,0.41056465285365196,False,0.0,1.0,0.0,0.0,False
collective_recovery,1,19,toy.weight,True,QUARANTINE,0.09032529531855425,0.1925,0.41056465285365196,False,0.0,1.0,0.0,0.0,False
collective_recovery,2,0,toy.weight,True,QUARANTINE,0.16839704919804285,0.31362500000000004,0.41056465285365196,False,0.0,1.0,0.0,0.0,False
collective_recovery,2,1,toy.weight,True,QUARANTINE,0.16839704919804285,0.31362500000000004,0.41056465285365196,False,0.0,1.0,0.0,0.0,False
collective_recovery,2,2,toy.weight,True,QUARANTINE,0.16839704919804285,0.31362500000000004,0.41056465285365196,False,0.0,1.0,0.0,0.0,False
collective_recovery,2,3,toy.weight,True,QUARANTINE,0.16839704919804285,0.31362500000000004,0.41056465285365196,False,0.0,1.0,0.0,0.0,False
collective_recovery,2,4,toy.weight,True,QUARANTINE,0.16839704919804285,0.31362500000000004,0.41056465285365196,False,0.0,1.0,0.0,0.0,False
collective_recovery,2,5,toy.weight,True,QUARANTINE,0.16839704919804285,0.31362500000000004,0.41056465285365196,False,0.0,1.0,0.0,0.0,False
collective_recovery,2,6,toy.weight,True,QUARANTINE,0.16839704919804285,0.31362500000000004,0.41056465285365196,False,0.0,1.0,0.0,0.0,False
collective_recovery,2,7,toy.weight,True,QUARANTINE,0.16839704919804285,0.31362500000000004,0.41056465285365196,False,0.0,1.0,0.0,0.0,False
collective_recovery,2,8,toy.weight,True,QUARANTINE,0.16839704919804285,0.31362500000000004,0.41056465285365196,False,0.0,1.0,0.0,0.0,False
collective_recovery,2,9,toy.weight,True,QUARANTINE,0.16839704919804285,0.31362500000000004,0.41056465285365196,False,0.0,1.0,0.0,0.0,False
collective_recovery,2,10,toy.weight,True,QUARANTINE,0.16839704919804285,0.31362500000000004,0.41056465285365196,False,0.0,1.0,0.0,0.0,False
collective_recovery,2,11,toy.weight,True,QUARANTINE,0.16839704919804285,0.31362500000000004,0.41056465285365196,False,0.0,1.0,0.0,0.0,False
collective_recovery,2,12,toy.weight,True,QUARANTINE,0.16839704919804285,0.31362500000000004,0.41056465285365196,False,0.0,1.0,0.0,0.0,False
collective_recovery,2,13,toy.weight,True,QUARANTINE,0.16839704919804285,0.31362500000000004,0.41056465285365196,False,0.0,1.0,0.0,0.0,False
collective_recovery,2,14,toy.weight,True,QUARANTINE,0.16839704919804285,0.31362500000000004,0.41056465285365196,False,0.0,1.0,0.0,0.0,False
collective_recovery,2,15,toy.weight,True,QUARANTINE,0.16839704919804285,0.31362500000000004,0.41056465285365196,False,0.0,1.0,0.0,0.0,False
collective_recovery,2,16,toy.weight,True,QUARANTINE,0.16839704919804285,0.31362500000000004,0.41056465285365196,False,0.0,1.0,0.0,0.0,False
collective_recovery,2,17,toy.weight,True,QUARANTINE,0.16839704919804285,0.31362500000000004,0.41056465285365196,False,0.0,1.0,0.0,0.0,False
collective_recovery,2,18,toy.weight,True,QUARANTINE,0.16839704919804285,0.31362500000000004,0.41056465285365196,False,0.0,1.0,0.0,0.0,False
collective_recovery,2,19,toy.weight,True,QUARANTINE,0.16839704919804285,0.31362500000000004,0.41056465285365196,False,0.0,1.0,0.0,0.0,False
collective_recovery,3,0,toy.weight,True,QUARANTINE,0.24358551168831238,0.41658125,0.41056465285365196,False,0.0,1.0,0.0,0.0,False
collective_recovery,3,1,toy.weight,True,QUARANTINE,0.24358551168831238,0.41658125,0.41056465285365196,False,0.0,1.0,0.0,0.0,False
collective_recovery,3,2,toy.weight,True,QUARANTINE,0.24358551168831238,0.41658125,0.41056465285365196,False,0.0,1.0,0.0,0.0,False
collective_recovery,3,3,toy.weight,True,QUARANTINE,0.24358551168831238,0.41658125,0.41056465285365196,False,0.0,1.0,0.0,0.0,False
collective_recovery,3,4,toy.weight,True,QUARANTINE,0.24358551168831238,0.41658125,0.41056465285365196,False,0.0,1.0,0.0,0.0,False
collective_recovery,3,5,toy.weight,True,QUARANTINE,0.24358551168831238,0.41658125,0.41056465285365196,False,0.0,1.0,0.0,0.0,False
collective_recovery,3,6,toy.weight,True,QUARANTINE,0.24358551168831238,0.41658125,0.41056465285365196,False,0.0,1.0,0.0,0.0,False
collective_recovery,3,7,toy.weight,True,QUARANTINE,0.24358551168831238,0.41658125,0.41056465285365196,False,0.0,1.0,0.0,0.0,False
collective_recovery,3,8,toy.weight,True,QUARANTINE,0.24358551168831238,0.41658125,0.41056465285365196,False,0.0,1.0,0.0,0.0,False
collective_recovery,3,9,toy.weight,True,QUARANTINE,0.24358551168831238,0.41658125,0.41056465285365196,False,0.0,1.0,0.0,0.0,False
collective_recovery,3,10,toy.weight,True,QUARANTINE,0.24358551168831238,0.41658125,0.41056465285365196,False,0.0,1.0,0.0,0.0,False
collective_recovery,3,11,toy.weight,True,QUARANTINE,0.24358551168831238,0.41658125,0.41056465285365196,False,0.0,1.0,0.0,0.0,False
collective_recovery,3,12,toy.weight,True,QUARANTINE,0.24358551168831238,0.41658125,0.41056465285365196,False,0.0,1.0,0.0,0.0,False
collective_recovery,3,13,toy.weight,True,QUARANTINE,0.24358551168831238,0.41658125,0.41056465285365196,False,0.0,1.0,0.0,0.0,False
collective_recovery,3,14,toy.weight,True,QUARANTINE,0.24358551168831238,0.41658125,0.41056465285365196,False,0.0,1.0,0.0,0.0,False
collective_recovery,3,15,toy.weight,True,QUARANTINE,0.24358551168831238,0.41658125,0.41056465285365196,False,0.0,1.0,0.0,0.0,False
collective_recovery,3,16,toy.weight,True,QUARANTINE,0.24358551168831238,0.41658125,0.41056465285365196,False,0.0,1.0,0.0,0.0,False
collective_recovery,3,17,toy.weight,True,QUARANTINE,0.24358551168831238,0.41658125,0.41056465285365196,False,0.0,1.0,0.0,0.0,False
collective_recovery,3,18,toy.weight,True,QUARANTINE,0.24358551168831238,0.41658125,0.41056465285365196,False,0.0,1.0,0.0,0.0,False
collective_recovery,3,19,toy.weight,True,QUARANTINE,0.24358551168831238,0.41658125,0.41056465285365196,False,0.0,1.0,0.0,0.0,False
collective_recovery,4,0,toy.weight,True,SUSPECT,0.31262349750350443,0.5040940625000001,0.41056465285365196,True,0.049999999999999996,1.0,0.9852836841565472,0.049264184207827355,False
collective_recovery,4,1,toy.weight,True,SUSPECT,0.31262349750350443,0.5040940625000001,0.41056465285365196,True,0.049999999999999996,1.0,0.9852836841565472,0.049264184207827355,False
collective_recovery,4,2,toy.weight,True,SUSPECT,0.31262349750350443,0.5040940625000001,0.41056465285365196,True,0.049999999999999996,1.0,0.9852836841565472,0.049264184207827355,False
collective_recovery,4,3,toy.weight,True,SUSPECT,0.31262349750350443,0.5040940625000001,0.41056465285365196,True,0.049999999999999996,1.0,0.9852836841565472,0.049264184207827355,False
collective_recovery,4,4,toy.weight,True,SUSPECT,0.31262349750350443,0.5040940625000001,0.41056465285365196,True,0.049999999999999996,1.0,0.9852836841565472,0.049264184207827355,False
collective_recovery,4,5,toy.weight,True,SUSPECT,0.31262349750350443,0.5040940625000001,0.41056465285365196,True,0.049999999999999996,1.0,0.9852836841565472,0.049264184207827355,False
collective_recovery,4,6,toy.weight,True,SUSPECT,0.31262349750350443,0.5040940625000001,0.41056465285365196,True,0.049999999999999996,1.0,0.9852836841565472,0.049264184207827355,False
collective_recovery,4,7,toy.weight,True,SUSPECT,0.31262349750350443,0.5040940625000001,0.41056465285365196,True,0.049999999999999996,1.0,0.9852836841565472,0.049264184207827355,False
collective_recovery,4,8,toy.weight,True,SUSPECT,0.31262349750350443,0.5040940625000001,0.41056465285365196,True,0.049999999999999996,1.0,0.9852836841565472,0.049264184207827355,False
collective_recovery,4,9,toy.weight,True,SUSPECT,0.31262349750350443,0.5040940625000001,0.41056465285365196,True,0.049999999999999996,1.0,0.9852836841565472,0.049264184207827355,False
collective_recovery,4,10,toy.weight,True,SUSPECT,0.31262349750350443,0.5040940625000001,0.41056465285365196,True,0.049999999999999996,1.0,0.9852836841565472,0.049264184207827355,False
collective_recovery,4,11,toy.weight,True,SUSPECT,0.31262349750350443,0.5040940625000001,0.41056465285365196,True,0.049999999999999996,1.0,0.9852836841565472,0.049264184207827355,False
collective_recovery,4,12,toy.weight,True,SUSPECT,0.31262349750350443,0.5040940625000001,0.41056465285365196,True,0.049999999999999996,1.0,0.9852836841565472,0.049264184207827355,False
collective_recovery,4,13,toy.weight,True,SUSPECT,0.31262349750350443,0.5040940625000001,0.41056465285365196,True,0.049999999999999996,1.0,0.9852836841565472,0.049264184207827355,False
collective_recovery,4,14,toy.weight,True,SUSPECT,0.31262349750350443,0.5040940625000001,0.41056465285365196,True,0.049999999999999996,1.0,0.9852836841565472,0.049264184207827355,False
collective_recovery,4,15,toy.weight,True,SUSPECT,0.31262349750350443,0.5040940625000001,0.41056465285365196,True,0.049999999999999996,1.0,0.9852836841565472,0.049264184207827355,False
collective_recovery,4,16,toy.weight,True,SUSPECT,0.31262349750350443,0.5040940625000001,0.41056465285365196,True,0.049999999999999996,1.0,0.9852836841565472,0.049264184207827355,False
collective_recovery,4,17,toy.weight,True,SUSPECT,0.31262349750350443,0.5040940625000001,0.41056465285365196,True,0.049999999999999996,1.0,0.9852836841565472,0.049264184207827355,False
collective_recovery,4,18,toy.weight,True,SUSPECT,0.31262349750350443,0.5040940625000001,0.41056465285365196,True,0.049999999999999996,1.0,0.9852836841565472,0.049264184207827355,False
collective_recovery,4,19,toy.weight,True,SUSPECT,0.31262349750350443,0.5040940625000001,0.41056465285365196,True,0.049999999999999996,1.0,0.9852836841565472,0.049264184207827355,False
collective_recovery,5,0,toy.weight,True,SUSPECT,0.37441440726877906,0.578479953125,0.41056465285365196,True,0.05,1.0,0.9852836841565472,0.04926418420782736,True
collective_recovery,5,1,toy.weight,True,SUSPECT,0.37441440726877906,0.578479953125,0.41056465285365196,True,0.05,1.0,0.9852836841565472,0.04926418420782736,True
collective_recovery,5,2,toy.weight,True,SUSPECT,0.37441440726877906,0.578479953125,0.41056465285365196,True,0.05,1.0,0.9852836841565472,0.04926418420782736,True
collective_recovery,5,3,toy.weight,True,SUSPECT,0.37441440726877906,0.578479953125,0.41056465285365196,True,0.05,1.0,0.9852836841565472,0.04926418420782736,True
collective_recovery,5,4,toy.weight,True,SUSPECT,0.37441440726877906,0.578479953125,0.41056465285365196,True,0.05,1.0,0.9852836841565472,0.04926418420782736,True
collective_recovery,5,5,toy.weight,True,SUSPECT,0.37441440726877906,0.578479953125,0.41056465285365196,True,0.05,1.0,0.9852836841565472,0.04926418420782736,True
collective_recovery,5,6,toy.weight,True,SUSPECT,0.37441440726877906,0.578479953125,0.41056465285365196,True,0.05,1.0,0.9852836841565472,0.04926418420782736,True
collective_recovery,5,7,toy.weight,True,SUSPECT,0.37441440726877906,0.578479953125,0.41056465285365196,True,0.05,1.0,0.9852836841565472,0.04926418420782736,True
collective_recovery,5,8,toy.weight,True,SUSPECT,0.37441440726877906,0.578479953125,0.41056465285365196,True,0.05,1.0,0.9852836841565472,0.04926418420782736,True
collective_recovery,5,9,toy.weight,True,SUSPECT,0.37441440726877906,0.578479953125,0.41056465285365196,True,0.05,1.0,0.9852836841565472,0.04926418420782736,True
collective_recovery,5,10,toy.weight,True,SUSPECT,0.37441440726877906,0.578479953125,0.41056465285365196,True,0.05,1.0,0.9852836841565472,0.04926418420782736,True
collective_recovery,5,11,toy.weight,True,SUSPECT,0.37441440726877906,0.578479953125,0.41056465285365196,True,0.05,1.0,0.9852836841565472,0.04926418420782736,True
collective_recovery,5,12,toy.weight,True,SUSPECT,0.37441440726877906,0.578479953125,0.41056465285365196,True,0.05,1.0,0.9852836841565472,0.04926418420782736,True
collective_recovery,5,13,toy.weight,True,SUSPECT,0.37441440726877906,0.578479953125,0.41056465285365196,True,0.05,1.0,0.9852836841565472,0.04926418420782736,True
collective_recovery,5,14,toy.weight,True,SUSPECT,0.37441440726877906,0.578479953125,0.41056465285365196,True,0.05,1.0,0.9852836841565472,0.04926418420782736,True
collective_recovery,5,15,toy.weight,True,SUSPECT,0.37441440726877906,0.578479953125,0.41056465285365196,True,0.05,1.0,0.9852836841565472,0.04926418420782736,True
collective_recovery,5,16,toy.weight,True,SUSPECT,0.37441440726877906,0.578479953125,0.41056465285365196,True,0.05,1.0,0.9852836841565472,0.04926418420782736,True
collective_recovery,5,17,toy.weight,True,SUSPECT,0.37441440726877906,0.578479953125,0.41056465285365196,True,0.05,1.0,0.9852836841565472,0.04926418420782736,True
collective_recovery,5,18,toy.weight,True,SUSPECT,0.37441440726877906,0.578479953125,0.41056465285365196,True,0.05,1.0,0.9852836841565472,0.04926418420782736,True
collective_recovery,5,19,toy.weight,True,SUSPECT,0.37441440726877906,0.578479953125,0.41056465285365196,True,0.05,1.0,0.9852836841565472,0.04926418420782736,True
collective_recovery,6,0,toy.weight,True,NORMAL,0.42886897677820285,0.6417079601562501,0.41056465285365196,True,0.049999999999999996,1.0,0.9852836841565472,0.049264184207827355,True
collective_recovery,6,1,toy.weight,True,NORMAL,0.42886897677820285,0.6417079601562501,0.41056465285365196,True,0.049999999999999996,1.0,0.9852836841565472,0.049264184207827355,True
collective_recovery,6,2,toy.weight,True,NORMAL,0.42886897677820285,0.6417079601562501,0.41056465285365196,True,0.049999999999999996,1.0,0.9852836841565472,0.049264184207827355,True
collective_recovery,6,3,toy.weight,True,NORMAL,0.42886897677820285,0.6417079601562501,0.41056465285365196,True,0.049999999999999996,1.0,0.9852836841565472,0.049264184207827355,True
collective_recovery,6,4,toy.weight,True,NORMAL,0.42886897677820285,0.6417079601562501,0.41056465285365196,True,0.049999999999999996,1.0,0.9852836841565472,0.049264184207827355,True
collective_recovery,6,5,toy.weight,True,NORMAL,0.42886897677820285,0.6417079601562501,0.41056465285365196,True,0.049999999999999996,1.0,0.9852836841565472,0.049264184207827355,True
collective_recovery,6,6,toy.weight,True,NORMAL,0.42886897677820285,0.6417079601562501,0.41056465285365196,True,0.049999999999999996,1.0,0.9852836841565472,0.049264184207827355,True
collective_recovery,6,7,toy.weight,True,NORMAL,0.42886897677820285,0.6417079601562501,0.41056465285365196,True,0.049999999999999996,1.0,0.9852836841565472,0.049264184207827355,True
collective_recovery,6,8,toy.weight,True,NORMAL,0.42886897677820285,0.6417079601562501,0.41056465285365196,True,0.049999999999999996,1.0,0.9852836841565472,0.049264184207827355,True
collective_recovery,6,9,toy.weight,True,NORMAL,0.42886897677820285,0.6417079601562501,0.41056465285365196,True,0.049999999999999996,1.0,0.9852836841565472,0.049264184207827355,True
collective_recovery,6,10,toy.weight,True,NORMAL,0.42886897677820285,0.6417079601562501,0.41056465285365196,True,0.049999999999999996,1.0,0.9852836841565472,0.049264184207827355,True
collective_recovery,6,11,toy.weight,True,NORMAL,0.42886897677820285,0.6417079601562501,0.41056465285365196,True,0.049999999999999996,1.0,0.9852836841565472,0.049264184207827355,True
collective_recovery,6,12,toy.weight,True,NORMAL,0.42886897677820285,0.6417079601562501,0.41056465285365196,True,0.049999999999999996,1.0,0.9852836841565472,0.049264184207827355,True
collective_recovery,6,13,toy.weight,True,NORMAL,0.42886897677820285,0.6417079601562501,0.41056465285365196,True,0.049999999999999996,1.0,0.9852836841565472,0.049264184207827355,True
collective_recovery,6,14,toy.weight,True,NORMAL,0.42886897677820285,0.6417079601562501,0.41056465285365196,True,0.049999999999999996,1.0,0.9852836841565472,0.049264184207827355,True
collective_recovery,6,15,toy.weight,True,NORMAL,0.42886897677820285,0.6417079601562501,0.41056465285365196,True,0.049999999999999996,1.0,0.9852836841565472,0.049264184207827355,True
collective_recovery,6,16,toy.weight,True,NORMAL,0.42886897677820285,0.6417079601562501,0.41056465285365196,True,0.049999999999999996,1.0,0.9852836841565472,0.049264184207827355,True
collective_recovery,6,17,toy.weight,True,NORMAL,0.42886897677820285,0.6417079601562501,0.41056465285365196,True,0.049999999999999996,1.0,0.9852836841565472,0.049264184207827355,True
collective_recovery,6,18,toy.weight,True,NORMAL,0.42886897677820285,0.6417079601562501,0.41056465285365196,True,0.049999999999999996,1.0,0.9852836841565472,0.049264184207827355,True
collective_recovery,6,19,toy.weight,True,NORMAL,0.42886897677820285,0.6417079601562501,0.41056465285365196,True,0.049999999999999996,1.0,0.9852836841565472,0.049264184207827355,True
collective_recovery,7,0,toy.weight,True,NORMAL,0.4763759410266019,0.6954517661328126,0.41056465285365196,True,0.05,1.0,0.9852836841565472,0.04926418420782736,True
collective_recovery,7,1,toy.weight,True,NORMAL,0.4763759410266019,0.6954517661328126,0.41056465285365196,True,0.05,1.0,0.9852836841565472,0.04926418420782736,True
collective_recovery,7,2,toy.weight,True,NORMAL,0.4763759410266019,0.6954517661328126,0.41056465285365196,True,0.05,1.0,0.9852836841565472,0.04926418420782736,True
collective_recovery,7,3,toy.weight,True,NORMAL,0.4763759410266019,0.6954517661328126,0.41056465285365196,True,0.05,1.0,0.9852836841565472,0.04926418420782736,True
collective_recovery,7,4,toy.weight,True,NORMAL,0.4763759410266019,0.6954517661328126,0.41056465285365196,True,0.05,1.0,0.9852836841565472,0.04926418420782736,True
collective_recovery,7,5,toy.weight,True,NORMAL,0.4763759410266019,0.6954517661328126,0.41056465285365196,True,0.05,1.0,0.9852836841565472,0.04926418420782736,True
collective_recovery,7,6,toy.weight,True,NORMAL,0.4763759410266019,0.6954517661328126,0.41056465285365196,True,0.05,1.0,0.9852836841565472,0.04926418420782736,True
collective_recovery,7,7,toy.weight,True,NORMAL,0.4763759410266019,0.6954517661328126,0.41056465285365196,True,0.05,1.0,0.9852836841565472,0.04926418420782736,True
collective_recovery,7,8,toy.weight,True,NORMAL,0.4763759410266019,0.6954517661328126,0.41056465285365196,True,0.05,1.0,0.9852836841565472,0.04926418420782736,True
collective_recovery,7,9,toy.weight,True,NORMAL,0.4763759410266019,0.6954517661328126,0.41056465285365196,True,0.05,1.0,0.9852836841565472,0.04926418420782736,True
collective_recovery,7,10,toy.weight,True,NORMAL,0.4763759410266019,0.6954517661328126,0.41056465285365196,True,0.05,1.0,0.9852836841565472,0.04926418420782736,True
collective_recovery,7,11,toy.weight,True,NORMAL,0.4763759410266019,0.6954517661328126,0.41056465285365196,True,0.05,1.0,0.9852836841565472,0.04926418420782736,True
collective_recovery,7,12,toy.weight,True,NORMAL,0.4763759410266019,0.6954517661328126,0.41056465285365196,True,0.05,1.0,0.9852836841565472,0.04926418420782736,True
collective_recovery,7,13,toy.weight,True,NORMAL,0.4763759410266019,0.6954517661328126,0.41056465285365196,True,0.05,1.0,0.9852836841565472,0.04926418420782736,True
collective_recovery,7,14,toy.weight,True,NORMAL,0.4763759410266019,0.6954517661328126,0.41056465285365196,True,0.05,1.0,0.9852836841565472,0.04926418420782736,True
collective_recovery,7,15,toy.weight,True,NORMAL,0.4763759410266019,0.6954517661328126,0.41056465285365196,True,0.05,1.0,0.9852836841565472,0.04926418420782736,True
collective_recovery,7,16,toy.weight,True,NORMAL,0.4763759410266019,0.6954517661328126,0.41056465285365196,True,0.05,1.0,0.9852836841565472,0.04926418420782736,True
collective_recovery,7,17,toy.weight,True,NORMAL,0.4763759410266019,0.6954517661328126,0.41056465285365196,True,0.05,1.0,0.9852836841565472,0.04926418420782736,True
collective_recovery,7,18,toy.weight,True,NORMAL,0.4763759410266019,0.6954517661328126,0.41056465285365196,True,0.05,1.0,0.9852836841565472,0.04926418420782736,True
collective_recovery,7,19,toy.weight,True,NORMAL,0.4763759410266019,0.6954517661328126,0.41056465285365196,True,0.05,1.0,0.9852836841565472,0.04926418420782736,True
collective_recovery,8,0,toy.weight,True,NORMAL,0.5175361047451912,0.7411340012128906,0.41056465285365196,True,0.05,1.0,0.9852836841565472,0.04926418420782736,True
collective_recovery,8,1,toy.weight,True,NORMAL,0.5175361047451912,0.7411340012128906,0.41056465285365196,True,0.05,1.0,0.9852836841565472,0.04926418420782736,True
collective_recovery,8,2,toy.weight,True,NORMAL,0.5175361047451912,0.7411340012128906,0.41056465285365196,True,0.05,1.0,0.9852836841565472,0.04926418420782736,True
collective_recovery,8,3,toy.weight,True,NORMAL,0.5175361047451912,0.7411340012128906,0.41056465285365196,True,0.05,1.0,0.9852836841565472,0.04926418420782736,True
collective_recovery,8,4,toy.weight,True,NORMAL,0.5175361047451912,0.7411340012128906,0.41056465285365196,True,0.05,1.0,0.9852836841565472,0.04926418420782736,True
collective_recovery,8,5,toy.weight,True,NORMAL,0.5175361047451912,0.7411340012128906,0.41056465285365196,True,0.05,1.0,0.9852836841565472,0.04926418420782736,True
collective_recovery,8,6,toy.weight,True,NORMAL,0.5175361047451912,0.7411340012128906,0.41056465285365196,True,0.05,1.0,0.9852836841565472,0.04926418420782736,True
collective_recovery,8,7,toy.weight,True,NORMAL,0.5175361047451912,0.7411340012128906,0.41056465285365196,True,0.05,1.0,0.9852836841565472,0.04926418420782736,True
collective_recovery,8,8,toy.weight,True,NORMAL,0.5175361047451912,0.7411340012128906,0.41056465285365196,True,0.05,1.0,0.9852836841565472,0.04926418420782736,True
collective_recovery,8,9,toy.weight,True,NORMAL,0.5175361047451912,0.7411340012128906,0.41056465285365196,True,0.05,1.0,0.9852836841565472,0.04926418420782736,True
collective_recovery,8,10,toy.weight,True,NORMAL,0.5175361047451912,0.7411340012128906,0.41056465285365196,True,0.05,1.0,0.9852836841565472,0.04926418420782736,True
collective_recovery,8,11,toy.weight,True,NORMAL,0.5175361047451912,0.7411340012128906,0.41056465285365196,True,0.05,1.0,0.9852836841565472,0.04926418420782736,True
collective_recovery,8,12,toy.weight,True,NORMAL,0.5175361047451912,0.7411340012128906,0.41056465285365196,True,0.05,1.0,0.9852836841565472,0.04926418420782736,True
collective_recovery,8,13,toy.weight,True,NORMAL,0.5175361047451912,0.7411340012128906,0.41056465285365196,True,0.05,1.0,0.9852836841565472,0.04926418420782736,True
collective_recovery,8,14,toy.weight,True,NORMAL,0.5175361047451912,0.7411340012128906,0.41056465285365196,True,0.05,1.0,0.9852836841565472,0.04926418420782736,True
collective_recovery,8,15,toy.weight,True,NORMAL,0.5175361047451912,0.7411340012128906,0.41056465285365196,True,0.05,1.0,0.9852836841565472,0.04926418420782736,True
collective_recovery,8,16,toy.weight,True,NORMAL,0.5175361047451912,0.7411340012128906,0.41056465285365196,True,0.05,1.0,0.9852836841565472,0.04926418420782736,True
collective_recovery,8,17,toy.weight,True,NORMAL,0.5175361047451912,0.7411340012128906,0.41056465285365196,True,0.05,1.0,0.9852836841565472,0.04926418420782736,True
collective_recovery,8,18,toy.weight,True,NORMAL,0.5175361047451912,0.7411340012128906,0.41056465285365196,True,0.05,1.0,0.9852836841565472,0.04926418420782736,True
collective_recovery,8,19,toy.weight,True,NORMAL,0.5175361047451912,0.7411340012128906,0.41056465285365196,True,0.05,1.0,0.9852836841565472,0.04926418420782736,True
collective_recovery,9,0,toy.weight,True,NORMAL,0.5530232362893558,0.7799639010309567,0.41056465285365196,True,0.05,1.0,0.9852836841565472,0.04926418420782736,True
collective_recovery,9,1,toy.weight,True,NORMAL,0.5530232362893558,0.7799639010309567,0.41056465285365196,True,0.05,1.0,0.9852836841565472,0.04926418420782736,True
collective_recovery,9,2,toy.weight,True,NORMAL,0.5530232362893558,0.7799639010309567,0.41056465285365196,True,0.05,1.0,0.9852836841565472,0.04926418420782736,True
collective_recovery,9,3,toy.weight,True,NORMAL,0.5530232362893558,0.7799639010309567,0.41056465285365196,True,0.05,1.0,0.9852836841565472,0.04926418420782736,True
collective_recovery,9,4,toy.weight,True,NORMAL,0.5530232362893558,0.7799639010309567,0.41056465285365196,True,0.05,1.0,0.9852836841565472,0.04926418420782736,True
collective_recovery,9,5,toy.weight,True,NORMAL,0.5530232362893558,0.7799639010309567,0.41056465285365196,True,0.05,1.0,0.9852836841565472,0.04926418420782736,True
collective_recovery,9,6,toy.weight,True,NORMAL,0.5530232362893558,0.7799639010309567,0.41056465285365196,True,0.05,1.0,0.9852836841565472,0.04926418420782736,True
collective_recovery,9,7,toy.weight,True,NORMAL,0.5530232362893558,0.7799639010309567,0.41056465285365196,True,0.05,1.0,0.9852836841565472,0.04926418420782736,True
collective_recovery,9,8,toy.weight,True,NORMAL,0.5530232362893558,0.7799639010309567,0.41056465285365196,True,0.05,1.0,0.9852836841565472,0.04926418420782736,True
collective_recovery,9,9,toy.weight,True,NORMAL,0.5530232362893558,0.7799639010309567,0.41056465285365196,True,0.05,1.0,0.9852836841565472,0.04926418420782736,True
collective_recovery,9,10,toy.weight,True,NORMAL,0.5530232362893558,0.7799639010309567,0.41056465285365196,True,0.05,1.0,0.9852836841565472,0.04926418420782736,True
collective_recovery,9,11,toy.weight,True,NORMAL,0.5530232362893558,0.7799639010309567,0.41056465285365196,True,0.05,1.0,0.9852836841565472,0.04926418420782736,True
collective_recovery,9,12,toy.weight,True,NORMAL,0.5530232362893558,0.7799639010309567,0.41056465285365196,True,0.05,1.0,0.9852836841565472,0.04926418420782736,True
collective_recovery,9,13,toy.weight,True,NORMAL,0.5530232362893558,0.7799639010309567,0.41056465285365196,True,0.05,1.0,0.9852836841565472,0.04926418420782736,True
collective_recovery,9,14,toy.weight,True,NORMAL,0.5530232362893558,0.7799639010309567,0.41056465285365196,True,0.05,1.0,0.9852836841565472,0.04926418420782736,True
collective_recovery,9,15,toy.weight,True,NORMAL,0.5530232362893558,0.7799639010309567,0.41056465285365196,True,0.05,1.0,0.9852836841565472,0.04926418420782736,True
collective_recovery,9,16,toy.weight,True,NORMAL,0.5530232362893558,0.7799639010309567,0.41056465285365196,True,0.05,1.0,0.9852836841565472,0.04926418420782736,True
collective_recovery,9,17,toy.weight,True,NORMAL,0.5530232362893558,0.7799639010309567,0.41056465285365196,True,0.05,1.0,0.9852836841565472,0.04926418420782736,True
collective_recovery,9,18,toy.weight,True,NORMAL,0.5530232362893558,0.7799639010309567,0.41056465285365196,True,0.05,1.0,0.9852836841565472,0.04926418420782736,True
collective_recovery,9,19,toy.weight,True,NORMAL,0.5530232362893558,0.7799639010309567,0.41056465285365196,True,0.05,1.0,0.9852836841565472,0.04926418420782736,True
collective_recovery,10,0,toy.weight,True,NORMAL,0.5835109219269352,0.8129693158763135,0.41056465285365196,True,0.05,1.0,0.9852836841565472,0.04926418420782736,True
collective_recovery,10,1,toy.weight,True,NORMAL,0.5835109219269352,0.8129693158763135,0.41056465285365196,True,0.05,1.0,0.9852836841565472,0.04926418420782736,True
collective_recovery,10,2,toy.weight,True,NORMAL,0.5835109219269352,0.8129693158763135,0.41056465285365196,True,0.05,1.0,0.9852836841565472,0.04926418420782736,True
collective_recovery,10,3,toy.weight,True,NORMAL,0.5835109219269352,0.8129693158763135,0.41056465285365196,True,0.05,1.0,0.9852836841565472,0.04926418420782736,True
collective_recovery,10,4,toy.weight,True,NORMAL,0.5835109219269352,0.8129693158763135,0.41056465285365196,True,0.05,1.0,0.9852836841565472,0.04926418420782736,True
collective_recovery,10,5,toy.weight,True,NORMAL,0.5835109219269352,0.8129693158763135,0.41056465285365196,True,0.05,1.0,0.9852836841565472,0.04926418420782736,True
collective_recovery,10,6,toy.weight,True,NORMAL,0.5835109219269352,0.8129693158763135,0.41056465285365196,True,0.05,1.0,0.9852836841565472,0.04926418420782736,True
collective_recovery,10,7,toy.weight,True,NORMAL,0.5835109219269352,0.8129693158763135,0.41056465285365196,True,0.05,1.0,0.9852836841565472,0.04926418420782736,True
collective_recovery,10,8,toy.weight,True,NORMAL,0.5835109219269352,0.8129693158763135,0.41056465285365196,True,0.05,1.0,0.9852836841565472,0.04926418420782736,True
collective_recovery,10,9,toy.weight,True,NORMAL,0.5835109219269352,0.8129693158763135,0.41056465285365196,True,0.05,1.0,0.9852836841565472,0.04926418420782736,True
collective_recovery,10,10,toy.weight,True,NORMAL,0.5835109219269352,0.8129693158763135,0.41056465285365196,True,0.05,1.0,0.9852836841565472,0.04926418420782736,True
collective_recovery,10,11,toy.weight,True,NORMAL,0.5835109219269352,0.8129693158763135,0.41056465285365196,True,0.05,1.0,0.9852836841565472,0.04926418420782736,True
collective_recovery,10,12,toy.weight,True,NORMAL,0.5835109219269352,0.8129693158763135,0.41056465285365196,True,0.05,1.0,0.9852836841565472,0.04926418420782736,True
collective_recovery,10,13,toy.weight,True,NORMAL,0.5835109219269352,0.8129693158763135,0.41056465285365196,True,0.05,1.0,0.9852836841565472,0.04926418420782736,True
collective_recovery,10,14,toy.weight,True,NORMAL,0.5835109219269352,0.8129693158763135,0.41056465285365196,True,0.05,1.0,0.9852836841565472,0.04926418420782736,True
collective_recovery,10,15,toy.weight,True,NORMAL,0.5835109219269352,0.8129693158763135,0.41056465285365196,True,0.05,1.0,0.9852836841565472,0.04926418420782736,True
collective_recovery,10,16,toy.weight,True,NORMAL,0.5835109219269352,0.8129693158763135,0.41056465285365196,True,0.05,1.0,0.9852836841565472,0.04926418420782736,True
collective_recovery,10,17,toy.weight,True,NORMAL,0.5835109219269352,0.8129693158763135,0.41056465285365196,True,0.05,1.0,0.9852836841565472,0.04926418420782736,True
collective_recovery,10,18,toy.weight,True,NORMAL,0.5835109219269352,0.8129693158763135,0.41056465285365196,True,0.05,1.0,0.9852836841565472,0.04926418420782736,True
collective_recovery,10,19,toy.weight,True,NORMAL,0.5835109219269352,0.8129693158763135,0.41056465285365196,True,0.05,1.0,0.9852836841565472,0.04926418420782736,True
sample_weights,1,0,toy.weight,True,NORMAL,0.46922231334313896,1.0,0.41056465285365196,True,0.25,10.0,9.852836841565471,2.463209210391368,True
sample_weights,1,1,toy.weight,True,NORMAL,0.46922231334313896,1.0,0.41056465285365196,True,0.75,10.0,9.852836841565471,7.389627631174104,True
