case,round,block,sensitivity,threshold,radius,stats_count,survivors,skipped,applied_norm
collective_recovery,1,toy.weight,0.014936120510359183,0.41056465285365196,0.9852836841565472,0,0,True,0.0
collective_recovery,2,toy.weight,0.014936120510359183,0.41056465285365196,0.9852836841565472,0,0,True,0.0
collective_recovery,3,toy.weight,0.014936120510359183,0.41056465285365196,0.9852836841565472,0,0,True,0.0
collective_recovery,4,toy.weight,0.014936120510359183,0.41056465285365196,0.9852836841565472,0,20,False,0.9852836841565475
collective_recovery,5,toy.weight,0.014936120510359183,0.41056465285365196,0.9852836841565472,20,20,False,0.9852836841565477
collective_recovery,6,toy.weight,0.014936120510359183,0.41056465285365196,0.9852836841565472,20,20,False,0.9852836841565475
collective_recovery,7,toy.weight,0.014936120510359183,0.41056465285365196,0.9852836841565472,20,20,False,0.9852836841565477
collective_recovery,8,toy.weight,0.014936120510359183,0.41056465285365196,0.9852836841565472,20,20,False,0.9852836841565477
collective_recovery,9,toy.weight,0.014936120510359183,0.41056465285365196,0.9852836841565472,20,20,False,0.9852836841565477
collective_recovery,10,toy.weight,0.014936120510359183,0.41056465285365196,0.9852836841565472,20,20,False,0.9852836841565477
