round,history,risk,state,peer_set_empty
1,0.6071428571428571,0.045000000000000005,NORMAL,False
2,0.6619318181818181,0.08325000000000002,SUSPECT,False
3,0.6950575815738963,0.11576250000000002,SUSPECT,False
4,0.717145142279845,0.14339812500000002,SUSPECT,False
5,0.7328490091128262,0.16688840625000004,QUARANTINE,True
6,0.7328490091128262,0.16688840625000004,QUARANTINE,True
7,0.7328490091128262,0.16688840625000004,QUARANTINE,True
8,0.7328490091128262,0.16688840625000004,QUARANTINE,True
9,0.7328490091128262,0.16688840625000004,QUARANTINE,True
10,0.7328490091128262,0.16688840625000004,QUARANTINE,True
11,0.7328490091128262,0.16688840625000004,QUARANTINE,True
12,0.7328490091128262,0.16688840625000004,QUARANTINE,True
13,0.7328490091128262,0.16688840625000004,QUARANTINE,True
14,0.7328490091128262,0.16688840625000004,QUARANTINE,True
15,0.7328490091128262,0.16688840625000004,QUARANTINE,True
16,0.7328490091128262,0.16688840625000004,QUARANTINE,True
17,0.7328490091128262,0.16688840625000004,QUARANTINE,True
18,0.7328490091128262,0.16688840625000004,QUARANTINE,True
19,0.7328490091128262,0.16688840625000004,QUARANTINE,True
20,0.7328490091128262,0.16688840625000004,QUARANTINE,True
21,0.7328490091128262,0.16688840625000004,QUARANTINE,True
22,0.7328490091128262,0.16688840625000004,QUARANTINE,True
23,0.7328490091128262,0.16688840625000004,QUARANTINE,True
24,0.7328490091128262,0.16688840625000004,QUARANTINE,True
25,0.7328490091128262,0.16688840625000004,QUARANTINE,True
26,0.7328490091128262,0.16688840625000004,QUARANTINE,True
27,0.7328490091128262,0.16688840625000004,QUARANTINE,True
28,0.7328490091128262,0.16688840625000004,QUARANTINE,True
29,0.7328490091128262,0.16688840625000004,QUARANTINE,True
30,0.7328490091128262,0.16688840625000004,QUARANTINE,True
31,0.7328490091128262,0.16688840625000004,QUARANTINE,True
32,0.7328490091128262,0.16688840625000004,QUARANTINE,True
33,0.7328490091128262,0.16688840625000004,QUARANTINE,True
34,0.7328490091128262,0.16688840625000004,QUARANTINE,True
35,0.7328490091128262,0.16688840625000004,QUARANTINE,True
36,0.7328490091128262,0.16688840625000004,QUARANTINE,True
37,0.7328490091128262,0.16688840625000004,QUARANTINE,True
38,0.7328490091128262,0.16688840625000004,QUARANTINE,True
39,0.7328490091128262,0.16688840625000004,QUARANTINE,True
40,0.7328490091128262,0.16688840625000004,QUARANTINE,True
