scenario,variant,round,accuracy,asr,honest_exclusion
backdoor,baseline,1,0.1656,0.5314444444444443,0.0
backdoor,baseline,2,0.2203,0.35677777777777797,0.0
backdoor,baseline,3,0.2486,0.3225555555555555,0.0
backdoor,baseline,4,0.2941,0.312888888888889,0.0
backdoor,baseline,5,0.331,0.2564444444444445,0.0
backdoor,baseline,6,0.3467,0.2444444444444445,0.0
backdoor,baseline,7,0.3580999999999999,0.253,0.0
backdoor,baseline,8,0.3537,0.291,0.0
backdoor,baseline,9,0.3814,0.23122222222222216,0.10526315789473684
backdoor,baseline,10,0.3779,0.2595555555555555,0.10526315789473684
backdoor,baseline,11,0.391,0.2604444444444445,0.10526315789473684
backdoor,baseline,12,0.4114,0.21622222222222215,0.05263157894736842
backdoor,baseline,13,0.417,0.23711111111111102,0.15789473684210525
backdoor,baseline,14,0.4372,0.20200000000000004,0.15789473684210525
backdoor,baseline,15,0.4433,0.20544444444444449,0.10526315789473684
backdoor,baseline,16,0.4691,0.1444444444444445,0.05263157894736842
backdoor,baseline,17,0.4406,0.226,0.10526315789473684
backdoor,baseline,18,0.4657,0.18988888888888897,0.10526315789473684
backdoor,baseline,19,0.4851,0.16433333333333328,0.10526315789473684
backdoor,baseline,20,0.4963,0.14211111111111105,0.10526315789473684
backdoor,baseline,21,0.5044,0.1293333333333333,0.10526315789473684
backdoor,baseline,22,0.5072,0.1396666666666667,0.10526315789473684
backdoor,baseline,23,0.5119,0.141,0.10526315789473684
backdoor,baseline,24,0.5199,0.12388888888888894,0.10526315789473684
backdoor,baseline,25,0.5204,0.13088888888888894,0.10526315789473684
backdoor,baseline,26,0.5313,0.12155555555555551,0.10526315789473684
backdoor,baseline,27,0.5299,0.1353333333333333,0.10526315789473684
backdoor,baseline,28,0.5418,0.127,0.05263157894736842
backdoor,baseline,29,0.5408,0.13888888888888895,0.05263157894736842
backdoor,baseline,30,0.554,0.1173333333333333,0.05263157894736842
backdoor,candidate,1,0.1627,0.5446666666666667,0.0
backdoor,candidate,2,0.2192,0.32422222222222213,0.0
backdoor,candidate,3,0.2505,0.312111111111111,0.0
backdoor,candidate,4,0.2933,0.29877777777777786,0.0
backdoor,candidate,5,0.3239,0.26022222222222213,0.0
backdoor,candidate,6,0.3452,0.2474444444444445,0.0
backdoor,candidate,7,0.3619,0.22966666666666663,0.0
backdoor,candidate,8,0.3609,0.2407777777777779,0.0
backdoor,candidate,9,0.3777,0.23133333333333336,0.15789473684210525
backdoor,candidate,10,0.3867999999999999,0.22066666666666668,0.10526315789473684
backdoor,candidate,11,0.4037,0.21222222222222215,0.10526315789473684
backdoor,candidate,12,0.4112,0.20566666666666664,0.10526315789473684
backdoor,candidate,13,0.4228,0.1997777777777778,0.10526315789473684
backdoor,candidate,14,0.4432,0.17855555555555552,0.10526315789473684
backdoor,candidate,15,0.4364,0.2037777777777778,0.10526315789473684
backdoor,candidate,16,0.4566,0.18566666666666667,0.15789473684210525
backdoor,candidate,17,0.4353,0.241888888888889,0.15789473684210525
backdoor,candidate,18,0.4568,0.20955555555555552,0.15789473684210525
backdoor,candidate,19,0.4772,0.18033333333333332,0.15789473684210525
backdoor,candidate,20,0.4852,0.16933333333333328,0.15789473684210525
backdoor,candidate,21,0.4892,0.1656666666666667,0.15789473684210525
backdoor,candidate,22,0.499,0.1436666666666667,0.10526315789473684
backdoor,candidate,23,0.509,0.149,0.10526315789473684
backdoor,candidate,24,0.5155,0.124,0.10526315789473684
backdoor,candidate,25,0.5255,0.11322222222222224,0.05263157894736842
backdoor,candidate,26,0.5505,0.05444444444444446,0.05263157894736842
backdoor,candidate,27,0.5302,0.14088888888888895,0.05263157894736842
backdoor,candidate,28,0.5437,0.11911111111111106,0.05263157894736842
backdoor,candidate,29,0.5426,0.13088888888888894,0.05263157894736842
backdoor,candidate,30,0.5585,0.10677777777777775,0.05263157894736842
delayed_backdoor,baseline,1,0.18559999999999996,0.11311111111111108,0.0
delayed_backdoor,baseline,2,0.2583,0.14177777777777775,0.0
delayed_backdoor,baseline,3,0.3027,0.155,0.0
delayed_backdoor,baseline,4,0.3408,0.15477777777777776,0.0
delayed_backdoor,baseline,5,0.3653,0.11455555555555551,0.0
delayed_backdoor,baseline,6,0.3827,0.12522222222222223,0.0
delayed_backdoor,baseline,7,0.3953999999999999,0.1054444444444445,0.0
delayed_backdoor,baseline,8,0.4016,0.1363333333333333,0.0
delayed_backdoor,baseline,9,0.4177,0.11555555555555551,0.15789473684210525
delayed_backdoor,baseline,10,0.4186,0.14711111111111105,0.10526315789473684
delayed_backdoor,baseline,11,0.3729,0.3123333333333334,0.10526315789473684
delayed_backdoor,baseline,12,0.4113,0.22566666666666665,0.10526315789473684
delayed_backdoor,baseline,13,0.4293,0.19811111111111102,0.10526315789473684
delayed_backdoor,baseline,14,0.452,0.15522222222222223,0.05263157894736842
delayed_backdoor,baseline,15,0.4593,0.16633333333333328,0.05263157894736842
delayed_backdoor,baseline,16,0.4784,0.116,0.05263157894736842
delayed_backdoor,baseline,17,0.454,0.19,0.10526315789473684
delayed_backdoor,baseline,18,0.4932,0.11655555555555551,0.10526315789473684
delayed_backdoor,baseline,19,0.5083,0.10166666666666668,0.10526315789473684
delayed_backdoor,baseline,20,0.5073,0.12,0.10526315789473684
delayed_backdoor,baseline,21,0.5076,0.13511111111111107,0.10526315789473684
delayed_backdoor,baseline,22,0.5088,0.14222222222222225,0.10526315789473684
delayed_backdoor,baseline,23,0.5144,0.14011111111111105,0.10526315789473684
delayed_backdoor,baseline,24,0.5166,0.14077777777777775,0.15789473684210525
delayed_backdoor,baseline,25,0.5202,0.14422222222222225,0.15789473684210525
delayed_backdoor,baseline,26,0.5366,0.12011111111111106,0.15789473684210525
delayed_backdoor,baseline,27,0.5364,0.124,0.10526315789473684
delayed_backdoor,baseline,28,0.5473,0.12011111111111106,0.10526315789473684
delayed_backdoor,baseline,29,0.5435,0.13477777777777775,0.10526315789473684
delayed_backdoor,baseline,30,0.5567,0.11422222222222224,0.10526315789473684
delayed_backdoor,candidate,1,0.18559999999999996,0.12455555555555552,0.0
delayed_backdoor,candidate,2,0.2569,0.1376666666666667,0.0
delayed_backdoor,candidate,3,0.3013,0.13588888888888895,0.0
delayed_backdoor,candidate,4,0.3464,0.1505555555555555,0.0
delayed_backdoor,candidate,5,0.3622,0.1206666666666667,0.0
delayed_backdoor,candidate,6,0.3852999999999999,0.117,0.0
delayed_backdoor,candidate,7,0.4002,0.09188888888888891,0.0
delayed_backdoor,candidate,8,0.4022,0.1135555555555555,0.0
delayed_backdoor,candidate,9,0.4125,0.11233333333333333,0.15789473684210525
delayed_backdoor,candidate,10,0.42,0.13588888888888895,0.21052631578947367
delayed_backdoor,candidate,11,0.369,0.32066666666666654,0.21052631578947367
delayed_backdoor,candidate,12,0.4030000000000001,0.21111111111111103,0.15789473684210525
delayed_backdoor,candidate,13,0.4112,0.2255555555555555,0.15789473684210525
delayed_backdoor,candidate,14,0.4457,0.1675555555555555,0.10526315789473684
delayed_backdoor,candidate,15,0.4372,0.21711111111111103,0.10526315789473684
delayed_backdoor,candidate,16,0.4648,0.1515555555555555,0.10526315789473684
delayed_backdoor,candidate,17,0.4336,0.228,0.10526315789473684
delayed_backdoor,candidate,18,0.4616,0.191,0.10526315789473684
delayed_backdoor,candidate,19,0.4878,0.14288888888888895,0.05263157894736842
delayed_backdoor,candidate,20,0.5016,0.1274444444444445,0.0
delayed_backdoor,candidate,21,0.5175,0.07144444444444448,0.0
delayed_backdoor,candidate,22,0.4936,0.16777777777777778,0.05263157894736842
delayed_backdoor,candidate,23,0.4973,0.1605555555555555,0.10526315789473684
delayed_backdoor,candidate,24,0.5105,0.13422222222222224,0.10526315789473684
delayed_backdoor,candidate,25,0.509,0.16722222222222222,0.15789473684210525
delayed_backdoor,candidate,26,0.5266,0.12822222222222224,0.10526315789473684
delayed_backdoor,candidate,27,0.5181,0.1524444444444445,0.10526315789473684
delayed_backdoor,candidate,28,0.5387,0.12211111111111106,0.05263157894736842
delayed_backdoor,candidate,29,0.5333,0.13522222222222224,0.05263157894736842
delayed_backdoor,candidate,30,0.549,0.11077777777777775,0.05263157894736842
none,baseline,1,0.1853,0.1186666666666667,0.0
none,baseline,2,0.2524,0.1485555555555555,0.0
none,baseline,3,0.2975,0.1283333333333333,0.0
none,baseline,4,0.3374,0.14522222222222225,0.0
none,baseline,5,0.3584,0.11744444444444449,0.0
none,baseline,6,0.3815,0.12522222222222223,0.0
none,baseline,7,0.3993,0.10133333333333332,0.0
none,baseline,8,0.4002,0.13611111111111107,0.0
none,baseline,9,0.4171,0.118,0.15
none,baseline,10,0.419,0.1484444444444445,0.15
none,baseline,11,0.4285,0.1576666666666667,0.15
none,baseline,12,0.4363,0.141,0.15
none,baseline,13,0.4543,0.1323333333333333,0.15
none,baseline,14,0.4634,0.12611111111111106,0.15
none,baseline,15,0.4715,0.1406666666666667,0.15
none,baseline,16,0.4863,0.10788888888888892,0.15
none,baseline,17,0.4734,0.146,0.1
none,baseline,18,0.492,0.1173333333333333,0.1
none,baseline,19,0.5074,0.10611111111111107,0.1
none,baseline,20,0.5219,0.08699999999999998,0.1
none,baseline,21,0.521,0.09777777777777776,0.1
none,baseline,22,0.5243,0.09833333333333331,0.1
none,baseline,23,0.5365,0.08766666666666666,0.1
none,baseline,24,0.5394,0.08355555555555551,0.1
none,baseline,25,0.5403,0.08744444444444449,0.1
none,baseline,26,0.5496,0.07222222222222224,0.1
none,baseline,27,0.5493,0.08377777777777776,0.1
none,baseline,28,0.5577,0.08666666666666666,0.1
none,baseline,29,0.5591,0.09344444444444448,0.1
none,baseline,30,0.5682,0.07977777777777775,0.1
none,candidate,1,0.1839,0.1274444444444445,0.0
none,candidate,2,0.2577,0.132,0.0
none,candidate,3,0.2964,0.13211111111111107,0.0
none,candidate,4,0.3467,0.14222222222222225,0.0
none,candidate,5,0.3605,0.11511111111111108,0.0
none,candidate,6,0.3816,0.11333333333333333,0.0
none,candidate,7,0.4036,0.09011111111111111,0.0
none,candidate,8,0.4053,0.10666666666666667,0.0
none,candidate,9,0.4178,0.10433333333333332,0.15
none,candidate,10,0.4247,0.11277777777777775,0.1
none,candidate,11,0.4386,0.11566666666666668,0.15
none,candidate,12,0.4395,0.09922222222222224,0.15
none,candidate,13,0.4562,0.10477777777777776,0.15
none,candidate,14,0.4655,0.08511111111111111,0.1
none,candidate,15,0.4734,0.10688888888888892,0.1
none,candidate,16,0.4843,0.077,0.1
none,candidate,17,0.4697,0.13022222222222224,0.1
none,candidate,18,0.4939,0.09933333333333332,0.1
none,candidate,19,0.5063,0.094,0.1
none,candidate,20,0.5162,0.07522222222222225,0.1
none,candidate,21,0.5182,0.08788888888888889,0.1
none,candidate,22,0.5224,0.10033333333333332,0.15
none,candidate,23,0.5355,0.09411111111111109,0.15
none,candidate,24,0.538,0.06711111111111112,0.1
none,candidate,25,0.5375,0.07766666666666665,0.1
none,candidate,26,0.5522,0.06788888888888887,0.1
none,candidate,27,0.5543,0.07955555555555552,0.1
none,candidate,28,0.5639,0.07188888888888888,0.1
none,candidate,29,0.5659,0.08188888888888887,0.1
none,candidate,30,0.5719,0.06922222222222225,0.1
