round,client_id,previous_displayed_state,current_displayed_state,instant_risk,logged_risk_ema,logged_history,soft_streak,hard_streak,blacklist_interception_reason,selected_arrays,actual_applied_norm,state_source_line,history_source_line,interception_source_line
1,0,,NORMAL,,0.363,0.496,0,0,,122,,171,205,
1,1,,NORMAL,,0.363,0.547,0,0,,122,,172,214,
1,2,,NORMAL,,0.363,0.556,0,0,,122,,173,217,
1,3,,NORMAL,,0.363,0.536,0,0,,122,,174,220,
1,4,,,,,0.563,,,,122,,,211,
1,5,,NORMAL,,0.333,0.553,0,0,,122,,175,215,
1,6,,,,,0.544,,,,122,,,209,
1,7,,,,,0.540,,,,122,,,207,
1,8,,,,,0.554,,,,122,,,206,
1,9,,,,,0.550,,,,122,,,212,
1,10,,,,,0.558,,,,122,,,221,
1,11,,NORMAL,,0.317,0.549,0,0,,122,,176,216,
1,12,,,,,0.553,,,,122,,,210,
1,13,,,,,0.541,,,,122,,,223,
1,14,,,,,0.552,,,,122,,,208,
1,15,,,,,0.557,,,,122,,,219,
1,16,,,,,0.554,,,,122,,,222,
1,17,,NORMAL,,0.311,0.540,0,0,,122,,177,218,
1,18,,NORMAL,,0.31,0.515,0,0,,122,,178,204,
1,19,,,,,0.542,,,,122,,,213,
2,0,NORMAL,NORMAL,,0.458,0.479,0,0,,122,,354,402,
2,1,NORMAL,NORMAL,,0.458,0.568,0,0,,122,,355,393,
2,2,NORMAL,NORMAL,,0.458,0.589,0,0,,122,,357,401,
2,3,NORMAL,NORMAL,,0.458,0.563,0,0,,122,,356,388,
2,4,,NORMAL,,0.372,0.593,0,0,,122,,360,395,
2,5,NORMAL,,,,0.590,,,,122,,,398,
2,6,,,,,0.581,,,,122,,,391,
2,7,,,,,0.578,,,,122,,,400,
2,8,,,,,0.588,,,,122,,,397,
2,9,,,,,0.586,,,,122,,,404,
2,10,,,,,0.587,,,,122,,,403,
2,11,NORMAL,,,,0.585,,,,122,,,389,
2,12,,,,,0.591,,,,122,,,387,
2,13,,NORMAL,,0.368,0.574,0,0,,122,,361,396,
2,14,,,,,0.581,,,,122,,,406,
2,15,,,,,0.583,,,,122,,,405,
2,16,,,,,0.587,,,,122,,,394,
2,17,NORMAL,NORMAL,,0.377,0.579,0,0,,122,,359,390,
2,18,NORMAL,,,,0.549,,,,122,,,392,
2,19,,NORMAL,,0.387,0.576,0,0,,122,,358,399,
3,0,NORMAL,SUSPECT,,0.539,0.464,0,0,,122,,537,585,
3,1,NORMAL,NORMAL,,0.539,0.583,0,0,,122,,538,573,
3,2,NORMAL,NORMAL,,0.539,0.610,0,0,,122,,539,580,
3,3,NORMAL,NORMAL,,0.539,0.575,0,0,,122,,540,588,
3,4,NORMAL,,,,0.609,,,,122,,,570,
3,5,,,,,0.604,,,,122,,,578,
3,6,,,,,0.598,,,,122,,,589,
3,7,,,,,0.598,,,,122,,,575,
3,8,,,,,0.609,,,,122,,,574,
3,9,,,,,0.602,,,,122,,,583,
3,10,,,,,0.601,,,,122,,,584,
3,11,,,,,0.602,,,,122,,,576,
3,12,,,,,0.600,,,,122,,,587,
3,13,NORMAL,NORMAL,,0.461,0.597,0,0,,122,,541,579,
3,14,,,,,0.587,,,,122,,,572,
3,15,,,,,0.597,,,,122,,,571,
3,16,,,,,0.594,,,,122,,,582,
3,17,NORMAL,NORMAL,,0.41,0.597,0,0,,122,,543,586,
3,18,,NORMAL,,0.405,0.585,0,0,,122,,544,577,
3,19,NORMAL,NORMAL,,0.426,0.599,0,0,,122,,542,581,
4,0,SUSPECT,SUSPECT,,1.0,0.452,1,1,,122,,720,760,
4,1,NORMAL,SUSPECT,,1.0,0.588,1,1,,122,,721,768,
4,2,NORMAL,NORMAL,,0.534,0.623,0,0,,122,,723,755,
4,3,NORMAL,SUSPECT,,0.608,0.582,0,0,,122,,722,757,
4,4,,,,,0.613,,,,122,,,772,
4,5,,,,,0.616,,,,122,,,771,
4,6,,,,,0.601,,,,122,,,759,
4,7,,NORMAL,,0.44,0.616,0,0,,122,,727,765,
4,8,,,,,0.624,,,,122,,,762,
4,9,,,,,0.622,,,,122,,,767,
4,10,,,,,0.600,,,,122,,,770,
4,11,,,,,0.619,,,,122,,,754,
4,12,,,,,0.595,,,,122,,,769,
4,13,NORMAL,NORMAL,,0.466,0.625,0,0,,122,,725,753,
4,14,,,,,0.588,,,,122,,,763,
4,15,,,,,0.601,,,,122,,,761,
4,16,,,,,0.593,,,,122,,,766,
4,17,NORMAL,,,,0.607,,,,122,,,758,
4,18,NORMAL,NORMAL,,0.494,0.612,0,0,,122,,724,756,
4,19,NORMAL,NORMAL,,0.441,0.611,0,0,,122,,726,764,
5,0,SUSPECT,SUSPECT,,1.0,0.444,2,2,,0,,904,943,
5,1,SUSPECT,SUSPECT,,1.0,0.584,2,2,,0,,905,952,
5,2,NORMAL,NORMAL,,0.531,0.630,0,0,,122,,907,951,
5,3,SUSPECT,SUSPECT,,0.667,0.587,1,0,,122,,906,937,
5,4,,,,,0.605,,,,122,,,955,
5,5,,,,,0.627,,,,122,,,950,
5,6,,,,,0.607,,,,122,,,938,
5,7,NORMAL,NORMAL,,0.448,0.637,0,0,,122,,910,944,
5,8,,,,,0.620,,,,122,,,947,
5,9,,,,,0.633,,,,122,,,948,
5,10,,,,,0.591,,,,122,,,939,
5,11,,,,,0.616,,,,122,,,945,
5,12,,,,,0.615,,,,122,,,949,
5,13,NORMAL,NORMAL,,0.466,0.649,0,0,,122,,909,956,
5,14,,,,,0.593,,,,122,,,940,
5,15,,,,,0.587,,,,122,,,954,
5,16,,,,,0.586,,,,122,,,953,
5,17,,,,,0.607,,,,122,,,942,
5,18,NORMAL,NORMAL,,0.485,0.639,0,0,,122,,908,946,
5,19,NORMAL,NORMAL,,0.446,0.625,0,0,,122,,911,941,
6,0,SUSPECT,SUSPECT,,1.0,0.446,3,3,,0,,1088,1133,
6,1,SUSPECT,SUSPECT,,1.0,0.601,3,3,,0,,1090,1130,
6,2,NORMAL,NORMAL,,0.519,0.614,0,0,,122,,1092,1128,
6,3,SUSPECT,SUSPECT,,1.0,0.597,2,0,,122,,1089,1136,
6,4,,NORMAL,,0.517,0.597,0,0,,122,,1093,1137,
6,5,,,,,0.630,,,,122,,,1132,
6,6,,NORMAL,,0.502,0.590,0,0,,122,,1094,1134,
6,7,NORMAL,,,,0.645,,,,122,,,1121,
6,8,,,,,0.627,,,,122,,,1131,
6,9,,,,,0.640,,,,122,,,1126,
6,10,,NORMAL,,0.48,0.601,0,0,,122,,1095,1140,
6,11,,,,,0.619,,,,122,,,1125,
6,12,,,,,0.598,,,,122,,,1129,
6,13,NORMAL,NORMAL,,0.546,0.669,0,0,,122,,1091,1123,
6,14,,,,,0.610,,,,122,,,1138,
6,15,,,,,0.559,,,,122,,,1124,
6,16,,,,,0.561,,,,122,,,1139,
6,17,,,,,0.632,,,,122,,,1122,
6,18,NORMAL,,,,0.652,,,,122,,,1127,
6,19,NORMAL,,,,0.637,,,,122,,,1135,
7,0,SUSPECT,SUSPECT,,1.0,0.000,0,4,,0,,1273,1312,
7,1,SUSPECT,SUSPECT,,1.0,0.000,0,4,,0,,1272,1311,
7,2,NORMAL,SUSPECT,,0.592,0.624,0,0,,122,,1275,1318,
7,3,SUSPECT,SUSPECT,,1.0,0.602,3,0,,0,,1274,1314,
7,4,NORMAL,NORMAL,,0.549,0.585,0,0,,122,,1277,1323,
7,5,,,,,0.618,,,,122,,,1307,
7,6,NORMAL,NORMAL,,0.524,0.583,0,0,,122,,1279,1322,
7,7,,,,,0.656,,,,122,,,1317,
7,8,,,,,0.632,,,,122,,,1313,
7,9,,,,,0.660,,,,122,,,1315,
7,10,NORMAL,,,,0.593,,,,122,,,1309,
7,11,,NORMAL,,0.542,0.597,0,0,,122,,1278,1321,
7,12,,,,,0.596,,,,122,,,1306,
7,13,NORMAL,NORMAL,,0.574,0.684,0,0,,122,,1276,1319,
7,14,,,,,0.583,,,,122,,,1305,
7,15,,,,,0.546,,,,122,,,1316,
7,16,,,,,0.547,,,,122,,,1310,
7,17,,,,,0.636,,,,122,,,1324,
7,18,,,,,0.670,,,,122,,,1320,
7,19,,,,,0.631,,,,122,,,1308,
8,0,SUSPECT,,,,,,,risk_ema_above_0.90_for_4_rounds,,,,,1363
8,1,SUSPECT,,,,,,,risk_ema_above_0.90_for_4_rounds,,,,,1364
8,2,SUSPECT,SUSPECT,,0.608,0.630,0,0,,122,,1449,1491,
8,3,SUSPECT,SUSPECT,,1.0,0.618,4,0,,0,,1447,1487,
8,4,NORMAL,NORMAL,,0.537,0.584,0,0,,122,,1452,1481,
8,5,,NORMAL,,0.524,0.617,0,0,,122,,1453,1484,
8,6,NORMAL,SUSPECT,,0.595,0.576,0,0,,122,,1450,1478,
8,7,,,,,0.656,,,,122,,,1492,
8,8,,,,,0.657,,,,122,,,1486,
8,9,,,,,0.668,,,,122,,,1490,
8,10,,,,,0.571,,,,122,,,1479,
8,11,NORMAL,NORMAL,,0.547,0.576,0,0,,122,,1451,1495,
8,12,,,,,0.581,,,,122,,,1482,
8,13,NORMAL,SUSPECT,,0.632,0.677,0,0,,122,,1448,1489,
8,14,,,,,0.596,,,,122,,,1483,
8,15,,,,,0.538,,,,122,,,1494,
8,16,,,,,0.527,,,,122,,,1488,
8,17,,,,,0.626,,,,122,,,1480,
8,18,,,,,0.675,,,,122,,,1493,
8,19,,NORMAL,,0.494,0.650,0,0,,122,,1454,1485,
9,0,,,,,,,,risk_ema_above_0.90_for_4_rounds,,,,,1535
9,1,,,,,,,,risk_ema_above_0.90_for_4_rounds,,,,,1534
9,2,SUSPECT,SUSPECT,,0.643,0.631,1,0,,122,,1621,1659,
9,3,SUSPECT,QUARANTINE,,1.0,0.647,5,0,,0,,1618,1664,
9,4,NORMAL,SUSPECT,,0.607,0.568,0,0,,122,,1623,1651,
9,5,NORMAL,,,,0.620,,,,122,,,1652,
9,6,SUSPECT,SUSPECT,,1.0,0.575,1,0,,122,,1619,1660,
9,7,,,,,0.661,,,,122,,,1665,
9,8,,,,,0.658,,,,122,,,1661,
9,9,,,,,0.682,,,,122,,,1650,
9,10,,,,,0.543,,,,122,,,1656,
9,11,NORMAL,SUSPECT,,0.615,0.580,0,0,,122,,1622,1658,
9,12,,,,,0.569,,,,122,,,1654,
9,13,SUSPECT,SUSPECT,,0.66,0.666,0,0,,122,,1620,1666,
9,14,,NORMAL,,0.553,0.608,0,0,,122,,1625,1653,
9,15,,,,,0.531,,,,122,,,1663,
9,16,,,,,0.518,,,,122,,,1667,
9,17,,NORMAL,,0.557,0.627,0,0,,122,,1624,1655,
9,18,,,,,0.661,,,,122,,,1662,
9,19,NORMAL,,,,0.654,,,,122,,,1657,
10,0,,,,,,,,risk_ema_above_0.90_for_4_rounds,,,,,1706
10,1,,,,,,,,risk_ema_above_0.90_for_4_rounds,,,,,1707
10,2,SUSPECT,SUSPECT,,0.663,0.648,2,0,,122,,1795,1831,
10,3,QUARANTINE,QUARANTINE,,1.0,0.663,6,0,,0,,1792,1838,
10,4,SUSPECT,NORMAL,,0.587,0.567,0,0,,122,,1798,1835,
10,5,,,,,0.621,,,,122,,,1841,
10,6,SUSPECT,SUSPECT,,0.928,0.590,0,0,,0,,1793,1829,
10,7,,,,,0.653,,,,122,,,1828,
10,8,,,,,0.663,,,,122,,,1833,
10,9,,,,,0.662,,,,122,,,1839,
10,10,,,,,0.536,,,,122,,,1826,
10,11,SUSPECT,SUSPECT,,0.615,0.573,0,0,,122,,1796,1836,
10,12,,,,,0.576,,,,122,,,1827,
10,13,SUSPECT,SUSPECT,,0.711,0.683,0,0,,122,,1794,1825,
10,14,NORMAL,,,,0.594,,,,122,,,1824,
10,15,,,,,0.513,,,,122,,,1830,
10,16,,,,,0.503,,,,122,,,1832,
10,17,NORMAL,NORMAL,,0.563,0.627,0,0,,122,,1799,1840,
10,18,,,,,0.658,,,,122,,,1834,
10,19,,SUSPECT,,0.593,0.658,0,0,,122,,1797,1837,
11,0,,,,,,,,risk_ema_above_0.90_for_4_rounds,,,,,1882
11,1,,,,,,,,risk_ema_above_0.90_for_4_rounds,,,,,1880
11,2,SUSPECT,SUSPECT,,0.661,0.654,3,0,,122,,1969,2001,
11,3,QUARANTINE,QUARANTINE,,1.0,0.664,7,0,,0,,1966,2009,
11,4,NORMAL,SUSPECT,,0.613,0.557,0,0,,122,,1970,2010,
11,5,,,,,0.620,,,,122,,,2007,
11,6,SUSPECT,SUSPECT,,0.939,0.572,0,0,,0,,1967,2013,
11,7,,,,,0.650,,,,122,,,2005,
11,8,,,,,0.638,,,,122,,,2002,
11,9,,,,,0.660,,,,122,,,2014,
11,10,,,,,0.523,,,,122,,,2012,
11,11,SUSPECT,NORMAL,,0.587,0.593,0,0,,122,,1971,2008,
11,12,,,,,0.555,,,,122,,,1998,
11,13,SUSPECT,SUSPECT,,0.754,0.700,0,0,,121,,1968,2006,
11,14,,,,,0.608,,,,122,,,2000,
11,15,,,,,0.504,,,,122,,,1999,
11,16,,,,,0.508,,,,122,,,2015,
11,17,NORMAL,NORMAL,,0.563,0.644,0,0,,122,,1973,2011,
11,18,,,,,0.663,,,,122,,,2004,
11,19,SUSPECT,NORMAL,,0.571,0.649,0,0,,122,,1972,2003,
12,0,,,,,,,,risk_ema_above_0.90_for_4_rounds,,,,,2054
12,1,,,,,,,,risk_ema_above_0.90_for_4_rounds,,,,,2055
12,2,SUSPECT,QUARANTINE,,0.63,0.672,2,0,,0,,2143,2175,
12,3,QUARANTINE,QUARANTINE,,1.0,0.657,8,0,,0,,2140,2186,
12,4,SUSPECT,SUSPECT,,0.616,0.569,0,0,,122,,2144,2183,
12,5,,NORMAL,,0.56,0.633,0,0,,122,,2147,2182,
12,6,SUSPECT,SUSPECT,,0.866,0.596,0,0,,0,,2141,2178,
12,7,,,,,0.636,,,,122,,,2181,
12,8,,,,,0.627,,,,122,,,2177,
12,9,,,,,0.652,,,,122,,,2189,
12,10,,,,,0.539,,,,122,,,2172,
12,11,NORMAL,NORMAL,,0.58,0.592,0,0,,122,,2145,2179,
12,12,,,,,0.542,,,,122,,,2187,
12,13,SUSPECT,SUSPECT,,0.711,0.701,1,0,,110,,2142,2176,
12,14,,,,,0.605,,,,122,,,2173,
12,15,,,,,0.486,,,,122,,,2188,
12,16,,,,,0.508,,,,122,,,2174,
12,17,NORMAL,,,,0.635,,,,122,,,2180,
12,18,,,,,0.636,,,,122,,,2184,
12,19,NORMAL,NORMAL,,0.563,0.663,0,0,,122,,2146,2185,
13,0,,,,,,,,risk_ema_above_0.90_for_4_rounds,,,,,2229
13,1,,,,,,,,risk_ema_above_0.90_for_4_rounds,,,,,2228
13,2,QUARANTINE,QUARANTINE,,0.663,0.695,3,0,,0,,2318,2350,
13,3,QUARANTINE,QUARANTINE,,1.0,0.665,9,0,,0,,2315,2351,
13,4,SUSPECT,SUSPECT,,0.593,0.565,0,0,,122,,2320,2359,
13,5,NORMAL,SUSPECT,,0.614,0.615,0,0,,122,,2319,2348,
13,6,SUSPECT,SUSPECT,,0.886,0.592,1,0,,0,,2316,2364,
13,7,,,,,0.620,,,,122,,,2363,
13,8,,,,,0.618,,,,122,,,2358,
13,9,,,,,0.624,,,,122,,,2357,
13,10,,,,,0.544,,,,122,,,2347,
13,11,NORMAL,,,,0.581,,,,122,,,2355,
13,12,,,,,0.545,,,,122,,,2360,
13,13,SUSPECT,SUSPECT,,0.754,0.699,2,0,,121,,2317,2349,
13,14,,SUSPECT,,0.59,0.611,0,0,,122,,2321,2362,
13,15,,NORMAL,,0.584,0.496,0,0,,122,,2322,2354,
13,16,,,,,0.496,,,,122,,,2352,
13,17,,,,,0.642,,,,122,,,2356,
13,18,,,,,0.642,,,,122,,,2353,
13,19,NORMAL,,,,0.674,,,,122,,,2361,
14,0,,,,,,,,risk_ema_above_0.90_for_4_rounds,,,,,2404
14,1,,,,,,,,risk_ema_above_0.90_for_4_rounds,,,,,2403
14,2,QUARANTINE,QUARANTINE,,0.679,0.690,4,0,,0,,2493,2530,
14,3,QUARANTINE,QUARANTINE,,1.0,0.678,10,0,,0,,2490,2531,
14,4,SUSPECT,NORMAL,,0.583,0.587,0,0,,122,,2495,2526,
14,5,SUSPECT,NORMAL,,0.59,0.606,0,0,,122,,2494,2527,
14,6,SUSPECT,SUSPECT,,0.845,0.584,0,0,,0,,2491,2534,
14,7,,,,,0.616,,,,122,,,2536,
14,8,,,,,0.598,,,,122,,,2523,
14,9,,,,,0.610,,,,122,,,2537,
14,10,,,,,0.544,,,,122,,,2528,
14,11,,,,,0.579,,,,122,,,2522,
14,12,,,,,0.543,,,,122,,,2532,
14,13,SUSPECT,SUSPECT,,0.717,0.695,3,0,,109,,2492,2525,
14,14,SUSPECT,NORMAL,,0.582,0.612,0,0,,122,,2496,2529,
14,15,NORMAL,,,,0.486,,,,122,,,2538,
14,16,,,,,0.490,,,,122,,,2524,
14,17,,NORMAL,,0.569,0.658,0,0,,122,,2497,2535,
14,18,,,,,0.638,,,,122,,,2533,
14,19,,,,,0.692,,,,122,,,2539,
15,0,,,,,,,,risk_ema_above_0.90_for_4_rounds,,,,,2578
15,1,,,,,,,,risk_ema_above_0.90_for_4_rounds,,,,,2579
15,2,QUARANTINE,QUARANTINE,,0.659,0.702,5,0,,0,,2668,2700,
15,3,QUARANTINE,SUSPECT,,1.0,0.000,0,4,,0,,2665,2699,
15,4,NORMAL,,,,0.586,,,,122,,,2704,
15,5,NORMAL,NORMAL,,0.579,0.600,0,0,,122,,2670,2712,
15,6,SUSPECT,SUSPECT,,0.868,0.592,1,0,,0,,2666,2710,
15,7,,,,,0.623,,,,122,,,2697,
15,8,,,,,0.604,,,,122,,,2713,
15,9,,,,,0.601,,,,122,,,2702,
15,10,,,,,0.541,,,,122,,,2709,
15,11,,,,,0.572,,,,122,,,2705,
15,12,,NORMAL,,0.568,0.572,0,0,,122,,2672,2714,
15,13,SUSPECT,SUSPECT,,0.76,0.703,4,0,,120,,2667,2706,
15,14,NORMAL,,,,0.595,,,,122,,,2711,
15,15,,SUSPECT,,0.618,0.475,0,0,,122,,2669,2707,
15,16,,,,,0.481,,,,122,,,2708,
15,17,NORMAL,,,,0.669,,,,122,,,2698,
15,18,,NORMAL,,0.578,0.632,0,0,,122,,2671,2701,
15,19,,,,,0.685,,,,122,,,2703,
16,0,,,,,,,,risk_ema_above_0.90_for_4_rounds,,,,,2753
16,1,,,,,,,,risk_ema_above_0.90_for_4_rounds,,,,,2755
16,2,QUARANTINE,QUARANTINE,,0.635,0.712,4,0,,0,,2838,2873,
16,3,SUSPECT,,,,,,,risk_soft_isolation_for_8_rounds,,,,,2752
16,4,,,,,0.571,,,,122,,,2879,
16,5,NORMAL,SUSPECT,,0.642,0.616,0,0,,122,,2837,2870,
16,6,SUSPECT,SUSPECT,,0.834,0.621,0,0,,0,,2835,2871,
16,7,,,,,0.626,,,,122,,,2878,
16,8,,,,,0.595,,,,122,,,2882,
16,9,,,,,0.611,,,,122,,,2869,
16,10,,,,,0.540,,,,122,,,2881,
16,11,,,,,0.560,,,,122,,,2867,
16,12,NORMAL,,,,0.580,,,,122,,,2874,
16,13,SUSPECT,SUSPECT,,0.719,0.690,3,0,,107,,2836,2866,
16,14,,SUSPECT,,0.623,0.585,0,0,,122,,2839,2880,
16,15,SUSPECT,NORMAL,,0.588,0.467,0,0,,122,,2841,2876,
16,16,,,,,0.497,,,,122,,,2868,
16,17,,NORMAL,,0.589,0.667,0,0,,122,,2840,2875,
16,18,NORMAL,NORMAL,,0.576,0.607,0,0,,122,,2842,2877,
16,19,,,,,0.691,,,,122,,,2872,
17,0,,,,,,,,risk_ema_above_0.90_for_4_rounds,,,,,2920
17,1,,,,,,,,risk_ema_above_0.90_for_4_rounds,,,,,2921
17,2,QUARANTINE,QUARANTINE,,0.635,0.724,3,0,,0,,3006,3046,
17,3,,,,,,,,risk_soft_isolation_for_8_rounds,,,,,2922
17,4,,,,,0.586,,,,122,,,3039,
17,5,SUSPECT,SUSPECT,,0.643,0.633,0,0,,122,,3005,3040,
17,6,SUSPECT,SUSPECT,,0.826,0.625,0,0,,1,,3003,3050,
17,7,,,,,0.630,,,,122,,,3043,
17,8,,,,,0.592,,,,122,,,3045,
17,9,,,,,0.609,,,,122,,,3044,
17,10,,,,,0.530,,,,122,,,3048,
17,11,,,,,0.583,,,,122,,,3047,
17,12,,,,,0.555,,,,122,,,3036,
17,13,SUSPECT,SUSPECT,,0.688,0.661,2,0,,120,,3004,3037,
17,14,SUSPECT,SUSPECT,,0.595,0.582,0,0,,122,,3008,3034,
17,15,NORMAL,SUSPECT,,0.597,0.479,0,0,,122,,3007,3038,
17,16,,,,,0.489,,,,122,,,3049,
17,17,NORMAL,NORMAL,,0.568,0.671,0,0,,122,,3010,3041,
17,18,NORMAL,,,,0.602,,,,122,,,3035,
17,19,,NORMAL,,0.575,0.686,0,0,,122,,3009,3042,
18,0,,,,,,,,risk_ema_above_0.90_for_4_rounds,,,,,3091
18,1,,,,,,,,risk_ema_above_0.90_for_4_rounds,,,,,3088
18,2,QUARANTINE,QUARANTINE,,0.605,0.731,2,0,,0,,3174,3211,
18,3,,,,,,,,risk_soft_isolation_for_8_rounds,,,,,3090
18,4,,,,,0.582,,,,122,,,3209,
18,5,SUSPECT,SUSPECT,,0.665,0.642,0,0,,122,,3173,3205,
18,6,SUSPECT,SUSPECT,,0.852,0.650,0,0,,2,,3171,3206,
18,7,,,,,0.607,,,,122,,,3203,
18,8,,,,,0.596,,,,122,,,3215,
18,9,,,,,0.588,,,,122,,,3216,
18,10,,,,,0.538,,,,122,,,3214,
18,11,,,,,0.600,,,,122,,,3207,
18,12,,,,,0.547,,,,122,,,3218,
18,13,SUSPECT,SUSPECT,,0.735,0.646,1,0,,122,,3172,3213,
18,14,SUSPECT,NORMAL,,0.583,0.592,0,0,,122,,3176,3202,
18,15,SUSPECT,NORMAL,,0.585,0.466,0,0,,122,,3175,3217,
18,16,,,,,0.505,,,,122,,,3204,
18,17,NORMAL,,,,0.671,,,,122,,,3208,
18,18,,NORMAL,,0.578,0.604,0,0,,122,,3177,3212,
18,19,NORMAL,NORMAL,,0.55,0.675,0,0,,122,,3178,3210,
19,0,,,,,,,,risk_ema_above_0.90_for_4_rounds,,,,,3258
19,1,,,,,,,,risk_ema_above_0.90_for_4_rounds,,,,,3259
19,2,QUARANTINE,QUARANTINE,,0.664,0.711,3,0,,0,,3341,3376,
19,3,,,,,,,,risk_soft_isolation_for_8_rounds,,,,,3257
19,4,,,,,0.576,,,,122,,,3375,
19,5,SUSPECT,SUSPECT,,0.633,0.624,0,0,,122,,3342,3370,
19,6,SUSPECT,SUSPECT,,0.841,0.649,0,0,,0,,3339,3381,
19,7,,,,,0.601,,,,122,,,3386,
19,8,,,,,0.583,,,,122,,,3374,
19,9,,NORMAL,,0.549,0.588,0,0,,122,,3346,3385,
19,10,,,,,0.520,,,,122,,,3378,
19,11,,,,,0.623,,,,122,,,3371,
19,12,,,,,0.534,,,,122,,,3377,
19,13,SUSPECT,SUSPECT,,0.762,0.660,0,0,,116,,3340,3380,
19,14,NORMAL,NORMAL,,0.58,0.615,0,0,,122,,3343,3379,
19,15,NORMAL,NORMAL,,0.565,0.466,0,0,,122,,3344,3384,
19,16,,,,,0.523,,,,122,,,3383,
19,17,,,,,0.681,,,,122,,,3382,
19,18,NORMAL,NORMAL,,0.558,0.606,0,0,,122,,3345,3373,
19,19,NORMAL,,,,0.684,,,,122,,,3372,
20,0,,,,,,,,risk_ema_above_0.90_for_4_rounds,,,,,3427
20,1,,,,,,,,risk_ema_above_0.90_for_4_rounds,,,,,3426
20,2,QUARANTINE,QUARANTINE,,0.715,0.712,4,0,,0,,3509,3539,
20,3,,,,,,,,risk_soft_isolation_for_8_rounds,,,,,3425
20,4,,,,,0.574,,,,122,,,3548,
20,5,SUSPECT,SUSPECT,,0.608,0.619,0,0,,122,,3510,3545,
20,6,SUSPECT,SUSPECT,,0.865,0.647,1,0,,0,,3507,3544,
20,7,,,,,0.589,,,,122,,,3546,
20,8,,,,,0.585,,,,122,,,3542,
20,9,NORMAL,NORMAL,,0.53,0.590,0,0,,122,,3514,3549,
20,10,,,,,0.533,,,,122,,,3540,
20,11,,,,,0.610,,,,122,,,3550,
20,12,,,,,0.558,,,,122,,,3552,
20,13,SUSPECT,SUSPECT,,0.723,0.678,0,0,,99,,3508,3541,
20,14,NORMAL,NORMAL,,0.549,0.582,0,0,,122,,3511,3538,
20,15,NORMAL,NORMAL,,0.548,0.494,0,0,,122,,3512,3543,
20,16,,,,,0.507,,,,122,,,3551,
20,17,,,,,0.697,,,,122,,,3554,
20,18,NORMAL,NORMAL,,0.544,0.601,0,0,,122,,3513,3547,
20,19,,,,,0.667,,,,122,,,3553,
21,0,,,,,,,,risk_ema_above_0.90_for_4_rounds,,,,,3594
21,1,,,,,,,,risk_ema_above_0.90_for_4_rounds,,,,,3595
21,2,QUARANTINE,QUARANTINE,,0.746,0.709,5,0,,0,,3677,3714,
21,3,,,,,,,,risk_soft_isolation_for_8_rounds,,,,,3592
21,4,,NORMAL,,0.539,0.561,0,0,,122,,3680,3715,
21,5,SUSPECT,SUSPECT,,0.627,0.634,0,0,,122,,3678,3720,
21,6,SUSPECT,SUSPECT,,0.855,0.644,2,0,,0,,3675,3711,
21,7,,,,,0.602,,,,122,,,3719,
21,8,,,,,0.601,,,,122,,,3716,
21,9,NORMAL,,,,0.583,,,,122,,,3721,
21,10,,,,,0.525,,,,122,,,3722,
21,11,,,,,0.610,,,,122,,,3712,
21,12,,,,,0.576,,,,122,,,3708,
21,13,SUSPECT,SUSPECT,,0.751,0.656,0,0,,119,,3676,3717,
21,14,NORMAL,NORMAL,,0.534,0.578,0,0,,122,,3682,3709,
21,15,NORMAL,NORMAL,,0.535,0.496,0,0,,122,,3681,3718,
21,16,,,,,0.490,,,,122,,,3706,
21,17,,,,,0.701,,,,122,,,3707,
21,18,NORMAL,NORMAL,,0.563,0.598,0,0,,122,,3679,3713,
21,19,,,,,0.680,,,,122,,,3710,
22,0,,,,,,,,risk_ema_above_0.90_for_4_rounds,,,,,3760
22,1,,,,,,,,risk_ema_above_0.90_for_4_rounds,,,,,3761
22,2,QUARANTINE,QUARANTINE,,0.784,0.711,6,0,,0,,3844,3880,
22,3,,,,,,,,risk_soft_isolation_for_8_rounds,,,,,3762
22,4,NORMAL,NORMAL,,0.538,0.561,0,0,,122,,3850,3882,
22,5,SUSPECT,SUSPECT,,0.628,0.650,0,0,,122,,3846,3881,
22,6,SUSPECT,SUSPECT,,0.877,0.654,3,0,,0,,3843,3885,
22,7,,,,,0.573,,,,122,,,3890,
22,8,,,,,0.597,,,,122,,,3878,
22,9,,,,,0.587,,,,122,,,3883,
22,10,,NORMAL,,0.543,0.555,0,0,,122,,3849,3889,
22,11,,,,,0.598,,,,122,,,3888,
22,12,,,,,0.585,,,,122,,,3879,
22,13,SUSPECT,SUSPECT,,0.698,0.649,0,0,,107,,3845,3874,
22,14,NORMAL,,,,0.585,,,,122,,,3877,
22,15,NORMAL,,,,0.481,,,,122,,,3875,
22,16,,NORMAL,,0.59,0.495,0,0,,122,,3847,3887,
22,17,,,,,0.698,,,,122,,,3886,
22,18,NORMAL,NORMAL,,0.55,0.596,0,0,,122,,3848,3884,
22,19,,,,,0.684,,,,122,,,3876,
23,0,,,,,,,,risk_ema_above_0.90_for_4_rounds,,,,,3930
23,1,,,,,,,,risk_ema_above_0.90_for_4_rounds,,,,,3931
23,2,QUARANTINE,SUSPECT,,1.0,0.000,0,4,,84,,4011,4047,
23,3,,,,,,,,risk_soft_isolation_for_8_rounds,,,,,3929
23,4,NORMAL,NORMAL,,0.57,0.574,0,0,,122,,4016,4053,
23,5,SUSPECT,SUSPECT,,0.598,0.636,0,0,,122,,4014,4043,
23,6,SUSPECT,SUSPECT,,0.895,0.638,4,0,,0,,4012,4055,
23,7,,,,,0.586,,,,122,,,4048,
23,8,,,,,0.581,,,,122,,,4046,
23,9,,,,,0.581,,,,122,,,4041,
23,10,NORMAL,NORMAL,,0.535,0.581,0,0,,122,,4018,4042,
23,11,,,,,0.613,,,,122,,,4051,
23,12,,,,,0.593,,,,122,,,4056,
23,13,SUSPECT,SUSPECT,,0.671,0.654,0,0,,121,,4013,4049,
23,14,,,,,0.586,,,,122,,,4054,
23,15,,,,,0.493,,,,122,,,4050,
23,16,NORMAL,NORMAL,,0.578,0.478,0,0,,122,,4015,4045,
23,17,,,,,0.691,,,,122,,,4057,
23,18,NORMAL,NORMAL,,0.551,0.586,0,0,,122,,4017,4052,
23,19,,,,,0.679,,,,122,,,4044,
24,0,,,,,,,,risk_ema_above_0.90_for_4_rounds,,,,,4094
24,1,,,,,,,,risk_ema_above_0.90_for_4_rounds,,,,,4097
24,2,SUSPECT,,,,,,,c2_drift_combo_for_5_rounds,,,,,4095
24,3,,,,,,,,risk_soft_isolation_for_8_rounds,,,,,4096
24,4,NORMAL,NORMAL,,0.558,0.569,0,0,,122,,4178,4204,
24,5,SUSPECT,NORMAL,,0.57,0.655,0,0,,122,,4176,4215,
24,6,SUSPECT,SUSPECT,,0.858,0.627,3,0,,0,,4172,4212,
24,7,,,,,0.592,,,,122,,,4209,
24,8,,,,,0.591,,,,122,,,4211,
24,9,,,,,0.560,,,,122,,,4202,
24,10,NORMAL,SUSPECT,,0.605,0.569,0,0,,122,,4175,4214,
24,11,,,,,0.636,,,,122,,,4203,
24,12,,NORMAL,,0.524,0.594,0,0,,122,,4179,4201,
24,13,SUSPECT,SUSPECT,,0.633,0.670,0,0,,122,,4173,4205,
24,14,,,,,0.563,,,,122,,,4213,
24,15,,,,,0.507,,,,122,,,4207,
24,16,NORMAL,NORMAL,,0.57,0.475,0,0,,122,,4177,4210,
24,17,,,,,0.697,,,,122,,,4208,
24,18,NORMAL,SUSPECT,,0.618,0.588,0,0,,122,,4174,4206,
24,19,,,,,0.667,,,,122,,,4216,
25,0,,,,,,,,risk_ema_above_0.90_for_4_rounds,,,,,4256
25,1,,,,,,,,risk_ema_above_0.90_for_4_rounds,,,,,4255
25,2,,,,,,,,c2_drift_combo_for_5_rounds,,,,,4254
25,3,,,,,,,,risk_soft_isolation_for_8_rounds,,,,,4253
25,4,NORMAL,NORMAL,,0.542,0.593,0,0,,122,,4337,4364,
25,5,NORMAL,NORMAL,,0.569,0.650,0,0,,122,,4335,4371,
25,6,SUSPECT,SUSPECT,,0.818,0.633,2,0,,0,,4331,4372,
25,7,,,,,0.580,,,,122,,,4361,
25,8,,,,,0.603,,,,122,,,4373,
25,9,,,,,0.541,,,,122,,,4368,
25,10,SUSPECT,SUSPECT,,0.61,0.570,0,0,,122,,4333,4375,
25,11,,,,,0.605,,,,122,,,4363,
25,12,NORMAL,NORMAL,,0.531,0.579,0,0,,122,,4338,4374,
25,13,SUSPECT,SUSPECT,,0.625,0.691,0,0,,122,,4332,4366,
25,14,,,,,0.561,,,,122,,,4369,
25,15,,,,,0.505,,,,122,,,4365,
25,16,NORMAL,NORMAL,,0.564,0.490,0,0,,122,,4336,4367,
25,17,,,,,0.699,,,,122,,,4360,
25,18,SUSPECT,SUSPECT,,0.608,0.596,0,0,,122,,4334,4370,
25,19,,,,,0.666,,,,122,,,4362,
26,0,,,,,,,,risk_ema_above_0.90_for_4_rounds,,,,,4415
26,1,,,,,,,,risk_ema_above_0.90_for_4_rounds,,,,,4414
26,2,,,,,,,,c2_drift_combo_for_5_rounds,,,,,4413
26,3,,,,,,,,risk_soft_isolation_for_8_rounds,,,,,4412
26,4,NORMAL,,,,0.595,,,,122,,,4519,
26,5,NORMAL,NORMAL,,0.551,0.662,0,0,,122,,4496,4527,
26,6,SUSPECT,SUSPECT,,0.777,0.650,1,0,,9,,4490,4522,
26,7,,,,,0.556,,,,122,,,4523,
26,8,,,,,0.584,,,,122,,,4525,
26,9,,,,,0.541,,,,122,,,4532,
26,10,SUSPECT,SUSPECT,,0.593,0.570,0,0,,122,,4492,4520,
26,11,,NORMAL,,0.571,0.605,0,0,,122,,4495,4529,
26,12,NORMAL,NORMAL,,0.575,0.576,0,0,,122,,4494,4531,
26,13,SUSPECT,SUSPECT,,0.607,0.686,0,0,,122,,4491,4521,
26,14,,,,,0.577,,,,122,,,4534,
26,15,,,,,0.497,,,,122,,,4524,
26,16,NORMAL,NORMAL,,0.547,0.489,0,0,,122,,4497,4533,
26,17,,,,,0.706,,,,122,,,4528,
26,18,SUSPECT,NORMAL,,0.584,0.602,0,0,,122,,4493,4526,
26,19,,,,,0.677,,,,122,,,4530,
27,0,,,,,,,,risk_ema_above_0.90_for_4_rounds,,,,,4574
27,1,,,,,,,,risk_ema_above_0.90_for_4_rounds,,,,,4573
27,2,,,,,,,,c2_drift_combo_for_5_rounds,,,,,4571
27,3,,,,,,,,risk_soft_isolation_for_8_rounds,,,,,4572
27,4,,,,,0.611,,,,122,,,4692,
27,5,NORMAL,NORMAL,,0.54,0.668,0,0,,122,,4656,4686,
27,6,SUSPECT,SUSPECT,,0.811,0.639,2,0,,82,,4649,4681,
27,7,,,,,0.555,,,,122,,,4680,
27,8,,NORMAL,,0.553,0.596,0,0,,122,,4655,4683,
27,9,,,,,0.532,,,,122,,,4679,
27,10,SUSPECT,NORMAL,,0.578,0.576,0,0,,122,,4651,4688,
27,11,NORMAL,NORMAL,,0.562,0.618,0,0,,122,,4653,4691,
27,12,NORMAL,NORMAL,,0.556,0.569,0,0,,122,,4654,4678,
27,13,SUSPECT,NORMAL,,0.577,0.690,0,0,,122,,4652,4690,
27,14,,,,,0.571,,,,122,,,4684,
27,15,,,,,0.480,,,,122,,,4687,
27,16,NORMAL,,,,0.502,,,,122,,,4685,
27,17,,,,,0.711,,,,122,,,4693,
27,18,NORMAL,SUSPECT,,0.646,0.599,1,0,,122,,4650,4689,
27,19,,,,,0.679,,,,122,,,4682,
28,0,,,,,,,,risk_ema_above_0.90_for_4_rounds,,,,,4730
28,1,,,,,,,,risk_ema_above_0.90_for_4_rounds,,,,,4731
28,2,,,,,,,,c2_drift_combo_for_5_rounds,,,,,4732
28,3,,,,,,,,risk_soft_isolation_for_8_rounds,,,,,4733
28,4,,,,,0.629,,,,122,,,4847,
28,5,NORMAL,NORMAL,,0.532,0.653,0,0,,122,,4815,4846,
28,6,SUSPECT,SUSPECT,,0.802,0.612,3,0,,39,,4808,4852,
28,7,,,,,0.545,,,,122,,,4842,
28,8,NORMAL,NORMAL,,0.543,0.608,0,0,,122,,4814,4848,
28,9,,,,,0.533,,,,122,,,4844,
28,10,NORMAL,NORMAL,,0.579,0.592,0,0,,122,,4810,4837,
28,11,NORMAL,NORMAL,,0.546,0.609,0,0,,122,,4813,4841,
28,12,NORMAL,NORMAL,,0.555,0.564,0,0,,122,,4812,4838,
28,13,NORMAL,NORMAL,,0.571,0.661,0,0,,122,,4811,4851,
28,14,,,,,0.605,,,,122,,,4840,
28,15,,,,,0.470,,,,122,,,4849,
28,16,,,,,0.532,,,,122,,,4845,
28,17,,,,,0.715,,,,122,,,4839,
28,18,SUSPECT,SUSPECT,,0.613,0.618,0,0,,122,,4809,4843,
28,19,,,,,0.657,,,,122,,,4850,
29,0,,,,,,,,risk_ema_above_0.90_for_4_rounds,,,,,4890
29,1,,,,,,,,risk_ema_above_0.90_for_4_rounds,,,,,4889
29,2,,,,,,,,c2_drift_combo_for_5_rounds,,,,,4891
29,3,,,,,,,,risk_soft_isolation_for_8_rounds,,,,,4892
29,4,,,,,0.617,,,,122,,,5000,
29,5,NORMAL,NORMAL,,0.542,0.667,0,0,,122,,4972,5009,
29,6,SUSPECT,SUSPECT,,0.761,0.615,2,0,,50,,4967,4998,
29,7,,,,,0.573,,,,122,,,5007,
29,8,NORMAL,NORMAL,,0.539,0.625,0,0,,122,,4973,5008,
29,9,,,,,0.530,,,,122,,,5011,
29,10,NORMAL,NORMAL,,0.559,0.589,0,0,,122,,4971,5003,
29,11,NORMAL,NORMAL,,0.532,0.622,0,0,,122,,4974,5010,
29,12,NORMAL,NORMAL,,0.562,0.554,0,0,,122,,4970,5005,
29,13,NORMAL,NORMAL,,0.578,0.664,0,0,,122,,4969,5006,
29,14,,,,,0.587,,,,122,,,5002,
29,15,,,,,0.468,,,,122,,,4999,
29,16,,,,,0.522,,,,122,,,4997,
29,17,,,,,0.724,,,,122,,,5001,
29,18,SUSPECT,SUSPECT,,0.592,0.615,0,0,,122,,4968,5004,
29,19,,,,,0.628,,,,122,,,4996,
30,0,,,,,,,,risk_ema_above_0.90_for_4_rounds,,,,,5049
30,1,,,,,,,,risk_ema_above_0.90_for_4_rounds,,,,,5050
30,2,,,,,,,,c2_drift_combo_for_5_rounds,,,,,5048
30,3,,,,,,,,risk_soft_isolation_for_8_rounds,,,,,5051
30,4,,,,,0.602,,,,122,,,5158,
30,5,NORMAL,NORMAL,,0.551,0.645,0,0,,122,,5132,5160,
30,6,SUSPECT,SUSPECT,,0.783,0.625,3,0,,89,,5126,5163,
30,7,,,,,0.583,,,,122,,,5157,
30,8,NORMAL,,,,0.617,,,,122,,,5155,
30,9,,,,,0.515,,,,122,,,5165,
30,10,NORMAL,NORMAL,,0.556,0.589,0,0,,122,,5129,5156,
30,11,NORMAL,,,,0.649,,,,122,,,5162,
30,12,NORMAL,NORMAL,,0.546,0.574,0,0,,122,,5133,5170,
30,13,NORMAL,NORMAL,,0.556,0.679,0,0,,122,,5130,5167,
30,14,,NORMAL,,0.553,0.570,0,0,,122,,5131,5168,
30,15,,,,,0.468,,,,122,,,5159,
30,16,,,,,0.534,,,,122,,,5166,
30,17,,NORMAL,,0.577,0.724,0,0,,122,,5127,5161,
30,18,SUSPECT,NORMAL,,0.565,0.604,0,0,,122,,5128,5169,
30,19,,,,,0.621,,,,122,,,5164,
