case,round,client_id,start_state,quality,instant_risk,history_before,risk_before,bad_before,good_before,hard_before,trigger_bad,trigger_good,trigger_hard,end_state,history,risk_ema,bad_after,good_after,hard_after,reason,raw_score,gate_score,eligible,complete_submissions
healthy_startup,1,0,NORMAL,0.8,0.3,0.5,0.0,0,0,0,0,1,0,NORMAL,0.6071428571428572,0.045000000000000005,0,1,0,hold,0.33909366407438385,0.7226716514361649,True,1
healthy_startup,2,0,NORMAL,0.8,0.3,0.6071428571428572,0.045000000000000005,0,1,0,0,2,0,NORMAL,0.6619318181818182,0.08325000000000002,0,2,0,hold,0.36513883326492336,0.6800396273454568,True,2
healthy_startup,3,0,NORMAL,0.8,0.3,0.6619318181818182,0.08325000000000002,0,2,0,0,3,0,NORMAL,0.6950575815738964,0.11576250000000002,0,3,0,hold,0.37963724246837915,0.6492576504976866,True,3
healthy_startup,4,0,NORMAL,0.8,0.3,0.6950575815738964,0.11576250000000002,0,3,0,0,4,0,NORMAL,0.7171451422798452,0.14339812500000002,0,4,0,hold,0.3876608770271606,0.6250891181675932,True,4
healthy_startup,5,0,NORMAL,0.8,0.3,0.7171451422798452,0.14339812500000002,0,4,0,0,5,0,NORMAL,0.7328490091128264,0.16688840625,0,5,0,hold,0.39186655609752896,0.6054439749158026,True,5
healthy_startup,6,0,NORMAL,0.8,0.3,0.7328490091128264,0.16688840625,0,5,0,0,6,0,NORMAL,0.7445305465521969,0.18685514531250003,0,6,0,hold,0.39377747711529776,0.5892012602390109,True,6
healthy_startup,7,0,NORMAL,0.8,0.3,0.7445305465521969,0.18685514531250003,0,6,0,0,7,0,NORMAL,0.7535154549722556,0.20382687351562503,0,7,0,hold,0.3943094073414621,0.5756444650572502,True,7
healthy_startup,8,0,NORMAL,0.8,0.3,0.7535154549722556,0.20382687351562503,0,7,0,0,8,0,NORMAL,0.7606055533787734,0.21825284248828128,0,8,0,hold,0.39402782006109077,0.5642648159104741,True,8
healthy_startup,9,0,NORMAL,0.8,0.3,0.7606055533787734,0.21825284248828128,0,8,0,0,9,0,NORMAL,0.7663143671922901,0.2305149161150391,0,9,0,hold,0.393286816570647,0.5546774521351017,True,9
healthy_startup,10,0,NORMAL,0.8,0.3,0.7663143671922901,0.2305149161150391,0,9,0,0,10,0,NORMAL,0.7709860673804348,0.24093767869778324,0,10,0,hold,0.39230910800823954,0.5465797728280415,True,10
healthy_startup,11,0,NORMAL,0.8,0.3,0.7709860673804348,0.24093767869778324,0,10,0,0,11,0,NORMAL,0.7748600073783652,0.24979702689311575,0,11,0,hold,0.3912340989209042,0.5397280239694021,True,11
healthy_startup,12,0,NORMAL,0.8,0.3,0.7748600073783652,0.24979702689311575,0,11,0,0,12,0,NORMAL,0.7781078318998738,0.25732747285914837,0,12,0,hold,0.3901477004325436,0.5339227643451322,True,12
healthy_startup,13,0,NORMAL,0.8,0.3,0.7781078318998738,0.25732747285914837,0,12,0,0,13,0,NORMAL,0.780855857750239,0.2637283519302761,0,13,0,hold,0.3891012381099571,0.5289991071084933,True,13
healthy_startup,14,0,NORMAL,0.8,0.3,0.780855857750239,0.2637283519302761,0,13,0,0,14,0,NORMAL,0.7831991231438223,0.26916909914073467,0,14,0,hold,0.3881236450026671,0.5248197609929355,True,14
healthy_startup,15,0,NORMAL,0.8,0.3,0.7831991231438223,0.26916909914073467,0,14,0,0,15,0,NORMAL,0.7852105126373675,0.27379373426962444,0,15,0,hold,0.3872294195456706,0.5212698389205913,True,15
healthy_startup,16,0,NORMAL,0.8,0.3,0.7852105126373675,0.27379373426962444,0,15,0,0,16,0,NORMAL,0.786946860365193,0.2777246741291808,0,16,0,hold,0.386423861578813,0.5182528542807266,True,16
healthy_startup,17,0,NORMAL,0.8,0.3,0.786946860365193,0.2777246741291808,0,16,0,0,17,0,NORMAL,0.7884531380636065,0.2810659730098037,0,17,0,hold,0.3857065330185893,0.5156875573631743,True,17
healthy_startup,18,0,NORMAL,0.8,0.3,0.7884531380636065,0.2810659730098037,0,17,0,0,18,0,NORMAL,0.789765394361619,0.2839060770583331,0,18,0,hold,0.38507354720055675,0.513505391063946,True,18
healthy_startup,19,0,NORMAL,0.8,0.3,0.789765394361619,0.2839060770583331,0,18,0,0,19,0,NORMAL,0.790912859327015,0.2863201654995831,0,19,0,hold,0.38451907869178603,0.5116484179986982,True,19
healthy_startup,20,0,NORMAL,0.8,0.3,0.790912859327015,0.2863201654995831,0,19,0,0,20,0,NORMAL,0.7919194785083215,0.2883721406746456,0,20,0,hold,0.3840363511430911,0.5100676154971071,True,20
healthy_startup,21,0,NORMAL,0.8,0.3,0.7919194785083215,0.2883721406746456,0,20,0,0,21,0,NORMAL,0.7928050492629062,0.29011631957344874,0,21,0,hold,0.3836182743688742,0.5087214631935162,True,21
healthy_startup,22,0,NORMAL,0.8,0.3,0.7928050492629062,0.29011631957344874,0,21,0,0,22,0,NORMAL,0.7935860748373841,0.2915988716374314,0,22,0,hold,0.3832578454371105,0.5075747667266,True,22
healthy_startup,23,0,NORMAL,0.8,0.3,0.7935860748373841,0.2915988716374314,0,22,0,0,23,0,NORMAL,0.7942764148824535,0.2928590408918167,0,23,0,hold,0.38294839126520813,0.50659767407681,True,23
healthy_startup,24,0,NORMAL,0.8,0.3,0.7942764148824535,0.2928590408918167,0,23,0,0,24,0,NORMAL,0.7948877869760502,0.29393018475804417,0,24,0,hold,0.38268370531197277,0.5057648504034263,True,24
healthy_startup,25,0,NORMAL,0.8,0.3,0.7948877869760502,0.29393018475804417,0,24,0,0,25,0,NORMAL,0.7954301576220744,0.29484065704433754,0,25,0,hold,0.38245811417479203,0.5050547841400269,True,25
healthy_startup,26,0,NORMAL,0.8,0.3,0.7954301576220744,0.29484065704433754,0,25,0,0,26,0,NORMAL,0.7959120502412619,0.29561455848768686,0,26,0,hold,0.3822664985119357,0.5044492023356086,True,26
healthy_startup,27,0,NORMAL,0.8,0.3,0.7959120502412619,0.29561455848768686,0,26,0,0,27,0,NORMAL,0.7963407901054101,0.2962723747145338,0,27,0,hold,0.38210428493430393,0.5039325772770009,True,27
healthy_startup,28,0,NORMAL,0.8,0.3,0.7963407901054101,0.2962723747145338,0,27,0,0,28,0,NORMAL,0.796722700862113,0.29683151850735373,0,28,0,hold,0.38196742017794627,0.5034917096179082,True,28
healthy_startup,29,0,NORMAL,0.8,0.3,0.796722700862113,0.29683151850735373,0,28,0,0,29,0,NORMAL,0.7970632635277798,0.29730679073125066,0,29,0,hold,0.3818523351986842,0.5031153757887405,True,29
healthy_startup,30,0,NORMAL,0.8,0.3,0.7970632635277798,0.29730679073125066,0,29,0,0,30,0,NORMAL,0.7973672461141471,0.29771077212156305,0,30,0,hold,0.3817559042996263,0.502794029521448,True,30
healthy_startup,31,0,NORMAL,0.8,0.3,0.7973672461141471,0.29771077212156305,0,30,0,0,31,0,NORMAL,0.7976388100786532,0.29805415630332854,0,31,0,hold,0.3816754026566378,0.5025195490038676,True,31
healthy_startup,32,0,NORMAL,0.8,0.3,0.7976388100786532,0.29805415630332854,0,31,0,0,32,0,NORMAL,0.7978815983356669,0.29834603285782924,0,32,0,hold,0.3816084644040546,0.5022850225587833,True,32
healthy_startup,33,0,NORMAL,0.8,0.3,0.7978815983356669,0.29834603285782924,0,32,0,0,33,0,NORMAL,0.7980988084851259,0.29859412792915485,0,33,0,hold,0.3815530426170164,0.5020845668840983,True,33
healthy_startup,34,0,NORMAL,0.8,0.3,0.7980988084851259,0.29859412792915485,0,33,0,0,34,0,NORMAL,0.7982932541043665,0.2988050087397816,0,34,0,hold,0.3815073719631633,0.5019131728382844,True,34
healthy_startup,35,0,NORMAL,0.8,0.3,0.7982932541043665,0.2988050087397816,0,34,0,0,35,0,NORMAL,0.7984674163351029,0.29898425742881435,0,35,0,hold,0.3814699344155143,0.5017665745454426,True,35
healthy_startup,36,0,NORMAL,0.8,0.3,0.7984674163351029,0.29898425742881435,0,35,0,0,36,0,NORMAL,0.7986234875289627,0.29913661881449216,0,36,0,hold,0.38143942816474996,0.5016411382551318,True,36
healthy_startup,37,0,NORMAL,0.8,0.3,0.7986234875289627,0.29913661881449216,0,36,0,0,37,0,NORMAL,0.7987634083544952,0.29926612599231833,0,37,0,hold,0.3814147397041048,0.5015337679461955,True,37
healthy_startup,38,0,NORMAL,0.8,0.3,0.7987634083544952,0.29926612599231833,0,37,0,0,38,0,NORMAL,0.798888899489191,0.29937620709347057,0,38,0,hold,0.38139491895648486,0.5014418251293778,True,38
healthy_startup,39,0,NORMAL,0.8,0.3,0.798888899489191,0.29937620709347057,0,38,0,0,39,0,NORMAL,0.7990014888020082,0.29946977602944996,0,39,0,hold,0.38137915725216287,0.5013630606953401,True,39
healthy_startup,40,0,NORMAL,0.8,0.3,0.7990014888020082,0.29946977602944996,0,39,0,0,40,0,NORMAL,0.7991025347605958,0.29954930962503246,0,40,0,hold,0.3813667679330863,0.5012955569849923,True,40
collective_recovery,1,0,QUARANTINE,1.0,0.0,0.5,0.95,0,0,0,1,0,0,QUARANTINE,0.6785714285714286,0.8075,1,0,0,hold,0.09032529531855425,0.1925,False,1
collective_recovery,1,1,QUARANTINE,1.0,0.0,0.5,0.95,0,0,0,1,0,0,QUARANTINE,0.6785714285714286,0.8075,1,0,0,hold,0.09032529531855425,0.1925,False,1
collective_recovery,1,2,QUARANTINE,1.0,0.0,0.5,0.95,0,0,0,1,0,0,QUARANTINE,0.6785714285714286,0.8075,1,0,0,hold,0.09032529531855425,0.1925,False,1
collective_recovery,1,3,QUARANTINE,1.0,0.0,0.5,0.95,0,0,0,1,0,0,QUARANTINE,0.6785714285714286,0.8075,1,0,0,hold,0.09032529531855425,0.1925,False,1
collective_recovery,1,4,QUARANTINE,1.0,0.0,0.5,0.95,0,0,0,1,0,0,QUARANTINE,0.6785714285714286,0.8075,1,0,0,hold,0.09032529531855425,0.1925,False,1
collective_recovery,1,5,QUARANTINE,1.0,0.0,0.5,0.95,0,0,0,1,0,0,QUARANTINE,0.6785714285714286,0.8075,1,0,0,hold,0.09032529531855425,0.1925,False,1
collective_recovery,1,6,QUARANTINE,1.0,0.0,0.5,0.95,0,0,0,1,0,0,QUARANTINE,0.6785714285714286,0.8075,1,0,0,hold,0.09032529531855425,0.1925,False,1
collective_recovery,1,7,QUARANTINE,1.0,0.0,0.5,0.95,0,0,0,1,0,0,QUARANTINE,0.6785714285714286,0.8075,1,0,0,hold,0.09032529531855425,0.1925,False,1
collective_recovery,1,8,QUARANTINE,1.0,0.0,0.5,0.95,0,0,0,1,0,0,QUARANTINE,0.6785714285714286,0.8075,1,0,0,hold,0.09032529531855425,0.1925,False,1
collective_recovery,1,9,QUARANTINE,1.0,0.0,0.5,0.95,0,0,0,1,0,0,QUARANTINE,0.6785714285714286,0.8075,1,0,0,hold,0.09032529531855425,0.1925,False,1
collective_recovery,1,10,QUARANTINE,1.0,0.0,0.5,0.95,0,0,0,1,0,0,QUARANTINE,0.6785714285714286,0.8075,1,0,0,hold,0.09032529531855425,0.1925,False,1
collective_recovery,1,11,QUARANTINE,1.0,0.0,0.5,0.95,0,0,0,1,0,0,QUARANTINE,0.6785714285714286,0.8075,1,0,0,hold,0.09032529531855425,0.1925,False,1
collective_recovery,1,12,QUARANTINE,1.0,0.0,0.5,0.95,0,0,0,1,0,0,QUARANTINE,0.6785714285714286,0.8075,1,0,0,hold,0.09032529531855425,0.1925,False,1
collective_recovery,1,13,QUARANTINE,1.0,0.0,0.5,0.95,0,0,0,1,0,0,QUARANTINE,0.6785714285714286,0.8075,1,0,0,hold,0.09032529531855425,0.1925,False,1
collective_recovery,1,14,QUARANTINE,1.0,0.0,0.5,0.95,0,0,0,1,0,0,QUARANTINE,0.6785714285714286,0.8075,1,0,0,hold,0.09032529531855425,0.1925,False,1
collective_recovery,1,15,QUARANTINE,1.0,0.0,0.5,0.95,0,0,0,1,0,0,QUARANTINE,0.6785714285714286,0.8075,1,0,0,hold,0.09032529531855425,0.1925,False,1
collective_recovery,1,16,QUARANTINE,1.0,0.0,0.5,0.95,0,0,0,1,0,0,QUARANTINE,0.6785714285714286,0.8075,1,0,0,hold,0.09032529531855425,0.1925,False,1
collective_recovery,1,17,QUARANTINE,1.0,0.0,0.5,0.95,0,0,0,1,0,0,QUARANTINE,0.6785714285714286,0.8075,1,0,0,hold,0.09032529531855425,0.1925,False,1
collective_recovery,1,18,QUARANTINE,1.0,0.0,0.5,0.95,0,0,0,1,0,0,QUARANTINE,0.6785714285714286,0.8075,1,0,0,hold,0.09032529531855425,0.1925,False,1
collective_recovery,1,19,QUARANTINE,1.0,0.0,0.5,0.95,0,0,0,1,0,0,QUARANTINE,0.6785714285714286,0.8075,1,0,0,hold,0.09032529531855425,0.1925,False,1
collective_recovery,2,0,QUARANTINE,1.0,0.0,0.6785714285714286,0.8075,1,0,0,2,0,0,QUARANTINE,0.7698863636363636,0.686375,2,0,0,hold,0.16839704919804285,0.31362500000000004,False,2
collective_recovery,2,1,QUARANTINE,1.0,0.0,0.6785714285714286,0.8075,1,0,0,2,0,0,QUARANTINE,0.7698863636363636,0.686375,2,0,0,hold,0.16839704919804285,0.31362500000000004,False,2
collective_recovery,2,2,QUARANTINE,1.0,0.0,0.6785714285714286,0.8075,1,0,0,2,0,0,QUARANTINE,0.7698863636363636,0.686375,2,0,0,hold,0.16839704919804285,0.31362500000000004,False,2
collective_recovery,2,3,QUARANTINE,1.0,0.0,0.6785714285714286,0.8075,1,0,0,2,0,0,QUARANTINE,0.7698863636363636,0.686375,2,0,0,hold,0.16839704919804285,0.31362500000000004,False,2
collective_recovery,2,4,QUARANTINE,1.0,0.0,0.6785714285714286,0.8075,1,0,0,2,0,0,QUARANTINE,0.7698863636363636,0.686375,2,0,0,hold,0.16839704919804285,0.31362500000000004,False,2
collective_recovery,2,5,QUARANTINE,1.0,0.0,0.6785714285714286,0.8075,1,0,0,2,0,0,QUARANTINE,0.7698863636363636,0.686375,2,0,0,hold,0.16839704919804285,0.31362500000000004,False,2
collective_recovery,2,6,QUARANTINE,1.0,0.0,0.6785714285714286,0.8075,1,0,0,2,0,0,QUARANTINE,0.7698863636363636,0.686375,2,0,0,hold,0.16839704919804285,0.31362500000000004,False,2
collective_recovery,2,7,QUARANTINE,1.0,0.0,0.6785714285714286,0.8075,1,0,0,2,0,0,QUARANTINE,0.7698863636363636,0.686375,2,0,0,hold,0.16839704919804285,0.31362500000000004,False,2
collective_recovery,2,8,QUARANTINE,1.0,0.0,0.6785714285714286,0.8075,1,0,0,2,0,0,QUARANTINE,0.7698863636363636,0.686375,2,0,0,hold,0.16839704919804285,0.31362500000000004,False,2
collective_recovery,2,9,QUARANTINE,1.0,0.0,0.6785714285714286,0.8075,1,0,0,2,0,0,QUARANTINE,0.7698863636363636,0.686375,2,0,0,hold,0.16839704919804285,0.31362500000000004,False,2
collective_recovery,2,10,QUARANTINE,1.0,0.0,0.6785714285714286,0.8075,1,0,0,2,0,0,QUARANTINE,0.7698863636363636,0.686375,2,0,0,hold,0.16839704919804285,0.31362500000000004,False,2
collective_recovery,2,11,QUARANTINE,1.0,0.0,0.6785714285714286,0.8075,1,0,0,2,0,0,QUARANTINE,0.7698863636363636,0.686375,2,0,0,hold,0.16839704919804285,0.31362500000000004,False,2
collective_recovery,2,12,QUARANTINE,1.0,0.0,0.6785714285714286,0.8075,1,0,0,2,0,0,QUARANTINE,0.7698863636363636,0.686375,2,0,0,hold,0.16839704919804285,0.31362500000000004,False,2
collective_recovery,2,13,QUARANTINE,1.0,0.0,0.6785714285714286,0.8075,1,0,0,2,0,0,QUARANTINE,0.7698863636363636,0.686375,2,0,0,hold,0.16839704919804285,0.31362500000000004,False,2
collective_recovery,2,14,QUARANTINE,1.0,0.0,0.6785714285714286,0.8075,1,0,0,2,0,0,QUARANTINE,0.7698863636363636,0.686375,2,0,0,hold,0.16839704919804285,0.31362500000000004,False,2
collective_recovery,2,15,QUARANTINE,1.0,0.0,0.6785714285714286,0.8075,1,0,0,2,0,0,QUARANTINE,0.7698863636363636,0.686375,2,0,0,hold,0.16839704919804285,0.31362500000000004,False,2
collective_recovery,2,16,QUARANTINE,1.0,0.0,0.6785714285714286,0.8075,1,0,0,2,0,0,QUARANTINE,0.7698863636363636,0.686375,2,0,0,hold,0.16839704919804285,0.31362500000000004,False,2
collective_recovery,2,17,QUARANTINE,1.0,0.0,0.6785714285714286,0.8075,1,0,0,2,0,0,QUARANTINE,0.7698863636363636,0.686375,2,0,0,hold,0.16839704919804285,0.31362500000000004,False,2
collective_recovery,2,18,QUARANTINE,1.0,0.0,0.6785714285714286,0.8075,1,0,0,2,0,0,QUARANTINE,0.7698863636363636,0.686375,2,0,0,hold,0.16839704919804285,0.31362500000000004,False,2
collective_recovery,2,19,QUARANTINE,1.0,0.0,0.6785714285714286,0.8075,1,0,0,2,0,0,QUARANTINE,0.7698863636363636,0.686375,2,0,0,hold,0.16839704919804285,0.31362500000000004,False,2
collective_recovery,3,0,QUARANTINE,1.0,0.0,0.7698863636363636,0.686375,2,0,0,0,1,0,QUARANTINE,0.8250959692898272,0.58341875,0,1,0,hold,0.24358551168831238,0.41658125,False,3
collective_recovery,3,1,QUARANTINE,1.0,0.0,0.7698863636363636,0.686375,2,0,0,0,1,0,QUARANTINE,0.8250959692898272,0.58341875,0,1,0,hold,0.24358551168831238,0.41658125,False,3
collective_recovery,3,2,QUARANTINE,1.0,0.0,0.7698863636363636,0.686375,2,0,0,0,1,0,QUARANTINE,0.8250959692898272,0.58341875,0,1,0,hold,0.24358551168831238,0.41658125,False,3
collective_recovery,3,3,QUARANTINE,1.0,0.0,0.7698863636363636,0.686375,2,0,0,0,1,0,QUARANTINE,0.8250959692898272,0.58341875,0,1,0,hold,0.24358551168831238,0.41658125,False,3
collective_recovery,3,4,QUARANTINE,1.0,0.0,0.7698863636363636,0.686375,2,0,0,0,1,0,QUARANTINE,0.8250959692898272,0.58341875,0,1,0,hold,0.24358551168831238,0.41658125,False,3
collective_recovery,3,5,QUARANTINE,1.0,0.0,0.7698863636363636,0.686375,2,0,0,0,1,0,QUARANTINE,0.8250959692898272,0.58341875,0,1,0,hold,0.24358551168831238,0.41658125,False,3
collective_recovery,3,6,QUARANTINE,1.0,0.0,0.7698863636363636,0.686375,2,0,0,0,1,0,QUARANTINE,0.8250959692898272,0.58341875,0,1,0,hold,0.24358551168831238,0.41658125,False,3
collective_recovery,3,7,QUARANTINE,1.0,0.0,0.7698863636363636,0.686375,2,0,0,0,1,0,QUARANTINE,0.8250959692898272,0.58341875,0,1,0,hold,0.24358551168831238,0.41658125,False,3
collective_recovery,3,8,QUARANTINE,1.0,0.0,0.7698863636363636,0.686375,2,0,0,0,1,0,QUARANTINE,0.8250959692898272,0.58341875,0,1,0,hold,0.24358551168831238,0.41658125,False,3
collective_recovery,3,9,QUARANTINE,1.0,0.0,0.7698863636363636,0.686375,2,0,0,0,1,0,QUARANTINE,0.8250959692898272,0.58341875,0,1,0,hold,0.24358551168831238,0.41658125,False,3
collective_recovery,3,10,QUARANTINE,1.0,0.0,0.7698863636363636,0.686375,2,0,0,0,1,0,QUARANTINE,0.8250959692898272,0.58341875,0,1,0,hold,0.24358551168831238,0.41658125,False,3
collective_recovery,3,11,QUARANTINE,1.0,0.0,0.7698863636363636,0.686375,2,0,0,0,1,0,QUARANTINE,0.8250959692898272,0.58341875,0,1,0,hold,0.24358551168831238,0.41658125,False,3
collective_recovery,3,12,QUARANTINE,1.0,0.0,0.7698863636363636,0.686375,2,0,0,0,1,0,QUARANTINE,0.8250959692898272,0.58341875,0,1,0,hold,0.24358551168831238,0.41658125,False,3
collective_recovery,3,13,QUARANTINE,1.0,0.0,0.7698863636363636,0.686375,2,0,0,0,1,0,QUARANTINE,0.8250959692898272,0.58341875,0,1,0,hold,0.24358551168831238,0.41658125,False,3
collective_recovery,3,14,QUARANTINE,1.0,0.0,0.7698863636363636,0.686375,2,0,0,0,1,0,QUARANTINE,0.8250959692898272,0.58341875,0,1,0,hold,0.24358551168831238,0.41658125,False,3
collective_recovery,3,15,QUARANTINE,1.0,0.0,0.7698863636363636,0.686375,2,0,0,0,1,0,QUARANTINE,0.8250959692898272,0.58341875,0,1,0,hold,0.24358551168831238,0.41658125,False,3
collective_recovery,3,16,QUARANTINE,1.0,0.0,0.7698863636363636,0.686375,2,0,0,0,1,0,QUARANTINE,0.8250959692898272,0.58341875,0,1,0,hold,0.24358551168831238,0.41658125,False,3
collective_recovery,3,17,QUARANTINE,1.0,0.0,0.7698863636363636,0.686375,2,0,0,0,1,0,QUARANTINE,0.8250959692898272,0.58341875,0,1,0,hold,0.24358551168831238,0.41658125,False,3
collective_recovery,3,18,QUARANTINE,1.0,0.0,0.7698863636363636,0.686375,2,0,0,0,1,0,QUARANTINE,0.8250959692898272,0.58341875,0,1,0,hold,0.24358551168831238,0.41658125,False,3
collective_recovery,3,19,QUARANTINE,1.0,0.0,0.7698863636363636,0.686375,2,0,0,0,1,0,QUARANTINE,0.8250959692898272,0.58341875,0,1,0,hold,0.24358551168831238,0.41658125,False,3
collective_recovery,4,0,QUARANTINE,1.0,0.0,0.8250959692898272,0.58341875,0,1,0,0,2,0,SUSPECT,0.8619085704664085,0.49590593749999995,0,0,0,recovery,0.31262349750350443,0.5040940625000001,True,4
collective_recovery,4,1,QUARANTINE,1.0,0.0,0.8250959692898272,0.58341875,0,1,0,0,2,0,SUSPECT,0.8619085704664085,0.49590593749999995,0,0,0,recovery,0.31262349750350443,0.5040940625000001,True,4
collective_recovery,4,2,QUARANTINE,1.0,0.0,0.8250959692898272,0.58341875,0,1,0,0,2,0,SUSPECT,0.8619085704664085,0.49590593749999995,0,0,0,recovery,0.31262349750350443,0.5040940625000001,True,4
collective_recovery,4,3,QUARANTINE,1.0,0.0,0.8250959692898272,0.58341875,0,1,0,0,2,0,SUSPECT,0.8619085704664085,0.49590593749999995,0,0,0,recovery,0.31262349750350443,0.5040940625000001,True,4
collective_recovery,4,4,QUARANTINE,1.0,0.0,0.8250959692898272,0.58341875,0,1,0,0,2,0,SUSPECT,0.8619085704664085,0.49590593749999995,0,0,0,recovery,0.31262349750350443,0.5040940625000001,True,4
collective_recovery,4,5,QUARANTINE,1.0,0.0,0.8250959692898272,0.58341875,0,1,0,0,2,0,SUSPECT,0.8619085704664085,0.49590593749999995,0,0,0,recovery,0.31262349750350443,0.5040940625000001,True,4
collective_recovery,4,6,QUARANTINE,1.0,0.0,0.8250959692898272,0.58341875,0,1,0,0,2,0,SUSPECT,0.8619085704664085,0.49590593749999995,0,0,0,recovery,0.31262349750350443,0.5040940625000001,True,4
collective_recovery,4,7,QUARANTINE,1.0,0.0,0.8250959692898272,0.58341875,0,1,0,0,2,0,SUSPECT,0.8619085704664085,0.49590593749999995,0,0,0,recovery,0.31262349750350443,0.5040940625000001,True,4
collective_recovery,4,8,QUARANTINE,1.0,0.0,0.8250959692898272,0.58341875,0,1,0,0,2,0,SUSPECT,0.8619085704664085,0.49590593749999995,0,0,0,recovery,0.31262349750350443,0.5040940625000001,True,4
collective_recovery,4,9,QUARANTINE,1.0,0.0,0.8250959692898272,0.58341875,0,1,0,0,2,0,SUSPECT,0.8619085704664085,0.49590593749999995,0,0,0,recovery,0.31262349750350443,0.5040940625000001,True,4
collective_recovery,4,10,QUARANTINE,1.0,0.0,0.8250959692898272,0.58341875,0,1,0,0,2,0,SUSPECT,0.8619085704664085,0.49590593749999995,0,0,0,recovery,0.31262349750350443,0.5040940625000001,True,4
collective_recovery,4,11,QUARANTINE,1.0,0.0,0.8250959692898272,0.58341875,0,1,0,0,2,0,SUSPECT,0.8619085704664085,0.49590593749999995,0,0,0,recovery,0.31262349750350443,0.5040940625000001,True,4
collective_recovery,4,12,QUARANTINE,1.0,0.0,0.8250959692898272,0.58341875,0,1,0,0,2,0,SUSPECT,0.8619085704664085,0.49590593749999995,0,0,0,recovery,0.31262349750350443,0.5040940625000001,True,4
collective_recovery,4,13,QUARANTINE,1.0,0.0,0.8250959692898272,0.58341875,0,1,0,0,2,0,SUSPECT,0.8619085704664085,0.49590593749999995,0,0,0,recovery,0.31262349750350443,0.5040940625000001,True,4
collective_recovery,4,14,QUARANTINE,1.0,0.0,0.8250959692898272,0.58341875,0,1,0,0,2,0,SUSPECT,0.8619085704664085,0.49590593749999995,0,0,0,recovery,0.31262349750350443,0.5040940625000001,True,4
collective_recovery,4,15,QUARANTINE,1.0,0.0,0.8250959692898272,0.58341875,0,1,0,0,2,0,SUSPECT,0.8619085704664085,0.49590593749999995,0,0,0,recovery,0.31262349750350443,0.5040940625000001,True,4
collective_recovery,4,16,QUARANTINE,1.0,0.0,0.8250959692898272,0.58341875,0,1,0,0,2,0,SUSPECT,0.8619085704664085,0.49590593749999995,0,0,0,recovery,0.31262349750350443,0.5040940625000001,True,4
collective_recovery,4,17,QUARANTINE,1.0,0.0,0.8250959692898272,0.58341875,0,1,0,0,2,0,SUSPECT,0.8619085704664085,0.49590593749999995,0,0,0,recovery,0.31262349750350443,0.5040940625000001,True,4
collective_recovery,4,18,QUARANTINE,1.0,0.0,0.8250959692898272,0.58341875,0,1,0,0,2,0,SUSPECT,0.8619085704664085,0.49590593749999995,0,0,0,recovery,0.31262349750350443,0.5040940625000001,True,4
collective_recovery,4,19,QUARANTINE,1.0,0.0,0.8250959692898272,0.58341875,0,1,0,0,2,0,SUSPECT,0.8619085704664085,0.49590593749999995,0,0,0,recovery,0.31262349750350443,0.5040940625000001,True,4
collective_recovery,5,0,SUSPECT,1.0,0.0,0.8619085704664085,0.49590593749999995,0,0,0,0,1,0,SUSPECT,0.8880816818547104,0.42152004687499994,0,1,0,hold,0.37441440726877906,0.578479953125,True,5
collective_recovery,5,1,SUSPECT,1.0,0.0,0.8619085704664085,0.49590593749999995,0,0,0,0,1,0,SUSPECT,0.8880816818547104,0.42152004687499994,0,1,0,hold,0.37441440726877906,0.578479953125,True,5
collective_recovery,5,2,SUSPECT,1.0,0.0,0.8619085704664085,0.49590593749999995,0,0,0,0,1,0,SUSPECT,0.8880816818547104,0.42152004687499994,0,1,0,hold,0.37441440726877906,0.578479953125,True,5
collective_recovery,5,3,SUSPECT,1.0,0.0,0.8619085704664085,0.49590593749999995,0,0,0,0,1,0,SUSPECT,0.8880816818547104,0.42152004687499994,0,1,0,hold,0.37441440726877906,0.578479953125,True,5
collective_recovery,5,4,SUSPECT,1.0,0.0,0.8619085704664085,0.49590593749999995,0,0,0,0,1,0,SUSPECT,0.8880816818547104,0.42152004687499994,0,1,0,hold,0.37441440726877906,0.578479953125,True,5
collective_recovery,5,5,SUSPECT,1.0,0.0,0.8619085704664085,0.49590593749999995,0,0,0,0,1,0,SUSPECT,0.8880816818547104,0.42152004687499994,0,1,0,hold,0.37441440726877906,0.578479953125,True,5
collective_recovery,5,6,SUSPECT,1.0,0.0,0.8619085704664085,0.49590593749999995,0,0,0,0,1,0,SUSPECT,0.8880816818547104,0.42152004687499994,0,1,0,hold,0.37441440726877906,0.578479953125,True,5
collective_recovery,5,7,SUSPECT,1.0,0.0,0.8619085704664085,0.49590593749999995,0,0,0,0,1,0,SUSPECT,0.8880816818547104,0.42152004687499994,0,1,0,hold,0.37441440726877906,0.578479953125,True,5
collective_recovery,5,8,SUSPECT,1.0,0.0,0.8619085704664085,0.49590593749999995,0,0,0,0,1,0,SUSPECT,0.8880816818547104,0.42152004687499994,0,1,0,hold,0.37441440726877906,0.578479953125,True,5
collective_recovery,5,9,SUSPECT,1.0,0.0,0.8619085704664085,0.49590593749999995,0,0,0,0,1,0,SUSPECT,0.8880816818547104,0.42152004687499994,0,1,0,hold,0.37441440726877906,0.578479953125,True,5
collective_recovery,5,10,SUSPECT,1.0,0.0,0.8619085704664085,0.49590593749999995,0,0,0,0,1,0,SUSPECT,0.8880816818547104,0.42152004687499994,0,1,0,hold,0.37441440726877906,0.578479953125,True,5
collective_recovery,5,11,SUSPECT,1.0,0.0,0.8619085704664085,0.49590593749999995,0,0,0,0,1,0,SUSPECT,0.8880816818547104,0.42152004687499994,0,1,0,hold,0.37441440726877906,0.578479953125,True,5
collective_recovery,5,12,SUSPECT,1.0,0.0,0.8619085704664085,0.49590593749999995,0,0,0,0,1,0,SUSPECT,0.8880816818547104,0.42152004687499994,0,1,0,hold,0.37441440726877906,0.578479953125,True,5
collective_recovery,5,13,SUSPECT,1.0,0.0,0.8619085704664085,0.49590593749999995,0,0,0,0,1,0,SUSPECT,0.8880816818547104,0.42152004687499994,0,1,0,hold,0.37441440726877906,0.578479953125,True,5
collective_recovery,5,14,SUSPECT,1.0,0.0,0.8619085704664085,0.49590593749999995,0,0,0,0,1,0,SUSPECT,0.8880816818547104,0.42152004687499994,0,1,0,hold,0.37441440726877906,0.578479953125,True,5
collective_recovery,5,15,SUSPECT,1.0,0.0,0.8619085704664085,0.49590593749999995,0,0,0,0,1,0,SUSPECT,0.8880816818547104,0.42152004687499994,0,1,0,hold,0.37441440726877906,0.578479953125,True,5
collective_recovery,5,16,SUSPECT,1.0,0.0,0.8619085704664085,0.49590593749999995,0,0,0,0,1,0,SUSPECT,0.8880816818547104,0.42152004687499994,0,1,0,hold,0.37441440726877906,0.578479953125,True,5
collective_recovery,5,17,SUSPECT,1.0,0.0,0.8619085704664085,0.49590593749999995,0,0,0,0,1,0,SUSPECT,0.8880816818547104,0.42152004687499994,0,1,0,hold,0.37441440726877906,0.578479953125,True,5
collective_recovery,5,18,SUSPECT,1.0,0.0,0.8619085704664085,0.49590593749999995,0,0,0,0,1,0,SUSPECT,0.8880816818547104,0.42152004687499994,0,1,0,hold,0.37441440726877906,0.578479953125,True,5
collective_recovery,5,19,SUSPECT,1.0,0.0,0.8619085704664085,0.49590593749999995,0,0,0,0,1,0,SUSPECT,0.8880816818547104,0.42152004687499994,0,1,0,hold,0.37441440726877906,0.578479953125,True,5
collective_recovery,6,0,SUSPECT,1.0,0.0,0.8880816818547104,0.42152004687499994,0,1,0,0,2,0,NORMAL,0.907550910920328,0.35829203984374997,0,0,0,recovery,0.42886897677820285,0.6417079601562501,True,6
collective_recovery,6,1,SUSPECT,1.0,0.0,0.8880816818547104,0.42152004687499994,0,1,0,0,2,0,NORMAL,0.907550910920328,0.35829203984374997,0,0,0,recovery,0.42886897677820285,0.6417079601562501,True,6
collective_recovery,6,2,SUSPECT,1.0,0.0,0.8880816818547104,0.42152004687499994,0,1,0,0,2,0,NORMAL,0.907550910920328,0.35829203984374997,0,0,0,recovery,0.42886897677820285,0.6417079601562501,True,6
collective_recovery,6,3,SUSPECT,1.0,0.0,0.8880816818547104,0.42152004687499994,0,1,0,0,2,0,NORMAL,0.907550910920328,0.35829203984374997,0,0,0,recovery,0.42886897677820285,0.6417079601562501,True,6
collective_recovery,6,4,SUSPECT,1.0,0.0,0.8880816818547104,0.42152004687499994,0,1,0,0,2,0,NORMAL,0.907550910920328,0.35829203984374997,0,0,0,recovery,0.42886897677820285,0.6417079601562501,True,6
collective_recovery,6,5,SUSPECT,1.0,0.0,0.8880816818547104,0.42152004687499994,0,1,0,0,2,0,NORMAL,0.907550910920328,0.35829203984374997,0,0,0,recovery,0.42886897677820285,0.6417079601562501,True,6
collective_recovery,6,6,SUSPECT,1.0,0.0,0.8880816818547104,0.42152004687499994,0,1,0,0,2,0,NORMAL,0.907550910920328,0.35829203984374997,0,0,0,recovery,0.42886897677820285,0.6417079601562501,True,6
collective_recovery,6,7,SUSPECT,1.0,0.0,0.8880816818547104,0.42152004687499994,0,1,0,0,2,0,NORMAL,0.907550910920328,0.35829203984374997,0,0,0,recovery,0.42886897677820285,0.6417079601562501,True,6
collective_recovery,6,8,SUSPECT,1.0,0.0,0.8880816818547104,0.42152004687499994,0,1,0,0,2,0,NORMAL,0.907550910920328,0.35829203984374997,0,0,0,recovery,0.42886897677820285,0.6417079601562501,True,6
collective_recovery,6,9,SUSPECT,1.0,0.0,0.8880816818547104,0.42152004687499994,0,1,0,0,2,0,NORMAL,0.907550910920328,0.35829203984374997,0,0,0,recovery,0.42886897677820285,0.6417079601562501,True,6
collective_recovery,6,10,SUSPECT,1.0,0.0,0.8880816818547104,0.42152004687499994,0,1,0,0,2,0,NORMAL,0.907550910920328,0.35829203984374997,0,0,0,recovery,0.42886897677820285,0.6417079601562501,True,6
collective_recovery,6,11,SUSPECT,1.0,0.0,0.8880816818547104,0.42152004687499994,0,1,0,0,2,0,NORMAL,0.907550910920328,0.35829203984374997,0,0,0,recovery,0.42886897677820285,0.6417079601562501,True,6
collective_recovery,6,12,SUSPECT,1.0,0.0,0.8880816818547104,0.42152004687499994,0,1,0,0,2,0,NORMAL,0.907550910920328,0.35829203984374997,0,0,0,recovery,0.42886897677820285,0.6417079601562501,True,6
collective_recovery,6,13,SUSPECT,1.0,0.0,0.8880816818547104,0.42152004687499994,0,1,0,0,2,0,NORMAL,0.907550910920328,0.35829203984374997,0,0,0,recovery,0.42886897677820285,0.6417079601562501,True,6
collective_recovery,6,14,SUSPECT,1.0,0.0,0.8880816818547104,0.42152004687499994,0,1,0,0,2,0,NORMAL,0.907550910920328,0.35829203984374997,0,0,0,recovery,0.42886897677820285,0.6417079601562501,True,6
collective_recovery,6,15,SUSPECT,1.0,0.0,0.8880816818547104,0.42152004687499994,0,1,0,0,2,0,NORMAL,0.907550910920328,0.35829203984374997,0,0,0,recovery,0.42886897677820285,0.6417079601562501,True,6
collective_recovery,6,16,SUSPECT,1.0,0.0,0.8880816818547104,0.42152004687499994,0,1,0,0,2,0,NORMAL,0.907550910920328,0.35829203984374997,0,0,0,recovery,0.42886897677820285,0.6417079601562501,True,6
collective_recovery,6,17,SUSPECT,1.0,0.0,0.8880816818547104,0.42152004687499994,0,1,0,0,2,0,NORMAL,0.907550910920328,0.35829203984374997,0,0,0,recovery,0.42886897677820285,0.6417079601562501,True,6
collective_recovery,6,18,SUSPECT,1.0,0.0,0.8880816818547104,0.42152004687499994,0,1,0,0,2,0,NORMAL,0.907550910920328,0.35829203984374997,0,0,0,recovery,0.42886897677820285,0.6417079601562501,True,6
collective_recovery,6,19,SUSPECT,1.0,0.0,0.8880816818547104,0.42152004687499994,0,1,0,0,2,0,NORMAL,0.907550910920328,0.35829203984374997,0,0,0,recovery,0.42886897677820285,0.6417079601562501,True,6
collective_recovery,7,0,NORMAL,1.0,0.0,0.907550910920328,0.35829203984374997,0,0,0,0,1,0,NORMAL,0.9225257582870925,0.3045482338671875,0,1,0,hold,0.4763759410266019,0.6954517661328126,True,7
collective_recovery,7,1,NORMAL,1.0,0.0,0.907550910920328,0.35829203984374997,0,0,0,0,1,0,NORMAL,0.9225257582870925,0.3045482338671875,0,1,0,hold,0.4763759410266019,0.6954517661328126,True,7
collective_recovery,7,2,NORMAL,1.0,0.0,0.907550910920328,0.35829203984374997,0,0,0,0,1,0,NORMAL,0.9225257582870925,0.3045482338671875,0,1,0,hold,0.4763759410266019,0.6954517661328126,True,7
collective_recovery,7,3,NORMAL,1.0,0.0,0.907550910920328,0.35829203984374997,0,0,0,0,1,0,NORMAL,0.9225257582870925,0.3045482338671875,0,1,0,hold,0.4763759410266019,0.6954517661328126,True,7
collective_recovery,7,4,NORMAL,1.0,0.0,0.907550910920328,0.35829203984374997,0,0,0,0,1,0,NORMAL,0.9225257582870925,0.3045482338671875,0,1,0,hold,0.4763759410266019,0.6954517661328126,True,7
collective_recovery,7,5,NORMAL,1.0,0.0,0.907550910920328,0.35829203984374997,0,0,0,0,1,0,NORMAL,0.9225257582870925,0.3045482338671875,0,1,0,hold,0.4763759410266019,0.6954517661328126,True,7
collective_recovery,7,6,NORMAL,1.0,0.0,0.907550910920328,0.35829203984374997,0,0,0,0,1,0,NORMAL,0.9225257582870925,0.3045482338671875,0,1,0,hold,0.4763759410266019,0.6954517661328126,True,7
collective_recovery,7,7,NORMAL,1.0,0.0,0.907550910920328,0.35829203984374997,0,0,0,0,1,0,NORMAL,0.9225257582870925,0.3045482338671875,0,1,0,hold,0.4763759410266019,0.6954517661328126,True,7
collective_recovery,7,8,NORMAL,1.0,0.0,0.907550910920328,0.35829203984374997,0,0,0,0,1,0,NORMAL,0.9225257582870925,0.3045482338671875,0,1,0,hold,0.4763759410266019,0.6954517661328126,True,7
collective_recovery,7,9,NORMAL,1.0,0.0,0.907550910920328,0.35829203984374997,0,0,0,0,1,0,NORMAL,0.9225257582870925,0.3045482338671875,0,1,0,hold,0.4763759410266019,0.6954517661328126,True,7
collective_recovery,7,10,NORMAL,1.0,0.0,0.907550910920328,0.35829203984374997,0,0,0,0,1,0,NORMAL,0.9225257582870925,0.3045482338671875,0,1,0,hold,0.4763759410266019,0.6954517661328126,True,7
collective_recovery,7,11,NORMAL,1.0,0.0,0.907550910920328,0.35829203984374997,0,0,0,0,1,0,NORMAL,0.9225257582870925,0.3045482338671875,0,1,0,hold,0.4763759410266019,0.6954517661328126,True,7
collective_recovery,7,12,NORMAL,1.0,0.0,0.907550910920328,0.35829203984374997,0,0,0,0,1,0,NORMAL,0.9225257582870925,0.3045482338671875,0,1,0,hold,0.4763759410266019,0.6954517661328126,True,7
collective_recovery,7,13,NORMAL,1.0,0.0,0.907550910920328,0.35829203984374997,0,0,0,0,1,0,NORMAL,0.9225257582870925,0.3045482338671875,0,1,0,hold,0.4763759410266019,0.6954517661328126,True,7
collective_recovery,7,14,NORMAL,1.0,0.0,0.907550910920328,0.35829203984374997,0,0,0,0,1,0,NORMAL,0.9225257582870925,0.3045482338671875,0,1,0,hold,0.4763759410266019,0.6954517661328126,True,7
collective_recovery,7,15,NORMAL,1.0,0.0,0.907550910920328,0.35829203984374997,0,0,0,0,1,0,NORMAL,0.9225257582870925,0.3045482338671875,0,1,0,hold,0.4763759410266019,0.6954517661328126,True,7
collective_recovery,7,16,NORMAL,1.0,0.0,0.907550910920328,0.35829203984374997,0,0,0,0,1,0,NORMAL,0.9225257582870925,0.3045482338671875,0,1,0,hold,0.4763759410266019,0.6954517661328126,True,7
collective_recovery,7,17,NORMAL,1.0,0.0,0.907550910920328,0.35829203984374997,0,0,0,0,1,0,NORMAL,0.9225257582870925,0.3045482338671875,0,1,0,hold,0.4763759410266019,0.6954517661328126,True,7
collective_recovery,7,18,NORMAL,1.0,0.0,0.907550910920328,0.35829203984374997,0,0,0,0,1,0,NORMAL,0.9225257582870925,0.3045482338671875,0,1,0,hold,0.4763759410266019,0.6954517661328126,True,7
collective_recovery,7,19,NORMAL,1.0,0.0,0.907550910920328,0.35829203984374997,0,0,0,0,1,0,NORMAL,0.9225257582870925,0.3045482338671875,0,1,0,hold,0.4763759410266019,0.6954517661328126,True,7
collective_recovery,8,0,NORMAL,1.0,0.0,0.9225257582870925,0.3045482338671875,0,1,0,0,2,0,NORMAL,0.9343425889646222,0.25886599878710936,0,2,0,hold,0.5175361047451912,0.7411340012128906,True,8
collective_recovery,8,1,NORMAL,1.0,0.0,0.9225257582870925,0.3045482338671875,0,1,0,0,2,0,NORMAL,0.9343425889646222,0.25886599878710936,0,2,0,hold,0.5175361047451912,0.7411340012128906,True,8
collective_recovery,8,2,NORMAL,1.0,0.0,0.9225257582870925,0.3045482338671875,0,1,0,0,2,0,NORMAL,0.9343425889646222,0.25886599878710936,0,2,0,hold,0.5175361047451912,0.7411340012128906,True,8
collective_recovery,8,3,NORMAL,1.0,0.0,0.9225257582870925,0.3045482338671875,0,1,0,0,2,0,NORMAL,0.9343425889646222,0.25886599878710936,0,2,0,hold,0.5175361047451912,0.7411340012128906,True,8
collective_recovery,8,4,NORMAL,1.0,0.0,0.9225257582870925,0.3045482338671875,0,1,0,0,2,0,NORMAL,0.9343425889646222,0.25886599878710936,0,2,0,hold,0.5175361047451912,0.7411340012128906,True,8
collective_recovery,8,5,NORMAL,1.0,0.0,0.9225257582870925,0.3045482338671875,0,1,0,0,2,0,NORMAL,0.9343425889646222,0.25886599878710936,0,2,0,hold,0.5175361047451912,0.7411340012128906,True,8
collective_recovery,8,6,NORMAL,1.0,0.0,0.9225257582870925,0.3045482338671875,0,1,0,0,2,0,NORMAL,0.9343425889646222,0.25886599878710936,0,2,0,hold,0.5175361047451912,0.7411340012128906,True,8
collective_recovery,8,7,NORMAL,1.0,0.0,0.9225257582870925,0.3045482338671875,0,1,0,0,2,0,NORMAL,0.9343425889646222,0.25886599878710936,0,2,0,hold,0.5175361047451912,0.7411340012128906,True,8
collective_recovery,8,8,NORMAL,1.0,0.0,0.9225257582870925,0.3045482338671875,0,1,0,0,2,0,NORMAL,0.9343425889646222,0.25886599878710936,0,2,0,hold,0.5175361047451912,0.7411340012128906,True,8
collective_recovery,8,9,NORMAL,1.0,0.0,0.9225257582870925,0.3045482338671875,0,1,0,0,2,0,NORMAL,0.9343425889646222,0.25886599878710936,0,2,0,hold,0.5175361047451912,0.7411340012128906,True,8
collective_recovery,8,10,NORMAL,1.0,0.0,0.9225257582870925,0.3045482338671875,0,1,0,0,2,0,NORMAL,0.9343425889646222,0.25886599878710936,0,2,0,hold,0.5175361047451912,0.7411340012128906,True,8
collective_recovery,8,11,NORMAL,1.0,0.0,0.9225257582870925,0.3045482338671875,0,1,0,0,2,0,NORMAL,0.9343425889646222,0.25886599878710936,0,2,0,hold,0.5175361047451912,0.7411340012128906,True,8
collective_recovery,8,12,NORMAL,1.0,0.0,0.9225257582870925,0.3045482338671875,0,1,0,0,2,0,NORMAL,0.9343425889646222,0.25886599878710936,0,2,0,hold,0.5175361047451912,0.7411340012128906,True,8
collective_recovery,8,13,NORMAL,1.0,0.0,0.9225257582870925,0.3045482338671875,0,1,0,0,2,0,NORMAL,0.9343425889646222,0.25886599878710936,0,2,0,hold,0.5175361047451912,0.7411340012128906,True,8
collective_recovery,8,14,NORMAL,1.0,0.0,0.9225257582870925,0.3045482338671875,0,1,0,0,2,0,NORMAL,0.9343425889646222,0.25886599878710936,0,2,0,hold,0.5175361047451912,0.7411340012128906,True,8
collective_recovery,8,15,NORMAL,1.0,0.0,0.9225257582870925,0.3045482338671875,0,1,0,0,2,0,NORMAL,0.9343425889646222,0.25886599878710936,0,2,0,hold,0.5175361047451912,0.7411340012128906,True,8
collective_recovery,8,16,NORMAL,1.0,0.0,0.9225257582870925,0.3045482338671875,0,1,0,0,2,0,NORMAL,0.9343425889646222,0.25886599878710936,0,2,0,hold,0.5175361047451912,0.7411340012128906,True,8
collective_recovery,8,17,NORMAL,1.0,0.0,0.9225257582870925,0.3045482338671875,0,1,0,0,2,0,NORMAL,0.9343425889646222,0.25886599878710936,0,2,0,hold,0.5175361047451912,0.7411340012128906,True,8
collective_recovery,8,18,NORMAL,1.0,0.0,0.9225257582870925,0.3045482338671875,0,1,0,0,2,0,NORMAL,0.9343425889646222,0.25886599878710936,0,2,0,hold,0.5175361047451912,0.7411340012128906,True,8
collective_recovery,8,19,NORMAL,1.0,0.0,0.9225257582870925,0.3045482338671875,0,1,0,0,2,0,NORMAL,0.9343425889646222,0.25886599878710936,0,2,0,hold,0.5175361047451912,0.7411340012128906,True,8
collective_recovery,9,0,NORMAL,1.0,0.0,0.9343425889646222,0.25886599878710936,0,2,0,0,3,0,NORMAL,0.9438572786538167,0.22003609896904294,0,3,0,hold,0.5530232362893558,0.7799639010309567,True,9
collective_recovery,9,1,NORMAL,1.0,0.0,0.9343425889646222,0.25886599878710936,0,2,0,0,3,0,NORMAL,0.9438572786538167,0.22003609896904294,0,3,0,hold,0.5530232362893558,0.7799639010309567,True,9
collective_recovery,9,2,NORMAL,1.0,0.0,0.9343425889646222,0.25886599878710936,0,2,0,0,3,0,NORMAL,0.9438572786538167,0.22003609896904294,0,3,0,hold,0.5530232362893558,0.7799639010309567,True,9
collective_recovery,9,3,NORMAL,1.0,0.0,0.9343425889646222,0.25886599878710936,0,2,0,0,3,0,NORMAL,0.9438572786538167,0.22003609896904294,0,3,0,hold,0.5530232362893558,0.7799639010309567,True,9
collective_recovery,9,4,NORMAL,1.0,0.0,0.9343425889646222,0.25886599878710936,0,2,0,0,3,0,NORMAL,0.9438572786538167,0.22003609896904294,0,3,0,hold,0.5530232362893558,0.7799639010309567,True,9
collective_recovery,9,5,NORMAL,1.0,0.0,0.9343425889646222,0.25886599878710936,0,2,0,0,3,0,NORMAL,0.9438572786538167,0.22003609896904294,0,3,0,hold,0.5530232362893558,0.7799639010309567,True,9
collective_recovery,9,6,NORMAL,1.0,0.0,0.9343425889646222,0.25886599878710936,0,2,0,0,3,0,NORMAL,0.9438572786538167,0.22003609896904294,0,3,0,hold,0.5530232362893558,0.7799639010309567,True,9
collective_recovery,9,7,NORMAL,1.0,0.0,0.9343425889646222,0.25886599878710936,0,2,0,0,3,0,NORMAL,0.9438572786538167,0.22003609896904294,0,3,0,hold,0.5530232362893558,0.7799639010309567,True,9
collective_recovery,9,8,NORMAL,1.0,0.0,0.9343425889646222,0.25886599878710936,0,2,0,0,3,0,NORMAL,0.9438572786538167,0.22003609896904294,0,3,0,hold,0.5530232362893558,0.7799639010309567,True,9
collective_recovery,9,9,NORMAL,1.0,0.0,0.9343425889646222,0.25886599878710936,0,2,0,0,3,0,NORMAL,0.9438572786538167,0.22003609896904294,0,3,0,hold,0.5530232362893558,0.7799639010309567,True,9
collective_recovery,9,10,NORMAL,1.0,0.0,0.9343425889646222,0.25886599878710936,0,2,0,0,3,0,NORMAL,0.9438572786538167,0.22003609896904294,0,3,0,hold,0.5530232362893558,0.7799639010309567,True,9
collective_recovery,9,11,NORMAL,1.0,0.0,0.9343425889646222,0.25886599878710936,0,2,0,0,3,0,NORMAL,0.9438572786538167,0.22003609896904294,0,3,0,hold,0.5530232362893558,0.7799639010309567,True,9
collective_recovery,9,12,NORMAL,1.0,0.0,0.9343425889646222,0.25886599878710936,0,2,0,0,3,0,NORMAL,0.9438572786538167,0.22003609896904294,0,3,0,hold,0.5530232362893558,0.7799639010309567,True,9
collective_recovery,9,13,NORMAL,1.0,0.0,0.9343425889646222,0.25886599878710936,0,2,0,0,3,0,NORMAL,0.9438572786538167,0.22003609896904294,0,3,0,hold,0.5530232362893558,0.7799639010309567,True,9
collective_recovery,9,14,NORMAL,1.0,0.0,0.9343425889646222,0.25886599878710936,0,2,0,0,3,0,NORMAL,0.9438572786538167,0.22003609896904294,0,3,0,hold,0.5530232362893558,0.7799639010309567,True,9
collective_recovery,9,15,NORMAL,1.0,0.0,0.9343425889646222,0.25886599878710936,0,2,0,0,3,0,NORMAL,0.9438572786538167,0.22003609896904294,0,3,0,hold,0.5530232362893558,0.7799639010309567,True,9
collective_recovery,9,16,NORMAL,1.0,0.0,0.9343425889646222,0.25886599878710936,0,2,0,0,3,0,NORMAL,0.9438572786538167,0.22003609896904294,0,3,0,hold,0.5530232362893558,0.7799639010309567,True,9
collective_recovery,9,17,NORMAL,1.0,0.0,0.9343425889646222,0.25886599878710936,0,2,0,0,3,0,NORMAL,0.9438572786538167,0.22003609896904294,0,3,0,hold,0.5530232362893558,0.7799639010309567,True,9
collective_recovery,9,18,NORMAL,1.0,0.0,0.9343425889646222,0.25886599878710936,0,2,0,0,3,0,NORMAL,0.9438572786538167,0.22003609896904294,0,3,0,hold,0.5530232362893558,0.7799639010309567,True,9
collective_recovery,9,19,NORMAL,1.0,0.0,0.9343425889646222,0.25886599878710936,0,2,0,0,3,0,NORMAL,0.9438572786538167,0.22003609896904294,0,3,0,hold,0.5530232362893558,0.7799639010309567,True,9
collective_recovery,10,0,NORMAL,1.0,0.0,0.9438572786538167,0.22003609896904294,0,3,0,0,4,0,NORMAL,0.9516434456340579,0.1870306841236865,0,4,0,hold,0.5835109219269352,0.8129693158763135,True,10
collective_recovery,10,1,NORMAL,1.0,0.0,0.9438572786538167,0.22003609896904294,0,3,0,0,4,0,NORMAL,0.9516434456340579,0.1870306841236865,0,4,0,hold,0.5835109219269352,0.8129693158763135,True,10
collective_recovery,10,2,NORMAL,1.0,0.0,0.9438572786538167,0.22003609896904294,0,3,0,0,4,0,NORMAL,0.9516434456340579,0.1870306841236865,0,4,0,hold,0.5835109219269352,0.8129693158763135,True,10
collective_recovery,10,3,NORMAL,1.0,0.0,0.9438572786538167,0.22003609896904294,0,3,0,0,4,0,NORMAL,0.9516434456340579,0.1870306841236865,0,4,0,hold,0.5835109219269352,0.8129693158763135,True,10
collective_recovery,10,4,NORMAL,1.0,0.0,0.9438572786538167,0.22003609896904294,0,3,0,0,4,0,NORMAL,0.9516434456340579,0.1870306841236865,0,4,0,hold,0.5835109219269352,0.8129693158763135,True,10
collective_recovery,10,5,NORMAL,1.0,0.0,0.9438572786538167,0.22003609896904294,0,3,0,0,4,0,NORMAL,0.9516434456340579,0.1870306841236865,0,4,0,hold,0.5835109219269352,0.8129693158763135,True,10
collective_recovery,10,6,NORMAL,1.0,0.0,0.9438572786538167,0.22003609896904294,0,3,0,0,4,0,NORMAL,0.9516434456340579,0.1870306841236865,0,4,0,hold,0.5835109219269352,0.8129693158763135,True,10
collective_recovery,10,7,NORMAL,1.0,0.0,0.9438572786538167,0.22003609896904294,0,3,0,0,4,0,NORMAL,0.9516434456340579,0.1870306841236865,0,4,0,hold,0.5835109219269352,0.8129693158763135,True,10
collective_recovery,10,8,NORMAL,1.0,0.0,0.9438572786538167,0.22003609896904294,0,3,0,0,4,0,NORMAL,0.9516434456340579,0.1870306841236865,0,4,0,hold,0.5835109219269352,0.8129693158763135,True,10
collective_recovery,10,9,NORMAL,1.0,0.0,0.9438572786538167,0.22003609896904294,0,3,0,0,4,0,NORMAL,0.9516434456340579,0.1870306841236865,0,4,0,hold,0.5835109219269352,0.8129693158763135,True,10
collective_recovery,10,10,NORMAL,1.0,0.0,0.9438572786538167,0.22003609896904294,0,3,0,0,4,0,NORMAL,0.9516434456340579,0.1870306841236865,0,4,0,hold,0.5835109219269352,0.8129693158763135,True,10
collective_recovery,10,11,NORMAL,1.0,0.0,0.9438572786538167,0.22003609896904294,0,3,0,0,4,0,NORMAL,0.9516434456340579,0.1870306841236865,0,4,0,hold,0.5835109219269352,0.8129693158763135,True,10
collective_recovery,10,12,NORMAL,1.0,0.0,0.9438572786538167,0.22003609896904294,0,3,0,0,4,0,NORMAL,0.9516434456340579,0.1870306841236865,0,4,0,hold,0.5835109219269352,0.8129693158763135,True,10
collective_recovery,10,13,NORMAL,1.0,0.0,0.9438572786538167,0.22003609896904294,0,3,0,0,4,0,NORMAL,0.9516434456340579,0.1870306841236865,0,4,0,hold,0.5835109219269352,0.8129693158763135,True,10
collective_recovery,10,14,NORMAL,1.0,0.0,0.9438572786538167,0.22003609896904294,0,3,0,0,4,0,NORMAL,0.9516434456340579,0.1870306841236865,0,4,0,hold,0.5835109219269352,0.8129693158763135,True,10
collective_recovery,10,15,NORMAL,1.0,0.0,0.9438572786538167,0.22003609896904294,0,3,0,0,4,0,NORMAL,0.9516434456340579,0.1870306841236865,0,4,0,hold,0.5835109219269352,0.8129693158763135,True,10
collective_recovery,10,16,NORMAL,1.0,0.0,0.9438572786538167,0.22003609896904294,0,3,0,0,4,0,NORMAL,0.9516434456340579,0.1870306841236865,0,4,0,hold,0.5835109219269352,0.8129693158763135,True,10
collective_recovery,10,17,NORMAL,1.0,0.0,0.9438572786538167,0.22003609896904294,0,3,0,0,4,0,NORMAL,0.9516434456340579,0.1870306841236865,0,4,0,hold,0.5835109219269352,0.8129693158763135,True,10
collective_recovery,10,18,NORMAL,1.0,0.0,0.9438572786538167,0.22003609896904294,0,3,0,0,4,0,NORMAL,0.9516434456340579,0.1870306841236865,0,4,0,hold,0.5835109219269352,0.8129693158763135,True,10
collective_recovery,10,19,NORMAL,1.0,0.0,0.9438572786538167,0.22003609896904294,0,3,0,0,4,0,NORMAL,0.9516434456340579,0.1870306841236865,0,4,0,hold,0.5835109219269352,0.8129693158763135,True,10
maximal_risk,1,0,NORMAL,1.0,1.0,0.5,0.0,0,0,0,0,1,0,NORMAL,0.6785714285714286,0.15000000000000002,0,1,0,hold,0.3988389663416681,0.85,True,1
maximal_risk,2,0,NORMAL,1.0,1.0,0.6785714285714286,0.15000000000000002,0,1,0,0,2,0,NORMAL,0.7698863636363636,0.2775,0,2,0,hold,0.38793740309473396,0.7224999999999999,True,2
maximal_risk,3,0,NORMAL,1.0,1.0,0.7698863636363636,0.2775,0,2,0,0,3,0,NORMAL,0.8250959692898272,0.385875,0,3,0,hold,0.35909430000890546,0.614125,True,3
maximal_risk,4,0,NORMAL,1.0,1.0,0.8250959692898272,0.385875,0,3,0,0,4,0,NORMAL,0.8619085704664085,0.47799375000000005,0,4,0,hold,0.323732080446174,0.52200625,True,4
maximal_risk,5,0,NORMAL,1.0,1.0,0.8619085704664085,0.47799375000000005,0,4,0,0,5,0,NORMAL,0.8880816818547104,0.5562946875000001,0,5,0,hold,0.2871830919710332,0.44370531249999995,True,5
maximal_risk,6,0,NORMAL,1.0,1.0,0.8880816818547104,0.5562946875000001,0,5,0,0,6,0,NORMAL,0.907550910920328,0.6228504843750001,0,6,0,hold,0.2520581586974617,0.3771495156249998,True,6
maximal_risk,7,0,NORMAL,1.0,1.0,0.907550910920328,0.6228504843750001,0,6,0,1,0,0,NORMAL,0.9225257582870925,0.6794229117187501,1,0,0,hold,0.21959137863830508,0.32057708828124987,True,7
maximal_risk,8,0,NORMAL,1.0,1.0,0.9225257582870925,0.6794229117187501,1,0,0,2,0,0,SUSPECT,0.9343425889646222,0.7275094749609377,0,0,0,persistent_low_history_or_risk,0.19028095415660098,0.27249052503906235,True,8
maximal_risk,9,0,SUSPECT,1.0,1.0,0.9343425889646222,0.7275094749609377,0,0,0,1,0,0,QUARANTINE,0.9438572786538167,0.768383053716797,0,0,0,persistent_bad_or_instant_risk,0.16422497636581113,0.23161694628320284,False,9
maximal_risk,10,0,QUARANTINE,1.0,1.0,0.9438572786538167,0.768383053716797,0,0,0,1,0,0,QUARANTINE,0.9516434456340579,0.8031255956592775,1,0,0,hold,0.1413071353828918,0.19687440434072245,False,10
maximal_risk,11,0,QUARANTINE,1.0,1.0,0.9516434456340579,0.8031255956592775,1,0,0,2,0,0,QUARANTINE,0.9581000122972755,0.8326567563103859,2,0,0,hold,0.12130254544484993,0.16734324368961406,False,11
maximal_risk,12,0,QUARANTINE,1.0,1.0,0.9581000122972755,0.8326567563103859,2,0,0,3,0,0,QUARANTINE,0.9635130531664562,0.8577582428638281,3,0,0,hold,0.10393880568143223,0.14224175713617193,False,12
maximal_risk,13,0,QUARANTINE,1.0,1.0,0.9635130531664562,0.8577582428638281,3,0,0,4,0,0,QUARANTINE,0.9680930962503984,0.8790945064342539,4,0,0,hold,0.08893110897270153,0.120905493565746,False,13
maximal_risk,14,0,QUARANTINE,1.0,1.0,0.9680930962503984,0.8790945064342539,4,0,0,5,0,0,QUARANTINE,0.9719985385730371,0.8972303304691158,5,0,0,hold,0.07600197572321066,0.10276966953088416,False,14
maximal_risk,15,0,QUARANTINE,1.0,1.0,0.9719985385730371,0.8972303304691158,5,0,0,6,0,1,QUARANTINE,0.9753508543956125,0.9126457808987485,6,0,1,hold,0.06489177203785221,0.0873542191012515,False,15
maximal_risk,16,0,QUARANTINE,1.0,1.0,0.9753508543956125,0.9126457808987485,6,0,1,7,0,2,QUARANTINE,0.9782447672753215,0.9257489137639362,7,0,2,hold,0.055363692129747843,0.0742510862360638,False,16
maximal_risk,17,0,QUARANTINE,1.0,1.0,0.9782447672753215,0.9257489137639362,7,0,2,8,0,3,QUARANTINE,0.9807552301060108,0.9368865766993457,8,0,3,hold,0.0472054431809496,0.06311342330065428,False,17
maximal_risk,18,0,QUARANTINE,1.0,1.0,0.9807552301060108,0.9368865766993457,8,0,3,9,0,4,BLACKLIST,0.9829423239360316,0.9463535901944439,0,0,0,persistent_high_risk,0.04022900962266186,0.05364640980555613,False,18
maximal_risk,19,0,BLACKLIST,1.0,1.0,0.9829423239360316,0.9463535901944439,0,0,0,,,,BLACKLIST,0.9829423239360316,0.9463535901944439,0,0,0,blacklist_gate,0.0,0.0,False,18
maximal_risk,20,0,BLACKLIST,1.0,1.0,0.9829423239360316,0.9463535901944439,0,0,0,,,,BLACKLIST,0.9829423239360316,0.9463535901944439,0,0,0,blacklist_gate,0.0,0.0,False,18
