run_id,seed,scenario,method,round,clean_accuracy,backdoor_asr,normal_exclusion_rate
1_fedavg_none_seed20240925,20240925,none,fedavg,1,0.1717,0.1345555555555555,
1_fedavg_none_seed20240925,20240925,none,fedavg,2,0.2215,0.16411111111111107,
1_fedavg_none_seed20240925,20240925,none,fedavg,3,0.2739,0.1353333333333333,
1_fedavg_none_seed20240925,20240925,none,fedavg,4,0.3086,0.08911111111111111,
1_fedavg_none_seed20240925,20240925,none,fedavg,5,0.3168,0.15311111111111103,
1_fedavg_none_seed20240925,20240925,none,fedavg,6,0.3348999999999999,0.1265555555555555,
1_fedavg_none_seed20240925,20240925,none,fedavg,7,0.3651,0.10222222222222224,
1_fedavg_none_seed20240925,20240925,none,fedavg,8,0.3796,0.10655555555555551,
1_fedavg_none_seed20240925,20240925,none,fedavg,9,0.3908,0.09044444444444447,
1_fedavg_none_seed20240925,20240925,none,fedavg,10,0.4004,0.06988888888888888,
1_fedavg_none_seed20240925,20240925,none,fedavg,11,0.4093,0.10911111111111108,
1_fedavg_none_seed20240925,20240925,none,fedavg,12,0.4176,0.10922222222222225,
1_fedavg_none_seed20240925,20240925,none,fedavg,13,0.4343,0.08055555555555553,
1_fedavg_none_seed20240925,20240925,none,fedavg,14,0.4551,0.063,
1_fedavg_none_seed20240925,20240925,none,fedavg,15,0.4563,0.0914444444444445,
1_fedavg_none_seed20240925,20240925,none,fedavg,16,0.4646,0.088,
1_fedavg_none_seed20240925,20240925,none,fedavg,17,0.4682,0.07911111111111112,
1_fedavg_none_seed20240925,20240925,none,fedavg,18,0.4887,0.068,
1_fedavg_none_seed20240925,20240925,none,fedavg,19,0.4899,0.07755555555555552,
1_fedavg_none_seed20240925,20240925,none,fedavg,20,0.5031,0.06288888888888888,
1_fedavg_none_seed20240925,20240925,none,fedavg,21,0.5108,0.05788888888888888,
1_fedavg_none_seed20240925,20240925,none,fedavg,22,0.5133,0.067,
1_fedavg_none_seed20240925,20240925,none,fedavg,23,0.5209,0.05844444444444446,
1_fedavg_none_seed20240925,20240925,none,fedavg,24,0.527,0.08077777777777775,
1_fedavg_none_seed20240925,20240925,none,fedavg,25,0.5326,0.06433333333333335,
1_fedavg_none_seed20240925,20240925,none,fedavg,26,0.5446,0.04988888888888888,
1_fedavg_none_seed20240925,20240925,none,fedavg,27,0.5511,0.05366666666666666,
1_fedavg_none_seed20240925,20240925,none,fedavg,28,0.5364,0.06933333333333334,
1_fedavg_none_seed20240925,20240925,none,fedavg,29,0.5644,0.047,
1_fedavg_none_seed20240925,20240925,none,fedavg,30,0.5626,0.04766666666666667,
2_fltrust_none_seed20240925,20240925,none,fltrust,1,0.1965,0.11133333333333334,
2_fltrust_none_seed20240925,20240925,none,fltrust,2,0.2732,0.09533333333333334,
2_fltrust_none_seed20240925,20240925,none,fltrust,3,0.302,0.06366666666666665,
2_fltrust_none_seed20240925,20240925,none,fltrust,4,0.3157,0.05844444444444446,
2_fltrust_none_seed20240925,20240925,none,fltrust,5,0.3423,0.10633333333333332,
2_fltrust_none_seed20240925,20240925,none,fltrust,6,0.3633,0.111,
2_fltrust_none_seed20240925,20240925,none,fltrust,7,0.3653,0.07144444444444448,
2_fltrust_none_seed20240925,20240925,none,fltrust,8,0.3625,0.1135555555555555,
2_fltrust_none_seed20240925,20240925,none,fltrust,9,0.3842999999999999,0.042555555555555555,
2_fltrust_none_seed20240925,20240925,none,fltrust,10,0.389,0.12055555555555551,
2_fltrust_none_seed20240925,20240925,none,fltrust,11,0.3873,0.06788888888888887,
2_fltrust_none_seed20240925,20240925,none,fltrust,12,0.4144,0.17455555555555552,
2_fltrust_none_seed20240925,20240925,none,fltrust,13,0.3713,0.015,
2_fltrust_none_seed20240925,20240925,none,fltrust,14,0.4468,0.1313333333333333,
2_fltrust_none_seed20240925,20240925,none,fltrust,15,0.3817999999999999,0.02033333333333334,
2_fltrust_none_seed20240925,20240925,none,fltrust,16,0.4503,0.1605555555555555,
2_fltrust_none_seed20240925,20240925,none,fltrust,17,0.424,0.02955555555555556,
2_fltrust_none_seed20240925,20240925,none,fltrust,18,0.4777,0.1333333333333333,
2_fltrust_none_seed20240925,20240925,none,fltrust,19,0.4504,0.023777777777777773,
2_fltrust_none_seed20240925,20240925,none,fltrust,20,0.4992,0.10055555555555551,
2_fltrust_none_seed20240925,20240925,none,fltrust,21,0.4868,0.041,
2_fltrust_none_seed20240925,20240925,none,fltrust,22,0.513,0.08311111111111111,
2_fltrust_none_seed20240925,20240925,none,fltrust,23,0.5034,0.039333333333333324,
2_fltrust_none_seed20240925,20240925,none,fltrust,24,0.5023,0.1393333333333333,
2_fltrust_none_seed20240925,20240925,none,fltrust,25,0.5312,0.04411111111111112,
2_fltrust_none_seed20240925,20240925,none,fltrust,26,0.5357,0.06666666666666665,
2_fltrust_none_seed20240925,20240925,none,fltrust,27,0.5462,0.03088888888888888,
2_fltrust_none_seed20240925,20240925,none,fltrust,28,0.5352,0.10566666666666667,
2_fltrust_none_seed20240925,20240925,none,fltrust,29,0.5417,0.01555555555555556,
2_fltrust_none_seed20240925,20240925,none,fltrust,30,0.5575,0.07922222222222225,
3_single_stream_none_seed20240925,20240925,none,single_stream,1,0.1709,0.13366666666666668,0.0
3_single_stream_none_seed20240925,20240925,none,single_stream,2,0.2371,0.1533333333333333,0.05
3_single_stream_none_seed20240925,20240925,none,single_stream,3,0.2877,0.07877777777777775,0.1
3_single_stream_none_seed20240925,20240925,none,single_stream,4,0.3068,0.01344444444444444,0.2
3_single_stream_none_seed20240925,20240925,none,single_stream,5,0.3383,0.039333333333333324,0.25
3_single_stream_none_seed20240925,20240925,none,single_stream,6,0.362,0.09233333333333334,0.15
3_single_stream_none_seed20240925,20240925,none,single_stream,7,0.3859,0.06411111111111112,0.1
3_single_stream_none_seed20240925,20240925,none,single_stream,8,0.3893,0.08422222222222224,0.2
3_single_stream_none_seed20240925,20240925,none,single_stream,9,0.4107,0.063,0.1
3_single_stream_none_seed20240925,20240925,none,single_stream,10,0.4177,0.08766666666666666,0.15
3_single_stream_none_seed20240925,20240925,none,single_stream,11,0.4015000000000001,0.1373333333333333,0.2
3_single_stream_none_seed20240925,20240925,none,single_stream,12,0.4278,0.144,0.15
3_single_stream_none_seed20240925,20240925,none,single_stream,13,0.4307,0.094,0.2
3_single_stream_none_seed20240925,20240925,none,single_stream,14,0.4556,0.063,0.25
3_single_stream_none_seed20240925,20240925,none,single_stream,15,0.4716,0.09544444444444448,0.2
3_single_stream_none_seed20240925,20240925,none,single_stream,16,0.4709,0.10677777777777775,0.15
3_single_stream_none_seed20240925,20240925,none,single_stream,17,0.4782,0.08,0.2
3_single_stream_none_seed20240925,20240925,none,single_stream,18,0.4922,0.09022222222222225,0.15
3_single_stream_none_seed20240925,20240925,none,single_stream,19,0.495,0.096,0.15
3_single_stream_none_seed20240925,20240925,none,single_stream,20,0.516,0.06733333333333334,0.2
3_single_stream_none_seed20240925,20240925,none,single_stream,21,0.5174,0.057,0.25
3_single_stream_none_seed20240925,20240925,none,single_stream,22,0.5224,0.07611111111111112,0.15
3_single_stream_none_seed20240925,20240925,none,single_stream,23,0.5294,0.06588888888888887,0.2
3_single_stream_none_seed20240925,20240925,none,single_stream,24,0.5158,0.0968888888888889,0.2
3_single_stream_none_seed20240925,20240925,none,single_stream,25,0.5343,0.08477777777777776,0.15
3_single_stream_none_seed20240925,20240925,none,single_stream,26,0.5448,0.048111111111111125,0.2
3_single_stream_none_seed20240925,20240925,none,single_stream,27,0.5505,0.07333333333333335,0.15
3_single_stream_none_seed20240925,20240925,none,single_stream,28,0.546,0.08888888888888889,0.15
3_single_stream_none_seed20240925,20240925,none,single_stream,29,0.5632,0.06288888888888888,0.15
3_single_stream_none_seed20240925,20240925,none,single_stream,30,0.5648,0.05466666666666667,0.15
4_ttfl_none_seed20240925,20240925,none,ttfl,1,0.17000000000000004,0.1253333333333333,0.0
4_ttfl_none_seed20240925,20240925,none,ttfl,2,0.2419,0.125,0.0
4_ttfl_none_seed20240925,20240925,none,ttfl,3,0.2953,0.07377777777777775,0.0
4_ttfl_none_seed20240925,20240925,none,ttfl,4,0.3255,0.062111111111111124,0.0
4_ttfl_none_seed20240925,20240925,none,ttfl,5,0.3403,0.10100000000000002,0.0
4_ttfl_none_seed20240925,20240925,none,ttfl,6,0.3632000000000001,0.08155555555555553,0.0
4_ttfl_none_seed20240925,20240925,none,ttfl,7,0.3837,0.07744444444444448,0.0
4_ttfl_none_seed20240925,20240925,none,ttfl,8,0.3973999999999999,0.08622222222222224,0.0
4_ttfl_none_seed20240925,20240925,none,ttfl,9,0.4050000000000001,0.07422222222222224,0.05
4_ttfl_none_seed20240925,20240925,none,ttfl,10,0.4133,0.059777777777777756,0.05
4_ttfl_none_seed20240925,20240925,none,ttfl,11,0.4187,0.09922222222222224,0.05
4_ttfl_none_seed20240925,20240925,none,ttfl,12,0.4307,0.10511111111111107,0.05
4_ttfl_none_seed20240925,20240925,none,ttfl,13,0.4427,0.08177777777777775,0.05
4_ttfl_none_seed20240925,20240925,none,ttfl,14,0.4601,0.06655555555555553,0.05
4_ttfl_none_seed20240925,20240925,none,ttfl,15,0.4628,0.09622222222222225,0.05
4_ttfl_none_seed20240925,20240925,none,ttfl,16,0.4689,0.09055555555555551,0.05
4_ttfl_none_seed20240925,20240925,none,ttfl,17,0.4697,0.08144444444444449,0.05
4_ttfl_none_seed20240925,20240925,none,ttfl,18,0.4977,0.06344444444444447,0.05
4_ttfl_none_seed20240925,20240925,none,ttfl,19,0.5005,0.079,0.05
4_ttfl_none_seed20240925,20240925,none,ttfl,20,0.514,0.06544444444444447,0.05
4_ttfl_none_seed20240925,20240925,none,ttfl,21,0.5239,0.06744444444444447,0.1
4_ttfl_none_seed20240925,20240925,none,ttfl,22,0.522,0.06444444444444447,0.1
4_ttfl_none_seed20240925,20240925,none,ttfl,23,0.5219,0.07433333333333335,0.1
4_ttfl_none_seed20240925,20240925,none,ttfl,24,0.5256,0.09311111111111109,0.1
4_ttfl_none_seed20240925,20240925,none,ttfl,25,0.5377,0.08588888888888889,0.1
4_ttfl_none_seed20240925,20240925,none,ttfl,26,0.5497,0.05866666666666665,0.1
4_ttfl_none_seed20240925,20240925,none,ttfl,27,0.5572,0.057444444444444465,0.05
4_ttfl_none_seed20240925,20240925,none,ttfl,28,0.5489,0.07644444444444447,0.05
4_ttfl_none_seed20240925,20240925,none,ttfl,29,0.5648,0.04966666666666666,0.05
4_ttfl_none_seed20240925,20240925,none,ttfl,30,0.5711,0.04822222222222224,0.05
5_fedavg_backdoor_seed20240925,20240925,backdoor,fedavg,1,0.1779,0.37144444444444435,
5_fedavg_backdoor_seed20240925,20240925,backdoor,fedavg,2,0.20100000000000004,0.32166666666666655,
5_fedavg_backdoor_seed20240925,20240925,backdoor,fedavg,3,0.2313,0.35133333333333333,
5_fedavg_backdoor_seed20240925,20240925,backdoor,fedavg,4,0.2734,0.2704444444444445,
5_fedavg_backdoor_seed20240925,20240925,backdoor,fedavg,5,0.2826,0.289,
5_fedavg_backdoor_seed20240925,20240925,backdoor,fedavg,6,0.2988,0.26522222222222214,
5_fedavg_backdoor_seed20240925,20240925,backdoor,fedavg,7,0.3301,0.2423333333333334,
5_fedavg_backdoor_seed20240925,20240925,backdoor,fedavg,8,0.3438,0.23088888888888898,
5_fedavg_backdoor_seed20240925,20240925,backdoor,fedavg,9,0.3508,0.21711111111111103,
5_fedavg_backdoor_seed20240925,20240925,backdoor,fedavg,10,0.371,0.1895555555555555,
5_fedavg_backdoor_seed20240925,20240925,backdoor,fedavg,11,0.3752,0.2125555555555555,
5_fedavg_backdoor_seed20240925,20240925,backdoor,fedavg,12,0.3836,0.21477777777777785,
5_fedavg_backdoor_seed20240925,20240925,backdoor,fedavg,13,0.4057,0.17955555555555552,
5_fedavg_backdoor_seed20240925,20240925,backdoor,fedavg,14,0.4378,0.14577777777777776,
5_fedavg_backdoor_seed20240925,20240925,backdoor,fedavg,15,0.4204,0.19766666666666663,
5_fedavg_backdoor_seed20240925,20240925,backdoor,fedavg,16,0.4332,0.1834444444444445,
5_fedavg_backdoor_seed20240925,20240925,backdoor,fedavg,17,0.4411,0.17277777777777778,
5_fedavg_backdoor_seed20240925,20240925,backdoor,fedavg,18,0.4629,0.14633333333333332,
5_fedavg_backdoor_seed20240925,20240925,backdoor,fedavg,19,0.4651,0.16444444444444448,
5_fedavg_backdoor_seed20240925,20240925,backdoor,fedavg,20,0.4802,0.1435555555555555,
5_fedavg_backdoor_seed20240925,20240925,backdoor,fedavg,21,0.4853,0.13066666666666668,
5_fedavg_backdoor_seed20240925,20240925,backdoor,fedavg,22,0.4889,0.141,
5_fedavg_backdoor_seed20240925,20240925,backdoor,fedavg,23,0.4947,0.13222222222222224,
5_fedavg_backdoor_seed20240925,20240925,backdoor,fedavg,24,0.4925,0.16311111111111107,
5_fedavg_backdoor_seed20240925,20240925,backdoor,fedavg,25,0.5066,0.13344444444444448,
5_fedavg_backdoor_seed20240925,20240925,backdoor,fedavg,26,0.5193,0.11322222222222224,
5_fedavg_backdoor_seed20240925,20240925,backdoor,fedavg,27,0.5254,0.12488888888888894,
5_fedavg_backdoor_seed20240925,20240925,backdoor,fedavg,28,0.5154,0.13711111111111104,
5_fedavg_backdoor_seed20240925,20240925,backdoor,fedavg,29,0.5428,0.10566666666666667,
5_fedavg_backdoor_seed20240925,20240925,backdoor,fedavg,30,0.5394,0.10511111111111107,
6_fltrust_backdoor_seed20240925,20240925,backdoor,fltrust,1,0.1862,0.286,
6_fltrust_backdoor_seed20240925,20240925,backdoor,fltrust,2,0.2497,0.1646666666666667,
6_fltrust_backdoor_seed20240925,20240925,backdoor,fltrust,3,0.2909,0.18588888888888896,
6_fltrust_backdoor_seed20240925,20240925,backdoor,fltrust,4,0.2893,0.256,
6_fltrust_backdoor_seed20240925,20240925,backdoor,fltrust,5,0.3232,0.21633333333333332,
6_fltrust_backdoor_seed20240925,20240925,backdoor,fltrust,6,0.3238,0.2625555555555555,
6_fltrust_backdoor_seed20240925,20240925,backdoor,fltrust,7,0.3696,0.08866666666666666,
6_fltrust_backdoor_seed20240925,20240925,backdoor,fltrust,8,0.319,0.2882222222222221,
6_fltrust_backdoor_seed20240925,20240925,backdoor,fltrust,9,0.3896,0.017555555555555564,
6_fltrust_backdoor_seed20240925,20240925,backdoor,fltrust,10,0.3114,0.34555555555555556,
6_fltrust_backdoor_seed20240925,20240925,backdoor,fltrust,11,0.4051,0.02555555555555556,
6_fltrust_backdoor_seed20240925,20240925,backdoor,fltrust,12,0.3197,0.39377777777777795,
6_fltrust_backdoor_seed20240925,20240925,backdoor,fltrust,13,0.4099,0.004222222222222221,
6_fltrust_backdoor_seed20240925,20240925,backdoor,fltrust,14,0.3541000000000001,0.367777777777778,
6_fltrust_backdoor_seed20240925,20240925,backdoor,fltrust,15,0.4374,0.01,
6_fltrust_backdoor_seed20240925,20240925,backdoor,fltrust,16,0.3415000000000001,0.3944444444444444,
6_fltrust_backdoor_seed20240925,20240925,backdoor,fltrust,17,0.4415,0.003222222222222221,
6_fltrust_backdoor_seed20240925,20240925,backdoor,fltrust,18,0.385,0.35633333333333334,
6_fltrust_backdoor_seed20240925,20240925,backdoor,fltrust,19,0.4695,0.005555555555555556,
6_fltrust_backdoor_seed20240925,20240925,backdoor,fltrust,20,0.3852999999999999,0.383222222222222,
6_fltrust_backdoor_seed20240925,20240925,backdoor,fltrust,21,0.4836,0.0058888888888888906,
6_fltrust_backdoor_seed20240925,20240925,backdoor,fltrust,22,0.3911,0.375888888888889,
6_fltrust_backdoor_seed20240925,20240925,backdoor,fltrust,23,0.4824,0.0026666666666666674,
6_fltrust_backdoor_seed20240925,20240925,backdoor,fltrust,24,0.3708,0.4304444444444443,
6_fltrust_backdoor_seed20240925,20240925,backdoor,fltrust,25,0.5006,0.0036666666666666657,
6_fltrust_backdoor_seed20240925,20240925,backdoor,fltrust,26,0.4392,0.31444444444444447,
6_fltrust_backdoor_seed20240925,20240925,backdoor,fltrust,27,0.5169,0.006,
6_fltrust_backdoor_seed20240925,20240925,backdoor,fltrust,28,0.382,0.4274444444444443,
6_fltrust_backdoor_seed20240925,20240925,backdoor,fltrust,29,0.5212,0.003,
6_fltrust_backdoor_seed20240925,20240925,backdoor,fltrust,30,0.4317,0.35466666666666663,
7_single_stream_backdoor_seed20240925,20240925,backdoor,single_stream,1,0.1748,0.332,0.0
7_single_stream_backdoor_seed20240925,20240925,backdoor,single_stream,2,0.2087,0.32477777777777794,0.05263157894736842
7_single_stream_backdoor_seed20240925,20240925,backdoor,single_stream,3,0.2694,0.193111111111111,0.15789473684210525
7_single_stream_backdoor_seed20240925,20240925,backdoor,single_stream,4,0.3086,0.09722222222222224,0.21052631578947367
7_single_stream_backdoor_seed20240925,20240925,backdoor,single_stream,5,0.3226,0.17566666666666667,0.15789473684210525
7_single_stream_backdoor_seed20240925,20240925,backdoor,single_stream,6,0.3348,0.22022222222222215,0.10526315789473684
7_single_stream_backdoor_seed20240925,20240925,backdoor,single_stream,7,0.3654,0.18611111111111103,0.10526315789473684
7_single_stream_backdoor_seed20240925,20240925,backdoor,single_stream,8,0.3747,0.18566666666666667,0.10526315789473684
7_single_stream_backdoor_seed20240925,20240925,backdoor,single_stream,9,0.3909000000000001,0.1655555555555555,0.10526315789473684
7_single_stream_backdoor_seed20240925,20240925,backdoor,single_stream,10,0.398,0.1645555555555555,0.05263157894736842
7_single_stream_backdoor_seed20240925,20240925,backdoor,single_stream,11,0.3968,0.1924444444444445,0.05263157894736842
7_single_stream_backdoor_seed20240925,20240925,backdoor,single_stream,12,0.4096,0.19666666666666663,0.05263157894736842
7_single_stream_backdoor_seed20240925,20240925,backdoor,single_stream,13,0.4281,0.1466666666666667,0.05263157894736842
7_single_stream_backdoor_seed20240925,20240925,backdoor,single_stream,14,0.4567,0.03955555555555556,0.10526315789473684
7_single_stream_backdoor_seed20240925,20240925,backdoor,single_stream,15,0.4187,0.226111111111111,0.15789473684210525
7_single_stream_backdoor_seed20240925,20240925,backdoor,single_stream,16,0.469,0.06988888888888888,0.15789473684210525
7_single_stream_backdoor_seed20240925,20240925,backdoor,single_stream,17,0.4541,0.17688888888888898,0.15789473684210525
7_single_stream_backdoor_seed20240925,20240925,backdoor,single_stream,18,0.4789,0.13266666666666668,0.05263157894736842
7_single_stream_backdoor_seed20240925,20240925,backdoor,single_stream,19,0.4821,0.14922222222222226,0.05263157894736842
7_single_stream_backdoor_seed20240925,20240925,backdoor,single_stream,20,0.5026,0.10833333333333332,0.10526315789473684
7_single_stream_backdoor_seed20240925,20240925,backdoor,single_stream,21,0.5071,0.12355555555555552,0.15789473684210525
7_single_stream_backdoor_seed20240925,20240925,backdoor,single_stream,22,0.5066,0.12011111111111106,0.15789473684210525
7_single_stream_backdoor_seed20240925,20240925,backdoor,single_stream,23,0.5158,0.11322222222222224,0.15789473684210525
7_single_stream_backdoor_seed20240925,20240925,backdoor,single_stream,24,0.5069,0.15588888888888897,0.10526315789473684
7_single_stream_backdoor_seed20240925,20240925,backdoor,single_stream,25,0.5372,0.08,0.10526315789473684
7_single_stream_backdoor_seed20240925,20240925,backdoor,single_stream,26,0.5347,0.10466666666666669,0.15789473684210525
7_single_stream_backdoor_seed20240925,20240925,backdoor,single_stream,27,0.5302,0.11577777777777776,0.21052631578947367
7_single_stream_backdoor_seed20240925,20240925,backdoor,single_stream,28,0.5354,0.1314444444444445,0.15789473684210525
7_single_stream_backdoor_seed20240925,20240925,backdoor,single_stream,29,0.5505,0.09433333333333334,0.15789473684210525
7_single_stream_backdoor_seed20240925,20240925,backdoor,single_stream,30,0.561,0.07911111111111112,0.10526315789473684
8_ttfl_backdoor_seed20240925,20240925,backdoor,ttfl,1,0.1759,0.3293333333333334,0.0
8_ttfl_backdoor_seed20240925,20240925,backdoor,ttfl,2,0.2098,0.2767777777777779,0.0
8_ttfl_backdoor_seed20240925,20240925,backdoor,ttfl,3,0.2588,0.267,0.0
8_ttfl_backdoor_seed20240925,20240925,backdoor,ttfl,4,0.3051,0.19566666666666666,0.0
8_ttfl_backdoor_seed20240925,20240925,backdoor,ttfl,5,0.3131,0.21966666666666668,0.0
8_ttfl_backdoor_seed20240925,20240925,backdoor,ttfl,6,0.3375,0.20633333333333337,0.0
8_ttfl_backdoor_seed20240925,20240925,backdoor,ttfl,7,0.359,0.1825555555555555,0.0
8_ttfl_backdoor_seed20240925,20240925,backdoor,ttfl,8,0.3699,0.1957777777777778,0.0
8_ttfl_backdoor_seed20240925,20240925,backdoor,ttfl,9,0.3775,0.19288888888888897,0.05263157894736842
8_ttfl_backdoor_seed20240925,20240925,backdoor,ttfl,10,0.3948,0.1594444444444445,0.05263157894736842
8_ttfl_backdoor_seed20240925,20240925,backdoor,ttfl,11,0.3993,0.17822222222222223,0.05263157894736842
8_ttfl_backdoor_seed20240925,20240925,backdoor,ttfl,12,0.4077,0.18511111111111103,0.05263157894736842
8_ttfl_backdoor_seed20240925,20240925,backdoor,ttfl,13,0.4269,0.146,0.05263157894736842
8_ttfl_backdoor_seed20240925,20240925,backdoor,ttfl,14,0.4515,0.11377777777777776,0.05263157894736842
8_ttfl_backdoor_seed20240925,20240925,backdoor,ttfl,15,0.4477,0.16211111111111107,0.05263157894736842
8_ttfl_backdoor_seed20240925,20240925,backdoor,ttfl,16,0.4468,0.1646666666666667,0.05263157894736842
8_ttfl_backdoor_seed20240925,20240925,backdoor,ttfl,17,0.456,0.14788888888888893,0.05263157894736842
8_ttfl_backdoor_seed20240925,20240925,backdoor,ttfl,18,0.4748,0.12888888888888894,0.05263157894736842
8_ttfl_backdoor_seed20240925,20240925,backdoor,ttfl,19,0.4796,0.14822222222222226,0.05263157894736842
8_ttfl_backdoor_seed20240925,20240925,backdoor,ttfl,20,0.4919,0.1224444444444445,0.05263157894736842
8_ttfl_backdoor_seed20240925,20240925,backdoor,ttfl,21,0.5105,0.11033333333333334,0.05263157894736842
8_ttfl_backdoor_seed20240925,20240925,backdoor,ttfl,22,0.5017,0.12411111111111106,0.05263157894736842
8_ttfl_backdoor_seed20240925,20240925,backdoor,ttfl,23,0.5124,0.11877777777777776,0.05263157894736842
8_ttfl_backdoor_seed20240925,20240925,backdoor,ttfl,24,0.505,0.1505555555555555,0.05263157894736842
8_ttfl_backdoor_seed20240925,20240925,backdoor,ttfl,25,0.5225,0.12122222222222225,0.05263157894736842
8_ttfl_backdoor_seed20240925,20240925,backdoor,ttfl,26,0.5366,0.08566666666666664,0.05263157894736842
8_ttfl_backdoor_seed20240925,20240925,backdoor,ttfl,27,0.5412,0.10466666666666669,0.05263157894736842
8_ttfl_backdoor_seed20240925,20240925,backdoor,ttfl,28,0.5343,0.11955555555555551,0.05263157894736842
8_ttfl_backdoor_seed20240925,20240925,backdoor,ttfl,29,0.552,0.09222222222222225,0.05263157894736842
8_ttfl_backdoor_seed20240925,20240925,backdoor,ttfl,30,0.5568,0.08722222222222224,0.05263157894736842
9_fedavg_delayed_backdoor_seed20240925,20240925,delayed_backdoor,fedavg,1,0.1716,0.1435555555555555,
9_fedavg_delayed_backdoor_seed20240925,20240925,delayed_backdoor,fedavg,2,0.226,0.1645555555555555,
9_fedavg_delayed_backdoor_seed20240925,20240925,delayed_backdoor,fedavg,3,0.272,0.13177777777777774,
9_fedavg_delayed_backdoor_seed20240925,20240925,delayed_backdoor,fedavg,4,0.3112,0.09011111111111111,
9_fedavg_delayed_backdoor_seed20240925,20240925,delayed_backdoor,fedavg,5,0.3223,0.14411111111111105,
9_fedavg_delayed_backdoor_seed20240925,20240925,delayed_backdoor,fedavg,6,0.3389,0.1216666666666667,
9_fedavg_delayed_backdoor_seed20240925,20240925,delayed_backdoor,fedavg,7,0.3695,0.09844444444444449,
9_fedavg_delayed_backdoor_seed20240925,20240925,delayed_backdoor,fedavg,8,0.3816,0.10666666666666667,
9_fedavg_delayed_backdoor_seed20240925,20240925,delayed_backdoor,fedavg,9,0.3936,0.09388888888888891,
9_fedavg_delayed_backdoor_seed20240925,20240925,delayed_backdoor,fedavg,10,0.4025000000000001,0.07122222222222226,
9_fedavg_delayed_backdoor_seed20240925,20240925,delayed_backdoor,fedavg,11,0.3775,0.23455555555555552,
9_fedavg_delayed_backdoor_seed20240925,20240925,delayed_backdoor,fedavg,12,0.4032,0.19988888888888898,
9_fedavg_delayed_backdoor_seed20240925,20240925,delayed_backdoor,fedavg,13,0.4112,0.17577777777777778,
9_fedavg_delayed_backdoor_seed20240925,20240925,delayed_backdoor,fedavg,14,0.4405,0.15011111111111103,
9_fedavg_delayed_backdoor_seed20240925,20240925,delayed_backdoor,fedavg,15,0.4263,0.194,
9_fedavg_delayed_backdoor_seed20240925,20240925,delayed_backdoor,fedavg,16,0.4373,0.17866666666666667,
9_fedavg_delayed_backdoor_seed20240925,20240925,delayed_backdoor,fedavg,17,0.4493,0.16788888888888898,
9_fedavg_delayed_backdoor_seed20240925,20240925,delayed_backdoor,fedavg,18,0.4675,0.14577777777777776,
9_fedavg_delayed_backdoor_seed20240925,20240925,delayed_backdoor,fedavg,19,0.4675,0.16233333333333327,
9_fedavg_delayed_backdoor_seed20240925,20240925,delayed_backdoor,fedavg,20,0.4878,0.14177777777777775,
9_fedavg_delayed_backdoor_seed20240925,20240925,delayed_backdoor,fedavg,21,0.4934,0.1314444444444445,
9_fedavg_delayed_backdoor_seed20240925,20240925,delayed_backdoor,fedavg,22,0.4929,0.13722222222222225,
9_fedavg_delayed_backdoor_seed20240925,20240925,delayed_backdoor,fedavg,23,0.5051,0.12222222222222225,
9_fedavg_delayed_backdoor_seed20240925,20240925,delayed_backdoor,fedavg,24,0.4972,0.16233333333333327,
9_fedavg_delayed_backdoor_seed20240925,20240925,delayed_backdoor,fedavg,25,0.5084,0.13322222222222224,
9_fedavg_delayed_backdoor_seed20240925,20240925,delayed_backdoor,fedavg,26,0.5265,0.111,
9_fedavg_delayed_backdoor_seed20240925,20240925,delayed_backdoor,fedavg,27,0.5303,0.1193333333333333,
9_fedavg_delayed_backdoor_seed20240925,20240925,delayed_backdoor,fedavg,28,0.5138,0.1395555555555555,
9_fedavg_delayed_backdoor_seed20240925,20240925,delayed_backdoor,fedavg,29,0.5444,0.10377777777777776,
9_fedavg_delayed_backdoor_seed20240925,20240925,delayed_backdoor,fedavg,30,0.5472,0.10199999999999998,
10_fltrust_delayed_backdoor_seed20240925,20240925,delayed_backdoor,fltrust,1,0.19769999999999996,0.10922222222222225,
10_fltrust_delayed_backdoor_seed20240925,20240925,delayed_backdoor,fltrust,2,0.2704,0.07633333333333336,
10_fltrust_delayed_backdoor_seed20240925,20240925,delayed_backdoor,fltrust,3,0.3066,0.04822222222222224,
10_fltrust_delayed_backdoor_seed20240925,20240925,delayed_backdoor,fltrust,4,0.3215,0.05311111111111112,
10_fltrust_delayed_backdoor_seed20240925,20240925,delayed_backdoor,fltrust,5,0.3365,0.10311111111111107,
10_fltrust_delayed_backdoor_seed20240925,20240925,delayed_backdoor,fltrust,6,0.3557,0.1426666666666667,
10_fltrust_delayed_backdoor_seed20240925,20240925,delayed_backdoor,fltrust,7,0.3615999999999999,0.03922222222222224,
10_fltrust_delayed_backdoor_seed20240925,20240925,delayed_backdoor,fltrust,8,0.3728,0.13522222222222224,
10_fltrust_delayed_backdoor_seed20240925,20240925,delayed_backdoor,fltrust,9,0.3951,0.04266666666666668,
10_fltrust_delayed_backdoor_seed20240925,20240925,delayed_backdoor,fltrust,10,0.3879,0.12133333333333331,
10_fltrust_delayed_backdoor_seed20240925,20240925,delayed_backdoor,fltrust,11,0.4089,0.05133333333333334,
10_fltrust_delayed_backdoor_seed20240925,20240925,delayed_backdoor,fltrust,12,0.3317,0.39788888888888896,
10_fltrust_delayed_backdoor_seed20240925,20240925,delayed_backdoor,fltrust,13,0.4139,0.004,
10_fltrust_delayed_backdoor_seed20240925,20240925,delayed_backdoor,fltrust,14,0.381,0.32077777777777794,
10_fltrust_delayed_backdoor_seed20240925,20240925,delayed_backdoor,fltrust,15,0.4342,0.00788888888888889,
10_fltrust_delayed_backdoor_seed20240925,20240925,delayed_backdoor,fltrust,16,0.3524,0.3923333333333333,
10_fltrust_delayed_backdoor_seed20240925,20240925,delayed_backdoor,fltrust,17,0.4423,0.004444444444444445,
10_fltrust_delayed_backdoor_seed20240925,20240925,delayed_backdoor,fltrust,18,0.3827,0.38544444444444437,
10_fltrust_delayed_backdoor_seed20240925,20240925,delayed_backdoor,fltrust,19,0.4665,0.004666666666666665,
10_fltrust_delayed_backdoor_seed20240925,20240925,delayed_backdoor,fltrust,20,0.3905,0.375888888888889,
10_fltrust_delayed_backdoor_seed20240925,20240925,delayed_backdoor,fltrust,21,0.4838,0.004555555555555555,
10_fltrust_delayed_backdoor_seed20240925,20240925,delayed_backdoor,fltrust,22,0.3879,0.38677777777777794,
10_fltrust_delayed_backdoor_seed20240925,20240925,delayed_backdoor,fltrust,23,0.4834,0.0026666666666666674,
10_fltrust_delayed_backdoor_seed20240925,20240925,delayed_backdoor,fltrust,24,0.3778000000000001,0.42411111111111105,
10_fltrust_delayed_backdoor_seed20240925,20240925,delayed_backdoor,fltrust,25,0.5047,0.004222222222222221,
10_fltrust_delayed_backdoor_seed20240925,20240925,delayed_backdoor,fltrust,26,0.4361,0.3275555555555555,
10_fltrust_delayed_backdoor_seed20240925,20240925,delayed_backdoor,fltrust,27,0.5255,0.005777777777777781,
10_fltrust_delayed_backdoor_seed20240925,20240925,delayed_backdoor,fltrust,28,0.3913,0.418,
10_fltrust_delayed_backdoor_seed20240925,20240925,delayed_backdoor,fltrust,29,0.5261,0.0033333333333333335,
10_fltrust_delayed_backdoor_seed20240925,20240925,delayed_backdoor,fltrust,30,0.4487,0.33577777777777795,
11_single_stream_delayed_backdoor_seed20240925,20240925,delayed_backdoor,single_stream,1,0.1718,0.13344444444444448,0.0
11_single_stream_delayed_backdoor_seed20240925,20240925,delayed_backdoor,single_stream,2,0.2389,0.16433333333333328,0.05263157894736842
11_single_stream_delayed_backdoor_seed20240925,20240925,delayed_backdoor,single_stream,3,0.2831,0.031333333333333324,0.15789473684210525
11_single_stream_delayed_backdoor_seed20240925,20240925,delayed_backdoor,single_stream,4,0.3102,0.01788888888888888,0.21052631578947367
11_single_stream_delayed_backdoor_seed20240925,20240925,delayed_backdoor,single_stream,5,0.3353999999999999,0.08322222222222224,0.15789473684210525
11_single_stream_delayed_backdoor_seed20240925,20240925,delayed_backdoor,single_stream,6,0.3622,0.08266666666666664,0.10526315789473684
11_single_stream_delayed_backdoor_seed20240925,20240925,delayed_backdoor,single_stream,7,0.3665,0.03,0.21052631578947367
11_single_stream_delayed_backdoor_seed20240925,20240925,delayed_backdoor,single_stream,8,0.4023,0.07933333333333335,0.10526315789473684
11_single_stream_delayed_backdoor_seed20240925,20240925,delayed_backdoor,single_stream,9,0.3987,0.05577777777777775,0.21052631578947367
11_single_stream_delayed_backdoor_seed20240925,20240925,delayed_backdoor,single_stream,10,0.4212,0.06933333333333334,0.21052631578947367
11_single_stream_delayed_backdoor_seed20240925,20240925,delayed_backdoor,single_stream,11,0.3557,0.3164444444444445,0.15789473684210525
11_single_stream_delayed_backdoor_seed20240925,20240925,delayed_backdoor,single_stream,12,0.398,0.25,0.15789473684210525
11_single_stream_delayed_backdoor_seed20240925,20240925,delayed_backdoor,single_stream,13,0.4164,0.20388888888888898,0.15789473684210525
11_single_stream_delayed_backdoor_seed20240925,20240925,delayed_backdoor,single_stream,14,0.4469,0.1366666666666667,0.21052631578947367
11_single_stream_delayed_backdoor_seed20240925,20240925,delayed_backdoor,single_stream,15,0.468,0.08111111111111112,0.21052631578947367
11_single_stream_delayed_backdoor_seed20240925,20240925,delayed_backdoor,single_stream,16,0.4681,0.08588888888888889,0.21052631578947367
11_single_stream_delayed_backdoor_seed20240925,20240925,delayed_backdoor,single_stream,17,0.475,0.08933333333333333,0.21052631578947367
11_single_stream_delayed_backdoor_seed20240925,20240925,delayed_backdoor,single_stream,18,0.4912,0.06688888888888887,0.21052631578947367
11_single_stream_delayed_backdoor_seed20240925,20240925,delayed_backdoor,single_stream,19,0.49,0.10288888888888892,0.15789473684210525
11_single_stream_delayed_backdoor_seed20240925,20240925,delayed_backdoor,single_stream,20,0.5064,0.06933333333333334,0.21052631578947367
11_single_stream_delayed_backdoor_seed20240925,20240925,delayed_backdoor,single_stream,21,0.5105,0.06077777777777776,0.2631578947368421
11_single_stream_delayed_backdoor_seed20240925,20240925,delayed_backdoor,single_stream,22,0.519,0.05844444444444446,0.21052631578947367
11_single_stream_delayed_backdoor_seed20240925,20240925,delayed_backdoor,single_stream,23,0.5257,0.06477777777777775,0.21052631578947367
11_single_stream_delayed_backdoor_seed20240925,20240925,delayed_backdoor,single_stream,24,0.5003,0.17666666666666667,0.15789473684210525
11_single_stream_delayed_backdoor_seed20240925,20240925,delayed_backdoor,single_stream,25,0.5459,0.07122222222222226,0.21052631578947367
11_single_stream_delayed_backdoor_seed20240925,20240925,delayed_backdoor,single_stream,26,0.5374,0.10511111111111107,0.21052631578947367
11_single_stream_delayed_backdoor_seed20240925,20240925,delayed_backdoor,single_stream,27,0.551,0.06077777777777776,0.21052631578947367
11_single_stream_delayed_backdoor_seed20240925,20240925,delayed_backdoor,single_stream,28,0.5212,0.1616666666666667,0.15789473684210525
11_single_stream_delayed_backdoor_seed20240925,20240925,delayed_backdoor,single_stream,29,0.5629,0.05766666666666666,0.15789473684210525
11_single_stream_delayed_backdoor_seed20240925,20240925,delayed_backdoor,single_stream,30,0.5531,0.12155555555555551,0.15789473684210525
12_ttfl_delayed_backdoor_seed20240925,20240925,delayed_backdoor,ttfl,1,0.1693,0.13444444444444448,0.0
12_ttfl_delayed_backdoor_seed20240925,20240925,delayed_backdoor,ttfl,2,0.2298,0.12255555555555551,0.0
12_ttfl_delayed_backdoor_seed20240925,20240925,delayed_backdoor,ttfl,3,0.2905,0.08166666666666664,0.0
12_ttfl_delayed_backdoor_seed20240925,20240925,delayed_backdoor,ttfl,4,0.3221,0.060222222222222246,0.0
12_ttfl_delayed_backdoor_seed20240925,20240925,delayed_backdoor,ttfl,5,0.3384,0.10044444444444449,0.0
12_ttfl_delayed_backdoor_seed20240925,20240925,delayed_backdoor,ttfl,6,0.3569,0.08477777777777776,0.0
12_ttfl_delayed_backdoor_seed20240925,20240925,delayed_backdoor,ttfl,7,0.3799,0.07488888888888888,0.0
12_ttfl_delayed_backdoor_seed20240925,20240925,delayed_backdoor,ttfl,8,0.3922,0.09544444444444448,0.0
12_ttfl_delayed_backdoor_seed20240925,20240925,delayed_backdoor,ttfl,9,0.4029,0.07477777777777775,0.05263157894736842
12_ttfl_delayed_backdoor_seed20240925,20240925,delayed_backdoor,ttfl,10,0.4142,0.06433333333333335,0.05263157894736842
12_ttfl_delayed_backdoor_seed20240925,20240925,delayed_backdoor,ttfl,11,0.3655,0.2763333333333334,0.05263157894736842
12_ttfl_delayed_backdoor_seed20240925,20240925,delayed_backdoor,ttfl,12,0.4005,0.2352222222222221,0.05263157894736842
12_ttfl_delayed_backdoor_seed20240925,20240925,delayed_backdoor,ttfl,13,0.4269,0.16866666666666671,0.05263157894736842
12_ttfl_delayed_backdoor_seed20240925,20240925,delayed_backdoor,ttfl,14,0.4527,0.12977777777777774,0.05263157894736842
12_ttfl_delayed_backdoor_seed20240925,20240925,delayed_backdoor,ttfl,15,0.4522,0.16533333333333328,0.10526315789473684
12_ttfl_delayed_backdoor_seed20240925,20240925,delayed_backdoor,ttfl,16,0.4571,0.1445555555555555,0.10526315789473684
12_ttfl_delayed_backdoor_seed20240925,20240925,delayed_backdoor,ttfl,17,0.4591,0.14077777777777775,0.10526315789473684
12_ttfl_delayed_backdoor_seed20240925,20240925,delayed_backdoor,ttfl,18,0.4819,0.112,0.10526315789473684
12_ttfl_delayed_backdoor_seed20240925,20240925,delayed_backdoor,ttfl,19,0.4864,0.12688888888888894,0.10526315789473684
12_ttfl_delayed_backdoor_seed20240925,20240925,delayed_backdoor,ttfl,20,0.5028,0.10566666666666667,0.10526315789473684
12_ttfl_delayed_backdoor_seed20240925,20240925,delayed_backdoor,ttfl,21,0.5128,0.08855555555555551,0.10526315789473684
12_ttfl_delayed_backdoor_seed20240925,20240925,delayed_backdoor,ttfl,22,0.517,0.06877777777777774,0.10526315789473684
12_ttfl_delayed_backdoor_seed20240925,20240925,delayed_backdoor,ttfl,23,0.5159,0.08844444444444449,0.10526315789473684
12_ttfl_delayed_backdoor_seed20240925,20240925,delayed_backdoor,ttfl,24,0.5194,0.12622222222222224,0.10526315789473684
12_ttfl_delayed_backdoor_seed20240925,20240925,delayed_backdoor,ttfl,25,0.5238,0.1266666666666667,0.15789473684210525
12_ttfl_delayed_backdoor_seed20240925,20240925,delayed_backdoor,ttfl,26,0.5401,0.08977777777777776,0.15789473684210525
12_ttfl_delayed_backdoor_seed20240925,20240925,delayed_backdoor,ttfl,27,0.5384,0.107,0.15789473684210525
12_ttfl_delayed_backdoor_seed20240925,20240925,delayed_backdoor,ttfl,28,0.5399,0.10811111111111107,0.10526315789473684
12_ttfl_delayed_backdoor_seed20240925,20240925,delayed_backdoor,ttfl,29,0.5566,0.08544444444444449,0.10526315789473684
12_ttfl_delayed_backdoor_seed20240925,20240925,delayed_backdoor,ttfl,30,0.5632,0.08066666666666664,0.10526315789473684
13_fedavg_none_seed20240926,20240926,none,fedavg,1,0.2039,0.1455555555555555,
13_fedavg_none_seed20240926,20240926,none,fedavg,2,0.254,0.19022222222222218,
13_fedavg_none_seed20240926,20240926,none,fedavg,3,0.2859,0.07511111111111113,
13_fedavg_none_seed20240926,20240926,none,fedavg,4,0.307,0.14788888888888893,
13_fedavg_none_seed20240926,20240926,none,fedavg,5,0.3361,0.08311111111111111,
13_fedavg_none_seed20240926,20240926,none,fedavg,6,0.3623,0.107,
13_fedavg_none_seed20240926,20240926,none,fedavg,7,0.379,0.09433333333333334,
13_fedavg_none_seed20240926,20240926,none,fedavg,8,0.4003,0.097,
13_fedavg_none_seed20240926,20240926,none,fedavg,9,0.4006,0.07577777777777775,
13_fedavg_none_seed20240926,20240926,none,fedavg,10,0.4291,0.06666666666666665,
13_fedavg_none_seed20240926,20240926,none,fedavg,11,0.441,0.06177777777777776,
13_fedavg_none_seed20240926,20240926,none,fedavg,12,0.4483,0.07255555555555553,
13_fedavg_none_seed20240926,20240926,none,fedavg,13,0.4481,0.05855555555555553,
13_fedavg_none_seed20240926,20240926,none,fedavg,14,0.4603,0.06222222222222224,
13_fedavg_none_seed20240926,20240926,none,fedavg,15,0.4745,0.08488888888888889,
13_fedavg_none_seed20240926,20240926,none,fedavg,16,0.4808,0.06255555555555553,
13_fedavg_none_seed20240926,20240926,none,fedavg,17,0.4898,0.056666666666666664,
13_fedavg_none_seed20240926,20240926,none,fedavg,18,0.4988,0.05477777777777776,
13_fedavg_none_seed20240926,20240926,none,fedavg,19,0.5058,0.05277777777777776,
13_fedavg_none_seed20240926,20240926,none,fedavg,20,0.5079,0.04844444444444445,
13_fedavg_none_seed20240926,20240926,none,fedavg,21,0.5187,0.04911111111111112,
13_fedavg_none_seed20240926,20240926,none,fedavg,22,0.5254,0.04555555555555555,
13_fedavg_none_seed20240926,20240926,none,fedavg,23,0.5261,0.050777777777777755,
13_fedavg_none_seed20240926,20240926,none,fedavg,24,0.5357,0.05144444444444446,
13_fedavg_none_seed20240926,20240926,none,fedavg,25,0.5394,0.052222222222222246,
13_fedavg_none_seed20240926,20240926,none,fedavg,26,0.5444,0.036666666666666674,
13_fedavg_none_seed20240926,20240926,none,fedavg,27,0.5519,0.04066666666666668,
13_fedavg_none_seed20240926,20240926,none,fedavg,28,0.5571,0.039111111111111124,
13_fedavg_none_seed20240926,20240926,none,fedavg,29,0.5652,0.04911111111111112,
13_fedavg_none_seed20240926,20240926,none,fedavg,30,0.568,0.038,
14_fltrust_none_seed20240926,20240926,none,fltrust,1,0.2193,0.16733333333333328,
14_fltrust_none_seed20240926,20240926,none,fltrust,2,0.2719,0.1395555555555555,
14_fltrust_none_seed20240926,20240926,none,fltrust,3,0.2926,0.03566666666666667,
14_fltrust_none_seed20240926,20240926,none,fltrust,4,0.3377,0.0958888888888889,
14_fltrust_none_seed20240926,20240926,none,fltrust,5,0.3477,0.05811111111111112,
14_fltrust_none_seed20240926,20240926,none,fltrust,6,0.3819,0.08166666666666664,
14_fltrust_none_seed20240926,20240926,none,fltrust,7,0.3798000000000001,0.09344444444444448,
14_fltrust_none_seed20240926,20240926,none,fltrust,8,0.4032,0.10577777777777776,
14_fltrust_none_seed20240926,20240926,none,fltrust,9,0.377,0.0965555555555555,
14_fltrust_none_seed20240926,20240926,none,fltrust,10,0.4119,0.05955555555555553,
14_fltrust_none_seed20240926,20240926,none,fltrust,11,0.3998,0.10366666666666668,
14_fltrust_none_seed20240926,20240926,none,fltrust,12,0.4273,0.05322222222222225,
14_fltrust_none_seed20240926,20240926,none,fltrust,13,0.4063,0.077,
14_fltrust_none_seed20240926,20240926,none,fltrust,14,0.4394,0.051777777777777756,
14_fltrust_none_seed20240926,20240926,none,fltrust,15,0.4502,0.1186666666666667,
14_fltrust_none_seed20240926,20240926,none,fltrust,16,0.4546,0.046,
14_fltrust_none_seed20240926,20240926,none,fltrust,17,0.4635,0.09166666666666666,
14_fltrust_none_seed20240926,20240926,none,fltrust,18,0.4723,0.04955555555555555,
14_fltrust_none_seed20240926,20240926,none,fltrust,19,0.4644,0.06244444444444447,
14_fltrust_none_seed20240926,20240926,none,fltrust,20,0.483,0.03655555555555556,
14_fltrust_none_seed20240926,20240926,none,fltrust,21,0.4919,0.06833333333333334,
14_fltrust_none_seed20240926,20240926,none,fltrust,22,0.5005,0.03633333333333333,
14_fltrust_none_seed20240926,20240926,none,fltrust,23,0.5052,0.06755555555555554,
14_fltrust_none_seed20240926,20240926,none,fltrust,24,0.5137,0.042555555555555555,
14_fltrust_none_seed20240926,20240926,none,fltrust,25,0.5152,0.06977777777777774,
14_fltrust_none_seed20240926,20240926,none,fltrust,26,0.5215,0.029888888888888878,
14_fltrust_none_seed20240926,20240926,none,fltrust,27,0.5237,0.06788888888888887,
14_fltrust_none_seed20240926,20240926,none,fltrust,28,0.5326,0.03355555555555556,
14_fltrust_none_seed20240926,20240926,none,fltrust,29,0.5585,0.06555555555555553,
14_fltrust_none_seed20240926,20240926,none,fltrust,30,0.5346,0.02877777777777777,
15_single_stream_none_seed20240926,20240926,none,single_stream,1,0.2201,0.179,0.0
15_single_stream_none_seed20240926,20240926,none,single_stream,2,0.2644,0.19422222222222219,0.0
15_single_stream_none_seed20240926,20240926,none,single_stream,3,0.2786,0.004777777777777779,0.15
15_single_stream_none_seed20240926,20240926,none,single_stream,4,0.3116,0.06622222222222224,0.3
15_single_stream_none_seed20240926,20240926,none,single_stream,5,0.3425000000000001,0.029333333333333326,0.25
15_single_stream_none_seed20240926,20240926,none,single_stream,6,0.3741,0.053,0.2
15_single_stream_none_seed20240926,20240926,none,single_stream,7,0.3857,0.040111111111111125,0.25
15_single_stream_none_seed20240926,20240926,none,single_stream,8,0.4087,0.06833333333333334,0.2
15_single_stream_none_seed20240926,20240926,none,single_stream,9,0.4069,0.10044444444444449,0.1
15_single_stream_none_seed20240926,20240926,none,single_stream,10,0.4379,0.053888888888888875,0.15
15_single_stream_none_seed20240926,20240926,none,single_stream,11,0.4505,0.05533333333333334,0.15
15_single_stream_none_seed20240926,20240926,none,single_stream,12,0.4563,0.06055555555555553,0.15
15_single_stream_none_seed20240926,20240926,none,single_stream,13,0.4521,0.07522222222222225,0.1
15_single_stream_none_seed20240926,20240926,none,single_stream,14,0.4673,0.05111111111111112,0.15
15_single_stream_none_seed20240926,20240926,none,single_stream,15,0.483,0.09322222222222225,0.1
15_single_stream_none_seed20240926,20240926,none,single_stream,16,0.489,0.07055555555555552,0.1
15_single_stream_none_seed20240926,20240926,none,single_stream,17,0.4962,0.042555555555555555,0.15
15_single_stream_none_seed20240926,20240926,none,single_stream,18,0.5037,0.04566666666666667,0.15
15_single_stream_none_seed20240926,20240926,none,single_stream,19,0.5097,0.06477777777777775,0.1
15_single_stream_none_seed20240926,20240926,none,single_stream,20,0.5169,0.05444444444444446,0.1
15_single_stream_none_seed20240926,20240926,none,single_stream,21,0.5226,0.05855555555555553,0.1
15_single_stream_none_seed20240926,20240926,none,single_stream,22,0.5334,0.03833333333333332,0.15
15_single_stream_none_seed20240926,20240926,none,single_stream,23,0.5333,0.053888888888888875,0.1
15_single_stream_none_seed20240926,20240926,none,single_stream,24,0.5432,0.05377777777777776,0.1
15_single_stream_none_seed20240926,20240926,none,single_stream,25,0.5493,0.05788888888888888,0.1
15_single_stream_none_seed20240926,20240926,none,single_stream,26,0.5452,0.032,0.15
15_single_stream_none_seed20240926,20240926,none,single_stream,27,0.5589,0.046888888888888876,0.1
15_single_stream_none_seed20240926,20240926,none,single_stream,28,0.5679,0.04455555555555556,0.1
15_single_stream_none_seed20240926,20240926,none,single_stream,29,0.5707,0.04088888888888888,0.1
15_single_stream_none_seed20240926,20240926,none,single_stream,30,0.5776,0.03944444444444444,0.1
16_ttfl_none_seed20240926,20240926,none,ttfl,1,0.2229,0.16844444444444448,0.0
16_ttfl_none_seed20240926,20240926,none,ttfl,2,0.2625,0.1955555555555555,0.0
16_ttfl_none_seed20240926,20240926,none,ttfl,3,0.2994,0.061666666666666654,0.0
16_ttfl_none_seed20240926,20240926,none,ttfl,4,0.3213,0.137,0.0
16_ttfl_none_seed20240926,20240926,none,ttfl,5,0.3476,0.07277777777777775,0.0
16_ttfl_none_seed20240926,20240926,none,ttfl,6,0.3778000000000001,0.07988888888888888,0.0
16_ttfl_none_seed20240926,20240926,none,ttfl,7,0.3874,0.07877777777777775,0.0
16_ttfl_none_seed20240926,20240926,none,ttfl,8,0.412,0.08711111111111111,0.0
16_ttfl_none_seed20240926,20240926,none,ttfl,9,0.4097,0.05588888888888888,0.0
16_ttfl_none_seed20240926,20240926,none,ttfl,10,0.43,0.059,0.1
16_ttfl_none_seed20240926,20240926,none,ttfl,11,0.4477,0.05377777777777776,0.1
16_ttfl_none_seed20240926,20240926,none,ttfl,12,0.4509,0.07333333333333335,0.1
16_ttfl_none_seed20240926,20240926,none,ttfl,13,0.4468,0.06244444444444447,0.1
16_ttfl_none_seed20240926,20240926,none,ttfl,14,0.4609,0.066,0.1
16_ttfl_none_seed20240926,20240926,none,ttfl,15,0.4784,0.07944444444444448,0.1
16_ttfl_none_seed20240926,20240926,none,ttfl,16,0.4815,0.05988888888888888,0.1
16_ttfl_none_seed20240926,20240926,none,ttfl,17,0.4929,0.05144444444444446,0.1
16_ttfl_none_seed20240926,20240926,none,ttfl,18,0.4992,0.04944444444444445,0.1
16_ttfl_none_seed20240926,20240926,none,ttfl,19,0.5099,0.05266666666666666,0.1
16_ttfl_none_seed20240926,20240926,none,ttfl,20,0.5146,0.047555555555555545,0.1
16_ttfl_none_seed20240926,20240926,none,ttfl,21,0.5284,0.04966666666666666,0.1
16_ttfl_none_seed20240926,20240926,none,ttfl,22,0.5331,0.04388888888888888,0.1
16_ttfl_none_seed20240926,20240926,none,ttfl,23,0.5366,0.04955555555555555,0.1
16_ttfl_none_seed20240926,20240926,none,ttfl,24,0.5438,0.04911111111111112,0.1
16_ttfl_none_seed20240926,20240926,none,ttfl,25,0.5467,0.05044444444444445,0.05
16_ttfl_none_seed20240926,20240926,none,ttfl,26,0.5531,0.03777777777777776,0.05
16_ttfl_none_seed20240926,20240926,none,ttfl,27,0.5561,0.03922222222222224,0.05
16_ttfl_none_seed20240926,20240926,none,ttfl,28,0.5651,0.04088888888888888,0.05
16_ttfl_none_seed20240926,20240926,none,ttfl,29,0.5724,0.04988888888888888,0.05
16_ttfl_none_seed20240926,20240926,none,ttfl,30,0.5758,0.03811111111111112,0.05
17_fedavg_backdoor_seed20240926,20240926,backdoor,fedavg,1,0.1754,0.46455555555555567,
17_fedavg_backdoor_seed20240926,20240926,backdoor,fedavg,2,0.222,0.382222222222222,
17_fedavg_backdoor_seed20240926,20240926,backdoor,fedavg,3,0.2551,0.33844444444444444,
17_fedavg_backdoor_seed20240926,20240926,backdoor,fedavg,4,0.2673,0.33088888888888895,
17_fedavg_backdoor_seed20240926,20240926,backdoor,fedavg,5,0.3063,0.263111111111111,
17_fedavg_backdoor_seed20240926,20240926,backdoor,fedavg,6,0.3255,0.2656666666666666,
17_fedavg_backdoor_seed20240926,20240926,backdoor,fedavg,7,0.3427,0.2352222222222221,
17_fedavg_backdoor_seed20240926,20240926,backdoor,fedavg,8,0.3659,0.223111111111111,
17_fedavg_backdoor_seed20240926,20240926,backdoor,fedavg,9,0.3681,0.20566666666666664,
17_fedavg_backdoor_seed20240926,20240926,backdoor,fedavg,10,0.3977,0.17755555555555552,
17_fedavg_backdoor_seed20240926,20240926,backdoor,fedavg,11,0.4106,0.168,
17_fedavg_backdoor_seed20240926,20240926,backdoor,fedavg,12,0.4206,0.17033333333333328,
17_fedavg_backdoor_seed20240926,20240926,backdoor,fedavg,13,0.432,0.1505555555555555,
17_fedavg_backdoor_seed20240926,20240926,backdoor,fedavg,14,0.4335,0.15922222222222224,
17_fedavg_backdoor_seed20240926,20240926,backdoor,fedavg,15,0.4487,0.17422222222222222,
17_fedavg_backdoor_seed20240926,20240926,backdoor,fedavg,16,0.4602,0.1503333333333333,
17_fedavg_backdoor_seed20240926,20240926,backdoor,fedavg,17,0.4718,0.12822222222222224,
17_fedavg_backdoor_seed20240926,20240926,backdoor,fedavg,18,0.4743,0.1313333333333333,
17_fedavg_backdoor_seed20240926,20240926,backdoor,fedavg,19,0.4878,0.11988888888888895,
17_fedavg_backdoor_seed20240926,20240926,backdoor,fedavg,20,0.4932,0.11688888888888892,
17_fedavg_backdoor_seed20240926,20240926,backdoor,fedavg,21,0.5011,0.117,
17_fedavg_backdoor_seed20240926,20240926,backdoor,fedavg,22,0.5131,0.10566666666666667,
17_fedavg_backdoor_seed20240926,20240926,backdoor,fedavg,23,0.5121,0.122,
17_fedavg_backdoor_seed20240926,20240926,backdoor,fedavg,24,0.5171,0.11322222222222224,
17_fedavg_backdoor_seed20240926,20240926,backdoor,fedavg,25,0.5222,0.11333333333333333,
17_fedavg_backdoor_seed20240926,20240926,backdoor,fedavg,26,0.5291,0.08755555555555551,
17_fedavg_backdoor_seed20240926,20240926,backdoor,fedavg,27,0.5298,0.10811111111111107,
17_fedavg_backdoor_seed20240926,20240926,backdoor,fedavg,28,0.5411,0.09566666666666666,
17_fedavg_backdoor_seed20240926,20240926,backdoor,fedavg,29,0.548,0.10144444444444449,
17_fedavg_backdoor_seed20240926,20240926,backdoor,fedavg,30,0.5529,0.08500000000000002,
18_fltrust_backdoor_seed20240926,20240926,backdoor,fltrust,1,0.2001,0.3635555555555555,
18_fltrust_backdoor_seed20240926,20240926,backdoor,fltrust,2,0.2686,0.21577777777777785,
18_fltrust_backdoor_seed20240926,20240926,backdoor,fltrust,3,0.296,0.08266666666666664,
18_fltrust_backdoor_seed20240926,20240926,backdoor,fltrust,4,0.3271,0.2017777777777778,
18_fltrust_backdoor_seed20240926,20240926,backdoor,fltrust,5,0.338,0.1525555555555555,
18_fltrust_backdoor_seed20240926,20240926,backdoor,fltrust,6,0.3756,0.09055555555555551,
18_fltrust_backdoor_seed20240926,20240926,backdoor,fltrust,7,0.3622,0.229,
18_fltrust_backdoor_seed20240926,20240926,backdoor,fltrust,8,0.4053,0.07355555555555553,
18_fltrust_backdoor_seed20240926,20240926,backdoor,fltrust,9,0.291,0.44577777777777794,
18_fltrust_backdoor_seed20240926,20240926,backdoor,fltrust,10,0.4041,0.00788888888888889,
18_fltrust_backdoor_seed20240926,20240926,backdoor,fltrust,11,0.3464,0.35877777777777786,
18_fltrust_backdoor_seed20240926,20240926,backdoor,fltrust,12,0.4308,0.010444444444444438,
18_fltrust_backdoor_seed20240926,20240926,backdoor,fltrust,13,0.3592,0.36222222222222206,
18_fltrust_backdoor_seed20240926,20240926,backdoor,fltrust,14,0.4361,0.012555555555555561,
18_fltrust_backdoor_seed20240926,20240926,backdoor,fltrust,15,0.3778000000000001,0.358888888888889,
18_fltrust_backdoor_seed20240926,20240926,backdoor,fltrust,16,0.4549,0.009777777777777781,
18_fltrust_backdoor_seed20240926,20240926,backdoor,fltrust,17,0.3907,0.35355555555555557,
18_fltrust_backdoor_seed20240926,20240926,backdoor,fltrust,18,0.4629,0.007222222222222219,
18_fltrust_backdoor_seed20240926,20240926,backdoor,fltrust,19,0.3953999999999999,0.36244444444444446,
18_fltrust_backdoor_seed20240926,20240926,backdoor,fltrust,20,0.4745,0.0048888888888888905,
18_fltrust_backdoor_seed20240926,20240926,backdoor,fltrust,21,0.4196,0.3254444444444445,
18_fltrust_backdoor_seed20240926,20240926,backdoor,fltrust,22,0.5016,0.0048888888888888905,
18_fltrust_backdoor_seed20240926,20240926,backdoor,fltrust,23,0.4245,0.34155555555555556,
18_fltrust_backdoor_seed20240926,20240926,backdoor,fltrust,24,0.504,0.0058888888888888906,
18_fltrust_backdoor_seed20240926,20240926,backdoor,fltrust,25,0.3922,0.41777777777777797,
18_fltrust_backdoor_seed20240926,20240926,backdoor,fltrust,26,0.5136,0.004222222222222221,
18_fltrust_backdoor_seed20240926,20240926,backdoor,fltrust,27,0.4238,0.37455555555555564,
18_fltrust_backdoor_seed20240926,20240926,backdoor,fltrust,28,0.5263,0.00677777777777778,
18_fltrust_backdoor_seed20240926,20240926,backdoor,fltrust,29,0.4673,0.29577777777777786,
18_fltrust_backdoor_seed20240926,20240926,backdoor,fltrust,30,0.5289,0.007666666666666667,
19_single_stream_backdoor_seed20240926,20240926,backdoor,single_stream,1,0.1878,0.4706666666666668,0.0
19_single_stream_backdoor_seed20240926,20240926,backdoor,single_stream,2,0.2357,0.35544444444444445,0.0
19_single_stream_backdoor_seed20240926,20240926,backdoor,single_stream,3,0.2655,0.0006666666666666669,0.21052631578947367
19_single_stream_backdoor_seed20240926,20240926,backdoor,single_stream,4,0.3079,0.05144444444444446,0.3157894736842105
19_single_stream_backdoor_seed20240926,20240926,backdoor,single_stream,5,0.3393,0.1746666666666667,0.2631578947368421
19_single_stream_backdoor_seed20240926,20240926,backdoor,single_stream,6,0.3623,0.17244444444444448,0.21052631578947367
19_single_stream_backdoor_seed20240926,20240926,backdoor,single_stream,7,0.386,0.049777777777777754,0.21052631578947367
19_single_stream_backdoor_seed20240926,20240926,backdoor,single_stream,8,0.3852,0.18888888888888897,0.21052631578947367
19_single_stream_backdoor_seed20240926,20240926,backdoor,single_stream,9,0.4049,0.13266666666666668,0.21052631578947367
19_single_stream_backdoor_seed20240926,20240926,backdoor,single_stream,10,0.4269,0.13444444444444448,0.15789473684210525
19_single_stream_backdoor_seed20240926,20240926,backdoor,single_stream,11,0.4344,0.12188888888888894,0.21052631578947367
19_single_stream_backdoor_seed20240926,20240926,backdoor,single_stream,12,0.4471,0.14222222222222225,0.15789473684210525
19_single_stream_backdoor_seed20240926,20240926,backdoor,single_stream,13,0.4524,0.11433333333333331,0.21052631578947367
19_single_stream_backdoor_seed20240926,20240926,backdoor,single_stream,14,0.4579,0.122,0.15789473684210525
19_single_stream_backdoor_seed20240926,20240926,backdoor,single_stream,15,0.4604,0.13277777777777774,0.10526315789473684
19_single_stream_backdoor_seed20240926,20240926,backdoor,single_stream,16,0.4757,0.11111111111111108,0.21052631578947367
19_single_stream_backdoor_seed20240926,20240926,backdoor,single_stream,17,0.4861,0.09533333333333334,0.10526315789473684
19_single_stream_backdoor_seed20240926,20240926,backdoor,single_stream,18,0.4886,0.10066666666666665,0.21052631578947367
19_single_stream_backdoor_seed20240926,20240926,backdoor,single_stream,19,0.5014,0.10244444444444449,0.15789473684210525
19_single_stream_backdoor_seed20240926,20240926,backdoor,single_stream,20,0.5071,0.08855555555555551,0.10526315789473684
19_single_stream_backdoor_seed20240926,20240926,backdoor,single_stream,21,0.513,0.1173333333333333,0.15789473684210525
19_single_stream_backdoor_seed20240926,20240926,backdoor,single_stream,22,0.5244,0.07411111111111113,0.10526315789473684
19_single_stream_backdoor_seed20240926,20240926,backdoor,single_stream,23,0.5183,0.10033333333333332,0.15789473684210525
19_single_stream_backdoor_seed20240926,20240926,backdoor,single_stream,24,0.5264,0.11,0.15789473684210525
19_single_stream_backdoor_seed20240926,20240926,backdoor,single_stream,25,0.5332,0.08666666666666666,0.10526315789473684
19_single_stream_backdoor_seed20240926,20240926,backdoor,single_stream,26,0.5359,0.07277777777777775,0.21052631578947367
19_single_stream_backdoor_seed20240926,20240926,backdoor,single_stream,27,0.5455,0.09233333333333334,0.05263157894736842
19_single_stream_backdoor_seed20240926,20240926,backdoor,single_stream,28,0.5505,0.032444444444444435,0.10526315789473684
19_single_stream_backdoor_seed20240926,20240926,backdoor,single_stream,29,0.5525,0.11133333333333334,0.15789473684210525
19_single_stream_backdoor_seed20240926,20240926,backdoor,single_stream,30,0.5596,0.02766666666666667,0.10526315789473684
20_ttfl_backdoor_seed20240926,20240926,backdoor,ttfl,1,0.18840000000000004,0.476,0.0
20_ttfl_backdoor_seed20240926,20240926,backdoor,ttfl,2,0.2382,0.34655555555555556,0.0
20_ttfl_backdoor_seed20240926,20240926,backdoor,ttfl,3,0.2816,0.2255555555555555,0.0
20_ttfl_backdoor_seed20240926,20240926,backdoor,ttfl,4,0.2982,0.251888888888889,0.0
20_ttfl_backdoor_seed20240926,20240926,backdoor,ttfl,5,0.3434,0.15611111111111103,0.0
20_ttfl_backdoor_seed20240926,20240926,backdoor,ttfl,6,0.3661,0.1585555555555555,0.0
20_ttfl_backdoor_seed20240926,20240926,backdoor,ttfl,7,0.3749,0.1635555555555555,0.0
20_ttfl_backdoor_seed20240926,20240926,backdoor,ttfl,8,0.3958,0.15688888888888897,0.0
20_ttfl_backdoor_seed20240926,20240926,backdoor,ttfl,9,0.4036,0.12922222222222224,0.0
20_ttfl_backdoor_seed20240926,20240926,backdoor,ttfl,10,0.4215,0.14377777777777775,0.05263157894736842
20_ttfl_backdoor_seed20240926,20240926,backdoor,ttfl,11,0.4387,0.11722222222222224,0.10526315789473684
20_ttfl_backdoor_seed20240926,20240926,backdoor,ttfl,12,0.4449,0.12788888888888894,0.10526315789473684
20_ttfl_backdoor_seed20240926,20240926,backdoor,ttfl,13,0.4527,0.10788888888888892,0.10526315789473684
20_ttfl_backdoor_seed20240926,20240926,backdoor,ttfl,14,0.4504,0.13566666666666669,0.05263157894736842
20_ttfl_backdoor_seed20240926,20240926,backdoor,ttfl,15,0.4633,0.155,0.05263157894736842
20_ttfl_backdoor_seed20240926,20240926,backdoor,ttfl,16,0.4748,0.11855555555555551,0.05263157894736842
20_ttfl_backdoor_seed20240926,20240926,backdoor,ttfl,17,0.4871,0.08699999999999998,0.10526315789473684
20_ttfl_backdoor_seed20240926,20240926,backdoor,ttfl,18,0.4943,0.09766666666666667,0.10526315789473684
20_ttfl_backdoor_seed20240926,20240926,backdoor,ttfl,19,0.5005,0.0911111111111111,0.10526315789473684
20_ttfl_backdoor_seed20240926,20240926,backdoor,ttfl,20,0.5072,0.09866666666666667,0.05263157894736842
20_ttfl_backdoor_seed20240926,20240926,backdoor,ttfl,21,0.5155,0.1008888888888889,0.05263157894736842
20_ttfl_backdoor_seed20240926,20240926,backdoor,ttfl,22,0.523,0.08422222222222224,0.05263157894736842
20_ttfl_backdoor_seed20240926,20240926,backdoor,ttfl,23,0.524,0.09455555555555552,0.05263157894736842
20_ttfl_backdoor_seed20240926,20240926,backdoor,ttfl,24,0.5331,0.09344444444444448,0.05263157894736842
20_ttfl_backdoor_seed20240926,20240926,backdoor,ttfl,25,0.5365,0.09288888888888891,0.05263157894736842
20_ttfl_backdoor_seed20240926,20240926,backdoor,ttfl,26,0.5417,0.07111111111111112,0.05263157894736842
20_ttfl_backdoor_seed20240926,20240926,backdoor,ttfl,27,0.545,0.08344444444444449,0.05263157894736842
20_ttfl_backdoor_seed20240926,20240926,backdoor,ttfl,28,0.5531,0.07733333333333335,0.05263157894736842
20_ttfl_backdoor_seed20240926,20240926,backdoor,ttfl,29,0.5642,0.07966666666666664,0.05263157894736842
20_ttfl_backdoor_seed20240926,20240926,backdoor,ttfl,30,0.5649,0.06288888888888888,0.05263157894736842
21_fedavg_delayed_backdoor_seed20240926,20240926,delayed_backdoor,fedavg,1,0.2036,0.14877777777777776,
21_fedavg_delayed_backdoor_seed20240926,20240926,delayed_backdoor,fedavg,2,0.2595,0.17422222222222222,
21_fedavg_delayed_backdoor_seed20240926,20240926,delayed_backdoor,fedavg,3,0.2893,0.07511111111111113,
21_fedavg_delayed_backdoor_seed20240926,20240926,delayed_backdoor,fedavg,4,0.3144,0.13588888888888895,
21_fedavg_delayed_backdoor_seed20240926,20240926,delayed_backdoor,fedavg,5,0.3413,0.07377777777777775,
21_fedavg_delayed_backdoor_seed20240926,20240926,delayed_backdoor,fedavg,6,0.3623,0.10555555555555551,
21_fedavg_delayed_backdoor_seed20240926,20240926,delayed_backdoor,fedavg,7,0.3763000000000001,0.09377777777777775,
21_fedavg_delayed_backdoor_seed20240926,20240926,delayed_backdoor,fedavg,8,0.4050000000000001,0.095,
21_fedavg_delayed_backdoor_seed20240926,20240926,delayed_backdoor,fedavg,9,0.4009,0.076,
21_fedavg_delayed_backdoor_seed20240926,20240926,delayed_backdoor,fedavg,10,0.4292,0.06722222222222224,
21_fedavg_delayed_backdoor_seed20240926,20240926,delayed_backdoor,fedavg,11,0.4103,0.19566666666666666,
21_fedavg_delayed_backdoor_seed20240926,20240926,delayed_backdoor,fedavg,12,0.4291,0.15588888888888897,
21_fedavg_delayed_backdoor_seed20240926,20240926,delayed_backdoor,fedavg,13,0.4337,0.1574444444444445,
21_fedavg_delayed_backdoor_seed20240926,20240926,delayed_backdoor,fedavg,14,0.4365,0.153,
21_fedavg_delayed_backdoor_seed20240926,20240926,delayed_backdoor,fedavg,15,0.4515,0.16733333333333328,
21_fedavg_delayed_backdoor_seed20240926,20240926,delayed_backdoor,fedavg,16,0.4626,0.1486666666666667,
21_fedavg_delayed_backdoor_seed20240926,20240926,delayed_backdoor,fedavg,17,0.4729,0.12622222222222224,
21_fedavg_delayed_backdoor_seed20240926,20240926,delayed_backdoor,fedavg,18,0.4806,0.12777777777777777,
21_fedavg_delayed_backdoor_seed20240926,20240926,delayed_backdoor,fedavg,19,0.4903,0.11688888888888892,
21_fedavg_delayed_backdoor_seed20240926,20240926,delayed_backdoor,fedavg,20,0.4939,0.11911111111111106,
21_fedavg_delayed_backdoor_seed20240926,20240926,delayed_backdoor,fedavg,21,0.5054,0.11177777777777775,
21_fedavg_delayed_backdoor_seed20240926,20240926,delayed_backdoor,fedavg,22,0.5169,0.1001111111111111,
21_fedavg_delayed_backdoor_seed20240926,20240926,delayed_backdoor,fedavg,23,0.5169,0.11144444444444448,
21_fedavg_delayed_backdoor_seed20240926,20240926,delayed_backdoor,fedavg,24,0.5196,0.11511111111111108,
21_fedavg_delayed_backdoor_seed20240926,20240926,delayed_backdoor,fedavg,25,0.527,0.11144444444444448,
21_fedavg_delayed_backdoor_seed20240926,20240926,delayed_backdoor,fedavg,26,0.5357,0.07755555555555552,
21_fedavg_delayed_backdoor_seed20240926,20240926,delayed_backdoor,fedavg,27,0.5336,0.10766666666666666,
21_fedavg_delayed_backdoor_seed20240926,20240926,delayed_backdoor,fedavg,28,0.545,0.09533333333333334,
21_fedavg_delayed_backdoor_seed20240926,20240926,delayed_backdoor,fedavg,29,0.55,0.10755555555555552,
21_fedavg_delayed_backdoor_seed20240926,20240926,delayed_backdoor,fedavg,30,0.5581,0.08555555555555551,
22_fltrust_delayed_backdoor_seed20240926,20240926,delayed_backdoor,fltrust,1,0.2212,0.1583333333333333,
22_fltrust_delayed_backdoor_seed20240926,20240926,delayed_backdoor,fltrust,2,0.2752,0.11722222222222224,
22_fltrust_delayed_backdoor_seed20240926,20240926,delayed_backdoor,fltrust,3,0.2916,0.02866666666666667,
22_fltrust_delayed_backdoor_seed20240926,20240926,delayed_backdoor,fltrust,4,0.3408,0.099,
22_fltrust_delayed_backdoor_seed20240926,20240926,delayed_backdoor,fltrust,5,0.3444,0.06055555555555553,
22_fltrust_delayed_backdoor_seed20240926,20240926,delayed_backdoor,fltrust,6,0.3802,0.07755555555555552,
22_fltrust_delayed_backdoor_seed20240926,20240926,delayed_backdoor,fltrust,7,0.3835,0.08611111111111111,
22_fltrust_delayed_backdoor_seed20240926,20240926,delayed_backdoor,fltrust,8,0.4098,0.09733333333333333,
22_fltrust_delayed_backdoor_seed20240926,20240926,delayed_backdoor,fltrust,9,0.3953,0.09088888888888888,
22_fltrust_delayed_backdoor_seed20240926,20240926,delayed_backdoor,fltrust,10,0.4216,0.06311111111111112,
22_fltrust_delayed_backdoor_seed20240926,20240926,delayed_backdoor,fltrust,11,0.3253,0.33977777777777796,
22_fltrust_delayed_backdoor_seed20240926,20240926,delayed_backdoor,fltrust,12,0.4207,0.015,
22_fltrust_delayed_backdoor_seed20240926,20240926,delayed_backdoor,fltrust,13,0.3386,0.383888888888889,
22_fltrust_delayed_backdoor_seed20240926,20240926,delayed_backdoor,fltrust,14,0.4323,0.008777777777777782,
22_fltrust_delayed_backdoor_seed20240926,20240926,delayed_backdoor,fltrust,15,0.3906,0.338,
22_fltrust_delayed_backdoor_seed20240926,20240926,delayed_backdoor,fltrust,16,0.449,0.009222222222222218,
22_fltrust_delayed_backdoor_seed20240926,20240926,delayed_backdoor,fltrust,17,0.39,0.36111111111111105,
22_fltrust_delayed_backdoor_seed20240926,20240926,delayed_backdoor,fltrust,18,0.4697,0.00855555555555556,
22_fltrust_delayed_backdoor_seed20240926,20240926,delayed_backdoor,fltrust,19,0.4036,0.33688888888888896,
22_fltrust_delayed_backdoor_seed20240926,20240926,delayed_backdoor,fltrust,20,0.4783,0.006444444444444442,
22_fltrust_delayed_backdoor_seed20240926,20240926,delayed_backdoor,fltrust,21,0.4184,0.3253333333333334,
22_fltrust_delayed_backdoor_seed20240926,20240926,delayed_backdoor,fltrust,22,0.4975,0.0048888888888888905,
22_fltrust_delayed_backdoor_seed20240926,20240926,delayed_backdoor,fltrust,23,0.4347,0.31655555555555553,
22_fltrust_delayed_backdoor_seed20240926,20240926,delayed_backdoor,fltrust,24,0.504,0.005555555555555556,
22_fltrust_delayed_backdoor_seed20240926,20240926,delayed_backdoor,fltrust,25,0.4194,0.35722222222222205,
22_fltrust_delayed_backdoor_seed20240926,20240926,delayed_backdoor,fltrust,26,0.5108,0.004333333333333334,
22_fltrust_delayed_backdoor_seed20240926,20240926,delayed_backdoor,fltrust,27,0.4334,0.35555555555555557,
22_fltrust_delayed_backdoor_seed20240926,20240926,delayed_backdoor,fltrust,28,0.5225,0.006222222222222219,
22_fltrust_delayed_backdoor_seed20240926,20240926,delayed_backdoor,fltrust,29,0.4797,0.2752222222222221,
22_fltrust_delayed_backdoor_seed20240926,20240926,delayed_backdoor,fltrust,30,0.5274,0.005777777777777781,
23_single_stream_delayed_backdoor_seed20240926,20240926,delayed_backdoor,single_stream,1,0.2184,0.17455555555555552,0.0
23_single_stream_delayed_backdoor_seed20240926,20240926,delayed_backdoor,single_stream,2,0.2618,0.2002222222222222,0.0
23_single_stream_delayed_backdoor_seed20240926,20240926,delayed_backdoor,single_stream,3,0.2739,0.004666666666666665,0.15789473684210525
23_single_stream_delayed_backdoor_seed20240926,20240926,delayed_backdoor,single_stream,4,0.3105,0.04366666666666667,0.2631578947368421
23_single_stream_delayed_backdoor_seed20240926,20240926,delayed_backdoor,single_stream,5,0.3523,0.03533333333333333,0.21052631578947367
23_single_stream_delayed_backdoor_seed20240926,20240926,delayed_backdoor,single_stream,6,0.3715,0.05711111111111112,0.21052631578947367
23_single_stream_delayed_backdoor_seed20240926,20240926,delayed_backdoor,single_stream,7,0.3836,0.04366666666666667,0.2631578947368421
23_single_stream_delayed_backdoor_seed20240926,20240926,delayed_backdoor,single_stream,8,0.4108,0.06877777777777774,0.21052631578947367
23_single_stream_delayed_backdoor_seed20240926,20240926,delayed_backdoor,single_stream,9,0.4001,0.075,0.15789473684210525
23_single_stream_delayed_backdoor_seed20240926,20240926,delayed_backdoor,single_stream,10,0.4396,0.05099999999999999,0.15789473684210525
23_single_stream_delayed_backdoor_seed20240926,20240926,delayed_backdoor,single_stream,11,0.3942,0.26688888888888895,0.10526315789473684
23_single_stream_delayed_backdoor_seed20240926,20240926,delayed_backdoor,single_stream,12,0.4421,0.15688888888888897,0.15789473684210525
23_single_stream_delayed_backdoor_seed20240926,20240926,delayed_backdoor,single_stream,13,0.4482,0.1406666666666667,0.21052631578947367
23_single_stream_delayed_backdoor_seed20240926,20240926,delayed_backdoor,single_stream,14,0.4556,0.13988888888888895,0.15789473684210525
23_single_stream_delayed_backdoor_seed20240926,20240926,delayed_backdoor,single_stream,15,0.4623,0.13322222222222224,0.10526315789473684
23_single_stream_delayed_backdoor_seed20240926,20240926,delayed_backdoor,single_stream,16,0.4802,0.11022222222222225,0.21052631578947367
23_single_stream_delayed_backdoor_seed20240926,20240926,delayed_backdoor,single_stream,17,0.4855,0.1021111111111111,0.15789473684210525
23_single_stream_delayed_backdoor_seed20240926,20240926,delayed_backdoor,single_stream,18,0.4936,0.10655555555555551,0.15789473684210525
23_single_stream_delayed_backdoor_seed20240926,20240926,delayed_backdoor,single_stream,19,0.5046,0.09177777777777775,0.21052631578947367
23_single_stream_delayed_backdoor_seed20240926,20240926,delayed_backdoor,single_stream,20,0.5129,0.02944444444444444,0.15789473684210525
23_single_stream_delayed_backdoor_seed20240926,20240926,delayed_backdoor,single_stream,21,0.5266,0.045,0.15789473684210525
23_single_stream_delayed_backdoor_seed20240926,20240926,delayed_backdoor,single_stream,22,0.5315,0.05044444444444445,0.10526315789473684
23_single_stream_delayed_backdoor_seed20240926,20240926,delayed_backdoor,single_stream,23,0.5326,0.06288888888888888,0.10526315789473684
23_single_stream_delayed_backdoor_seed20240926,20240926,delayed_backdoor,single_stream,24,0.5391,0.042444444444444444,0.15789473684210525
23_single_stream_delayed_backdoor_seed20240926,20240926,delayed_backdoor,single_stream,25,0.5431,0.059,0.10526315789473684
23_single_stream_delayed_backdoor_seed20240926,20240926,delayed_backdoor,single_stream,26,0.5497,0.04477777777777776,0.10526315789473684
23_single_stream_delayed_backdoor_seed20240926,20240926,delayed_backdoor,single_stream,27,0.5514,0.03733333333333332,0.10526315789473684
23_single_stream_delayed_backdoor_seed20240926,20240926,delayed_backdoor,single_stream,28,0.5537,0.10477777777777776,0.10526315789473684
23_single_stream_delayed_backdoor_seed20240926,20240926,delayed_backdoor,single_stream,29,0.5722,0.037,0.10526315789473684
23_single_stream_delayed_backdoor_seed20240926,20240926,delayed_backdoor,single_stream,30,0.564,0.093,0.10526315789473684
24_ttfl_delayed_backdoor_seed20240926,20240926,delayed_backdoor,ttfl,1,0.2204,0.16922222222222222,0.0
24_ttfl_delayed_backdoor_seed20240926,20240926,delayed_backdoor,ttfl,2,0.2666,0.192,0.0
24_ttfl_delayed_backdoor_seed20240926,20240926,delayed_backdoor,ttfl,3,0.2924,0.05911111111111112,0.0
24_ttfl_delayed_backdoor_seed20240926,20240926,delayed_backdoor,ttfl,4,0.3293,0.1234444444444445,0.0
24_ttfl_delayed_backdoor_seed20240926,20240926,delayed_backdoor,ttfl,5,0.3497,0.06766666666666665,0.0
24_ttfl_delayed_backdoor_seed20240926,20240926,delayed_backdoor,ttfl,6,0.3777,0.07322222222222224,0.0
24_ttfl_delayed_backdoor_seed20240926,20240926,delayed_backdoor,ttfl,7,0.3873,0.07655555555555552,0.0
24_ttfl_delayed_backdoor_seed20240926,20240926,delayed_backdoor,ttfl,8,0.4147,0.08244444444444449,0.0
24_ttfl_delayed_backdoor_seed20240926,20240926,delayed_backdoor,ttfl,9,0.4092,0.055111111111111125,0.10526315789473684
24_ttfl_delayed_backdoor_seed20240926,20240926,delayed_backdoor,ttfl,10,0.4309,0.051222222222222245,0.10526315789473684
24_ttfl_delayed_backdoor_seed20240926,20240926,delayed_backdoor,ttfl,11,0.3998,0.2464444444444445,0.10526315789473684
24_ttfl_delayed_backdoor_seed20240926,20240926,delayed_backdoor,ttfl,12,0.4354,0.17233333333333328,0.05263157894736842
24_ttfl_delayed_backdoor_seed20240926,20240926,delayed_backdoor,ttfl,13,0.4477,0.14277777777777775,0.05263157894736842
24_ttfl_delayed_backdoor_seed20240926,20240926,delayed_backdoor,ttfl,14,0.456,0.1343333333333333,0.05263157894736842
24_ttfl_delayed_backdoor_seed20240926,20240926,delayed_backdoor,ttfl,15,0.4639,0.14811111111111103,0.05263157894736842
24_ttfl_delayed_backdoor_seed20240926,20240926,delayed_backdoor,ttfl,16,0.48,0.1193333333333333,0.05263157894736842
24_ttfl_delayed_backdoor_seed20240926,20240926,delayed_backdoor,ttfl,17,0.4887,0.088,0.05263157894736842
24_ttfl_delayed_backdoor_seed20240926,20240926,delayed_backdoor,ttfl,18,0.4974,0.094,0.05263157894736842
24_ttfl_delayed_backdoor_seed20240926,20240926,delayed_backdoor,ttfl,19,0.5077,0.0898888888888889,0.05263157894736842
24_ttfl_delayed_backdoor_seed20240926,20240926,delayed_backdoor,ttfl,20,0.5111,0.08211111111111111,0.05263157894736842
24_ttfl_delayed_backdoor_seed20240926,20240926,delayed_backdoor,ttfl,21,0.5188,0.09511111111111109,0.05263157894736842
24_ttfl_delayed_backdoor_seed20240926,20240926,delayed_backdoor,ttfl,22,0.5247,0.08133333333333335,0.05263157894736842
24_ttfl_delayed_backdoor_seed20240926,20240926,delayed_backdoor,ttfl,23,0.525,0.09455555555555552,0.05263157894736842
24_ttfl_delayed_backdoor_seed20240926,20240926,delayed_backdoor,ttfl,24,0.5337,0.08833333333333333,0.05263157894736842
24_ttfl_delayed_backdoor_seed20240926,20240926,delayed_backdoor,ttfl,25,0.5396,0.08055555555555553,0.05263157894736842
24_ttfl_delayed_backdoor_seed20240926,20240926,delayed_backdoor,ttfl,26,0.5467,0.059,0.05263157894736842
24_ttfl_delayed_backdoor_seed20240926,20240926,delayed_backdoor,ttfl,27,0.5487,0.06588888888888887,0.05263157894736842
24_ttfl_delayed_backdoor_seed20240926,20240926,delayed_backdoor,ttfl,28,0.5604,0.05677777777777775,0.05263157894736842
24_ttfl_delayed_backdoor_seed20240926,20240926,delayed_backdoor,ttfl,29,0.5687,0.06077777777777776,0.05263157894736842
24_ttfl_delayed_backdoor_seed20240926,20240926,delayed_backdoor,ttfl,30,0.5703,0.04433333333333333,0.05263157894736842
