round,client_id,accuracy_percent,bd_asr_percent,cl_asr_percent
1,0,37.25,10.26,10.44
2,0,62.20,9.72,9.61
3,0,76.00,9.51,9.57
4,0,84.96,9.88,9.81
5,0,88.36,10.14,10.22
6,0,89.03,10.14,10.30
7,0,89.51,10.18,10.42
8,0,89.73,10.17,10.38
9,0,90.38,10.28,10.37
10,0,90.40,10.21,10.49
11,0,90.64,10.41,10.43
12,0,91.05,10.19,10.31
13,0,91.05,10.15,10.34
14,0,91.21,10.18,10.34
15,0,91.50,10.20,10.30
16,0,91.61,10.31,10.42
17,0,91.51,10.29,10.33
18,0,91.77,10.24,10.32
19,0,91.74,10.24,10.26
20,0,91.82,10.17,10.19
21,0,91.90,10.28,10.34
22,0,92.16,10.33,10.33
23,0,92.12,10.20,10.31
24,0,91.97,10.34,10.40
25,0,92.20,10.18,10.27
26,0,92.18,10.16,10.19
27,0,92.34,10.16,10.13
28,0,92.37,10.26,10.31
29,0,92.27,10.24,10.35
30,0,92.40,10.21,10.22
1,1,37.25,10.26,10.44
2,1,62.20,9.72,9.61
3,1,76.00,9.51,9.57
4,1,84.96,9.88,9.81
5,1,88.36,10.14,10.22
6,1,89.03,10.14,10.30
7,1,89.51,10.18,10.42
8,1,89.73,10.17,10.38
9,1,90.38,10.28,10.37
10,1,90.40,10.21,10.49
11,1,90.64,10.41,10.43
12,1,91.05,10.19,10.31
13,1,91.05,10.15,10.34
14,1,91.21,10.18,10.34
15,1,91.50,10.20,10.30
16,1,91.61,10.31,10.42
17,1,91.51,10.29,10.33
18,1,91.77,10.24,10.32
19,1,91.74,10.24,10.26
20,1,91.82,10.17,10.19
21,1,91.90,10.28,10.34
22,1,92.16,10.33,10.33
23,1,92.12,10.20,10.31
24,1,91.97,10.34,10.40
25,1,92.20,10.18,10.27
26,1,92.18,10.16,10.19
27,1,92.34,10.16,10.13
28,1,92.37,10.26,10.31
29,1,92.27,10.24,10.35
30,1,92.40,10.21,10.22
1,2,37.25,10.26,10.44
2,2,62.20,9.72,9.61
3,2,76.00,9.51,9.57
4,2,84.96,9.88,9.81
5,2,88.36,10.14,10.22
6,2,89.03,10.14,10.30
7,2,89.51,10.18,10.42
8,2,89.73,10.17,10.38
9,2,90.38,10.28,10.37
10,2,90.40,10.21,10.49
11,2,90.64,10.41,10.43
12,2,91.05,10.19,10.31
13,2,91.05,10.15,10.34
14,2,91.21,10.18,10.34
15,2,91.50,10.20,10.30
16,2,91.61,10.31,10.42
17,2,91.51,10.29,10.33
18,2,91.77,10.24,10.32
19,2,91.74,10.24,10.26
20,2,91.82,10.17,10.19
21,2,91.90,10.28,10.34
22,2,92.16,10.33,10.33
23,2,92.12,10.20,10.31
24,2,91.97,10.34,10.40
25,2,92.20,10.18,10.27
26,2,92.18,10.16,10.19
27,2,92.34,10.16,10.13
28,2,92.37,10.26,10.31
29,2,92.27,10.24,10.35
30,2,92.40,10.21,10.22
1,3,37.25,10.26,10.44
2,3,62.20,9.72,9.61
3,3,76.00,9.51,9.57
4,3,84.96,9.88,9.81
5,3,88.36,10.14,10.22
6,3,89.03,10.14,10.30
7,3,89.51,10.18,10.42
8,3,89.73,10.17,10.38
9,3,90.38,10.28,10.37
10,3,90.40,10.21,10.49
11,3,90.64,10.41,10.43
12,3,91.05,10.19,10.31
13,3,91.05,10.15,10.34
14,3,91.21,10.18,10.34
15,3,91.50,10.20,10.30
16,3,91.61,10.31,10.42
17,3,91.51,10.29,10.33
18,3,91.77,10.24,10.32
19,3,91.74,10.24,10.26
20,3,91.82,10.17,10.19
21,3,91.90,10.28,10.34
22,3,92.16,10.33,10.33
23,3,92.12,10.20,10.31
24,3,91.97,10.34,10.40
25,3,92.20,10.18,10.27
26,3,92.18,10.16,10.19
27,3,92.34,10.16,10.13
28,3,92.37,10.26,10.31
29,3,92.27,10.24,10.35
30,3,92.40,10.21,10.22
1,4,37.25,10.26,10.44
2,4,62.20,9.72,9.61
3,4,76.00,9.51,9.57
4,4,84.96,9.88,9.81
5,4,88.36,10.14,10.22
6,4,89.03,10.14,10.30
7,4,89.51,10.18,10.42
8,4,89.73,10.17,10.38
9,4,90.38,10.28,10.37
10,4,90.40,10.21,10.49
11,4,90.64,10.41,10.43
12,4,91.05,10.19,10.31
13,4,91.05,10.15,10.34
14,4,91.21,10.18,10.34
15,4,91.50,10.20,10.30
16,4,91.61,10.31,10.42
17,4,91.51,10.29,10.33
18,4,91.77,10.24,10.32
19,4,91.74,10.24,10.26
20,4,91.82,10.17,10.19
21,4,91.90,10.28,10.34
22,4,92.16,10.33,10.33
23,4,92.12,10.20,10.31
24,4,91.97,10.34,10.40
25,4,92.20,10.18,10.27
26,4,92.18,10.16,10.19
27,4,92.34,10.16,10.13
28,4,92.37,10.26,10.31
29,4,92.27,10.24,10.35
30,4,92.40,10.21,10.22
1,5,37.25,10.26,10.44
2,5,62.20,9.72,9.61
3,5,76.00,9.51,9.57
4,5,84.96,9.88,9.81
5,5,88.36,10.14,10.22
6,5,89.03,10.14,10.30
7,5,89.51,10.18,10.42
8,5,89.73,10.17,10.38
9,5,90.38,10.28,10.37
10,5,90.40,10.21,10.49
11,5,90.64,10.41,10.43
12,5,91.05,10.19,10.31
13,5,91.05,10.15,10.34
14,5,91.21,10.18,10.34
15,5,91.50,10.20,10.30
16,5,91.61,10.31,10.42
17,5,91.51,10.29,10.33
18,5,91.77,10.24,10.32
19,5,91.74,10.24,10.26
20,5,91.82,10.17,10.19
21,5,91.90,10.28,10.34
22,5,92.16,10.33,10.33
23,5,92.12,10.20,10.31
24,5,91.97,10.34,10.40
25,5,92.20,10.18,10.27
26,5,92.18,10.16,10.19
27,5,92.34,10.16,10.13
28,5,92.37,10.26,10.31
29,5,92.27,10.24,10.35
30,5,92.40,10.21,10.22
1,6,37.25,10.26,10.44
2,6,62.20,9.72,9.61
3,6,76.00,9.51,9.57
4,6,84.96,9.88,9.81
5,6,88.36,10.14,10.22
6,6,89.03,10.14,10.30
7,6,89.51,10.18,10.42
8,6,89.73,10.17,10.38
9,6,90.38,10.28,10.37
10,6,90.40,10.21,10.49
11,6,90.64,10.41,10.43
12,6,91.05,10.19,10.31
13,6,91.05,10.15,10.34
14,6,91.21,10.18,10.34
15,6,91.50,10.20,10.30
16,6,91.61,10.31,10.42
17,6,91.51,10.29,10.33
18,6,91.77,10.24,10.32
19,6,91.74,10.24,10.26
20,6,91.82,10.17,10.19
21,6,91.90,10.28,10.34
22,6,92.16,10.33,10.33
23,6,92.12,10.20,10.31
24,6,91.97,10.34,10.40
25,6,92.20,10.18,10.27
26,6,92.18,10.16,10.19
27,6,92.34,10.16,10.13
28,6,92.37,10.26,10.31
29,6,92.27,10.24,10.35
30,6,92.40,10.21,10.22
1,7,37.25,10.26,10.44
2,7,62.20,9.72,9.61
3,7,76.00,9.51,9.57
4,7,84.96,9.88,9.81
5,7,88.36,10.14,10.22
6,7,89.03,10.14,10.30
7,7,89.51,10.18,10.42
8,7,89.73,10.17,10.38
9,7,90.38,10.28,10.37
10,7,90.40,10.21,10.49
11,7,90.64,10.41,10.43
12,7,91.05,10.19,10.31
13,7,91.05,10.15,10.34
14,7,91.21,10.18,10.34
15,7,91.50,10.20,10.30
16,7,91.61,10.31,10.42
17,7,91.51,10.29,10.33
18,7,91.77,10.24,10.32
19,7,91.74,10.24,10.26
20,7,91.82,10.17,10.19
21,7,91.90,10.28,10.34
22,7,92.16,10.33,10.33
23,7,92.12,10.20,10.31
24,7,91.97,10.34,10.40
25,7,92.20,10.18,10.27
26,7,92.18,10.16,10.19
27,7,92.34,10.16,10.13
28,7,92.37,10.26,10.31
29,7,92.27,10.24,10.35
30,7,92.40,10.21,10.22
1,8,37.25,10.26,10.44
2,8,62.20,9.72,9.61
3,8,76.00,9.51,9.57
4,8,84.96,9.88,9.81
5,8,88.36,10.14,10.22
6,8,89.03,10.14,10.30
7,8,89.51,10.18,10.42
8,8,89.73,10.17,10.38
9,8,90.38,10.28,10.37
10,8,90.40,10.21,10.49
11,8,90.64,10.41,10.43
12,8,91.05,10.19,10.31
13,8,91.05,10.15,10.34
14,8,91.21,10.18,10.34
15,8,91.50,10.20,10.30
16,8,91.61,10.31,10.42
17,8,91.51,10.29,10.33
18,8,91.77,10.24,10.32
19,8,91.74,10.24,10.26
20,8,91.82,10.17,10.19
21,8,91.90,10.28,10.34
22,8,92.16,10.33,10.33
23,8,92.12,10.20,10.31
24,8,91.97,10.34,10.40
25,8,92.20,10.18,10.27
26,8,92.18,10.16,10.19
27,8,92.34,10.16,10.13
28,8,92.37,10.26,10.31
29,8,92.27,10.24,10.35
30,8,92.40,10.21,10.22
1,9,37.25,10.26,10.44
2,9,62.20,9.72,9.61
3,9,76.00,9.51,9.57
4,9,84.96,9.88,9.81
5,9,88.36,10.14,10.22
6,9,89.03,10.14,10.30
7,9,89.51,10.18,10.42
8,9,89.73,10.17,10.38
9,9,90.38,10.28,10.37
10,9,90.40,10.21,10.49
11,9,90.64,10.41,10.43
12,9,91.05,10.19,10.31
13,9,91.05,10.15,10.34
14,9,91.21,10.18,10.34
15,9,91.50,10.20,10.30
16,9,91.61,10.31,10.42
17,9,91.51,10.29,10.33
18,9,91.77,10.24,10.32
19,9,91.74,10.24,10.26
20,9,91.82,10.17,10.19
21,9,91.90,10.28,10.34
22,9,92.16,10.33,10.33
23,9,92.12,10.20,10.31
24,9,91.97,10.34,10.40
25,9,92.20,10.18,10.27
26,9,92.18,10.16,10.19
27,9,92.34,10.16,10.13
28,9,92.37,10.26,10.31
29,9,92.27,10.24,10.35
30,9,92.40,10.21,10.22
1,10,37.25,10.26,10.44
2,10,62.20,9.72,9.61
3,10,76.00,9.51,9.57
4,10,84.96,9.88,9.81
5,10,88.36,10.14,10.22
6,10,89.03,10.14,10.30
7,10,89.51,10.18,10.42
8,10,89.73,10.17,10.38
9,10,90.38,10.28,10.37
10,10,90.40,10.21,10.49
11,10,90.64,10.41,10.43
12,10,91.05,10.19,10.31
13,10,91.05,10.15,10.34
14,10,91.21,10.18,10.34
15,10,91.50,10.20,10.30
16,10,91.61,10.31,10.42
17,10,91.51,10.29,10.33
18,10,91.77,10.24,10.32
19,10,91.74,10.24,10.26
20,10,91.82,10.17,10.19
21,10,91.90,10.28,10.34
22,10,92.16,10.33,10.33
23,10,92.12,10.20,10.31
24,10,91.97,10.34,10.40
25,10,92.20,10.18,10.27
26,10,92.18,10.16,10.19
27,10,92.34,10.16,10.13
28,10,92.37,10.26,10.31
29,10,92.27,10.24,10.35
30,10,92.40,10.21,10.22
1,11,37.25,10.26,10.44
2,11,62.20,9.72,9.61
3,11,76.00,9.51,9.57
4,11,84.96,9.88,9.81
5,11,88.36,10.14,10.22
6,11,89.03,10.14,10.30
7,11,89.51,10.18,10.42
8,11,89.73,10.17,10.38
9,11,90.38,10.28,10.37
10,11,90.40,10.21,10.49
11,11,90.64,10.41,10.43
12,11,91.05,10.19,10.31
13,11,91.05,10.15,10.34
14,11,91.21,10.18,10.34
15,11,91.50,10.20,10.30
16,11,91.61,10.31,10.42
17,11,91.51,10.29,10.33
18,11,91.77,10.24,10.32
19,11,91.74,10.24,10.26
20,11,91.82,10.17,10.19
21,11,91.90,10.28,10.34
22,11,92.16,10.33,10.33
23,11,92.12,10.20,10.31
24,11,91.97,10.34,10.40
25,11,92.20,10.18,10.27
26,11,92.18,10.16,10.19
27,11,92.34,10.16,10.13
28,11,92.37,10.26,10.31
29,11,92.27,10.24,10.35
30,11,92.40,10.21,10.22
1,12,37.25,10.26,10.44
2,12,62.20,9.72,9.61
3,12,76.00,9.51,9.57
4,12,84.96,9.88,9.81
5,12,88.36,10.14,10.22
6,12,89.03,10.14,10.30
7,12,89.51,10.18,10.42
8,12,89.73,10.17,10.38
9,12,90.38,10.28,10.37
10,12,90.40,10.21,10.49
11,12,90.64,10.41,10.43
12,12,91.05,10.19,10.31
13,12,91.05,10.15,10.34
14,12,91.21,10.18,10.34
15,12,91.50,10.20,10.30
16,12,91.61,10.31,10.42
17,12,91.51,10.29,10.33
18,12,91.77,10.24,10.32
19,12,91.74,10.24,10.26
20,12,91.82,10.17,10.19
21,12,91.90,10.28,10.34
22,12,92.16,10.33,10.33
23,12,92.12,10.20,10.31
24,12,91.97,10.34,10.40
25,12,92.20,10.18,10.27
26,12,92.18,10.16,10.19
27,12,92.34,10.16,10.13
28,12,92.37,10.26,10.31
29,12,92.27,10.24,10.35
30,12,92.40,10.21,10.22
1,13,37.25,10.26,10.44
2,13,62.20,9.72,9.61
3,13,76.00,9.51,9.57
4,13,84.96,9.88,9.81
5,13,88.36,10.14,10.22
6,13,89.03,10.14,10.30
7,13,89.51,10.18,10.42
8,13,89.73,10.17,10.38
9,13,90.38,10.28,10.37
10,13,90.40,10.21,10.49
11,13,90.64,10.41,10.43
12,13,91.05,10.19,10.31
13,13,91.05,10.15,10.34
14,13,91.21,10.18,10.34
15,13,91.50,10.20,10.30
16,13,91.61,10.31,10.42
17,13,91.51,10.29,10.33
18,13,91.77,10.24,10.32
19,13,91.74,10.24,10.26
20,13,91.82,10.17,10.19
21,13,91.90,10.28,10.34
22,13,92.16,10.33,10.33
23,13,92.12,10.20,10.31
24,13,91.97,10.34,10.40
25,13,92.20,10.18,10.27
26,13,92.18,10.16,10.19
27,13,92.34,10.16,10.13
28,13,92.37,10.26,10.31
29,13,92.27,10.24,10.35
30,13,92.40,10.21,10.22
1,14,37.25,10.26,10.44
2,14,62.20,9.72,9.61
3,14,76.00,9.51,9.57
4,14,84.96,9.88,9.81
5,14,88.36,10.14,10.22
6,14,89.03,10.14,10.30
7,14,89.51,10.18,10.42
8,14,89.73,10.17,10.38
9,14,90.38,10.28,10.37
10,14,90.40,10.21,10.49
11,14,90.64,10.41,10.43
12,14,91.05,10.19,10.31
13,14,91.05,10.15,10.34
14,14,91.21,10.18,10.34
15,14,91.50,10.20,10.30
16,14,91.61,10.31,10.42
17,14,91.51,10.29,10.33
18,14,91.77,10.24,10.32
19,14,91.74,10.24,10.26
20,14,91.82,10.17,10.19
21,14,91.90,10.28,10.34
22,14,92.16,10.33,10.33
23,14,92.12,10.20,10.31
24,14,91.97,10.34,10.40
25,14,92.20,10.18,10.27
26,14,92.18,10.16,10.19
27,14,92.34,10.16,10.13
28,14,92.37,10.26,10.31
29,14,92.27,10.24,10.35
30,14,92.40,10.21,10.22
1,15,37.25,10.26,10.44
2,15,62.20,9.72,9.61
3,15,76.00,9.51,9.57
4,15,84.96,9.88,9.81
5,15,88.36,10.14,10.22
6,15,89.03,10.14,10.30
7,15,89.51,10.18,10.42
8,15,89.73,10.17,10.38
9,15,90.38,10.28,10.37
10,15,90.40,10.21,10.49
11,15,90.64,10.41,10.43
12,15,91.05,10.19,10.31
13,15,91.05,10.15,10.34
14,15,91.21,10.18,10.34
15,15,91.50,10.20,10.30
16,15,91.61,10.31,10.42
17,15,91.51,10.29,10.33
18,15,91.77,10.24,10.32
19,15,91.74,10.24,10.26
20,15,91.82,10.17,10.19
21,15,91.90,10.28,10.34
22,15,92.16,10.33,10.33
23,15,92.12,10.20,10.31
24,15,91.97,10.34,10.40
25,15,92.20,10.18,10.27
26,15,92.18,10.16,10.19
27,15,92.34,10.16,10.13
28,15,92.37,10.26,10.31
29,15,92.27,10.24,10.35
30,15,92.40,10.21,10.22
1,16,37.25,10.26,10.44
2,16,62.20,9.72,9.61
3,16,76.00,9.51,9.57
4,16,84.96,9.88,9.81
5,16,88.36,10.14,10.22
6,16,89.03,10.14,10.30
7,16,89.51,10.18,10.42
8,16,89.73,10.17,10.38
9,16,90.38,10.28,10.37
10,16,90.40,10.21,10.49
11,16,90.64,10.41,10.43
12,16,91.05,10.19,10.31
13,16,91.05,10.15,10.34
14,16,91.21,10.18,10.34
15,16,91.50,10.20,10.30
16,16,91.61,10.31,10.42
17,16,91.51,10.29,10.33
18,16,91.77,10.24,10.32
19,16,91.74,10.24,10.26
20,16,91.82,10.17,10.19
21,16,91.90,10.28,10.34
22,16,92.16,10.33,10.33
23,16,92.12,10.20,10.31
24,16,91.97,10.34,10.40
25,16,92.20,10.18,10.27
26,16,92.18,10.16,10.19
27,16,92.34,10.16,10.13
28,16,92.37,10.26,10.31
29,16,92.27,10.24,10.35
30,16,92.40,10.21,10.22
1,17,37.25,10.26,10.44
2,17,62.20,9.72,9.61
3,17,76.00,9.51,9.57
4,17,84.96,9.88,9.81
5,17,88.36,10.14,10.22
6,17,89.03,10.14,10.30
7,17,89.51,10.18,10.42
8,17,89.73,10.17,10.38
9,17,90.38,10.28,10.37
10,17,90.40,10.21,10.49
11,17,90.64,10.41,10.43
12,17,91.05,10.19,10.31
13,17,91.05,10.15,10.34
14,17,91.21,10.18,10.34
15,17,91.50,10.20,10.30
16,17,91.61,10.31,10.42
17,17,91.51,10.29,10.33
18,17,91.77,10.24,10.32
19,17,91.74,10.24,10.26
20,17,91.82,10.17,10.19
21,17,91.90,10.28,10.34
22,17,92.16,10.33,10.33
23,17,92.12,10.20,10.31
24,17,91.97,10.34,10.40
25,17,92.20,10.18,10.27
26,17,92.18,10.16,10.19
27,17,92.34,10.16,10.13
28,17,92.37,10.26,10.31
29,17,92.27,10.24,10.35
30,17,92.40,10.21,10.22
1,18,37.25,10.26,10.44
2,18,62.20,9.72,9.61
3,18,76.00,9.51,9.57
4,18,84.96,9.88,9.81
5,18,88.36,10.14,10.22
6,18,89.03,10.14,10.30
7,18,89.51,10.18,10.42
8,18,89.73,10.17,10.38
9,18,90.38,10.28,10.37
10,18,90.40,10.21,10.49
11,18,90.64,10.41,10.43
12,18,91.05,10.19,10.31
13,18,91.05,10.15,10.34
14,18,91.21,10.18,10.34
15,18,91.50,10.20,10.30
16,18,91.61,10.31,10.42
17,18,91.51,10.29,10.33
18,18,91.77,10.24,10.32
19,18,91.74,10.24,10.26
20,18,91.82,10.17,10.19
21,18,91.90,10.28,10.34
22,18,92.16,10.33,10.33
23,18,92.12,10.20,10.31
24,18,91.97,10.34,10.40
25,18,92.20,10.18,10.27
26,18,92.18,10.16,10.19
27,18,92.34,10.16,10.13
28,18,92.37,10.26,10.31
29,18,92.27,10.24,10.35
30,18,92.40,10.21,10.22
1,19,37.25,10.26,10.44
2,19,62.20,9.72,9.61
3,19,76.00,9.51,9.57
4,19,84.96,9.88,9.81
5,19,88.36,10.14,10.22
6,19,89.03,10.14,10.30
7,19,89.51,10.18,10.42
8,19,89.73,10.17,10.38
9,19,90.38,10.28,10.37
10,19,90.40,10.21,10.49
11,19,90.64,10.41,10.43
12,19,91.05,10.19,10.31
13,19,91.05,10.15,10.34
14,19,91.21,10.18,10.34
15,19,91.50,10.20,10.30
16,19,91.61,10.31,10.42
17,19,91.51,10.29,10.33
18,19,91.77,10.24,10.32
19,19,91.74,10.24,10.26
20,19,91.82,10.17,10.19
21,19,91.90,10.28,10.34
22,19,92.16,10.33,10.33
23,19,92.12,10.20,10.31
24,19,91.97,10.34,10.40
25,19,92.20,10.18,10.27
26,19,92.18,10.16,10.19
27,19,92.34,10.16,10.13
28,19,92.37,10.26,10.31
29,19,92.27,10.24,10.35
30,19,92.40,10.21,10.22
