round,server_log_line,client_id,included_arrays,excluded_arrays,logged_mean_clip_scale
1,183,18,122,0,32.2
1,184,0,122,0,28.87
1,185,8,122,0,28.87
1,186,7,122,0,28.87
1,187,14,122,0,29.11
1,188,6,122,0,28.87
1,189,12,122,0,28.99
1,190,4,122,0,28.87
1,191,9,122,0,28.87
1,192,19,122,0,29.85
1,193,1,122,0,28.87
1,194,5,122,0,28.87
1,195,11,122,0,30.35
1,196,2,122,0,28.87
1,197,17,122,0,29.48
1,198,15,122,0,24.92
1,199,3,122,0,28.87
1,200,10,122,0,27.51
1,201,16,122,0,28.13
1,202,13,122,0,28.5
2,366,12,122,0,28.98
2,367,3,122,0,28.86
2,368,11,122,0,30.34
2,369,17,122,0,29.47
2,370,6,122,0,28.86
2,371,18,122,0,32.19
2,372,1,122,0,28.86
2,373,16,122,0,28.12
2,374,4,122,0,28.86
2,375,13,122,0,28.49
2,376,8,122,0,28.86
2,377,5,122,0,28.86
2,378,19,122,0,29.84
2,379,7,122,0,28.86
2,380,2,122,0,28.86
2,381,0,122,0,28.86
2,382,10,122,0,27.5
2,383,9,122,0,28.86
2,384,15,122,0,24.91
2,385,14,122,0,29.1
3,549,4,122,0,28.85
3,550,15,122,0,24.9
3,551,14,122,0,29.1
3,552,1,122,0,28.85
3,553,8,122,0,28.85
3,554,7,122,0,28.85
3,555,11,122,0,30.33
3,556,18,122,0,32.18
3,557,5,122,0,28.85
3,558,13,122,0,28.48
3,559,2,122,0,28.85
3,560,19,122,0,29.84
3,561,16,122,0,28.11
3,562,9,122,0,28.85
3,563,10,122,0,27.49
3,564,0,122,0,28.85
3,565,17,122,0,29.47
3,566,12,122,0,28.97
3,567,3,122,0,28.85
3,568,6,122,0,28.85
4,732,13,122,0,28.47
4,733,11,122,0,30.32
4,734,2,122,0,28.84
4,735,18,122,0,32.17
4,736,3,122,0,28.84
4,737,17,122,0,29.46
4,738,6,122,0,28.84
4,739,0,122,0,28.84
4,740,15,122,0,24.89
4,741,8,122,0,28.84
4,742,14,122,0,29.09
4,743,19,122,0,29.83
4,744,7,122,0,28.84
4,745,16,122,0,28.1
4,746,9,122,0,28.84
4,747,1,122,0,28.84
4,748,12,122,0,28.96
4,749,10,122,0,27.48
4,750,5,122,0,28.84
4,751,4,122,0,28.84
5,916,3,122,0,28.84
5,917,6,122,0,28.84
5,918,10,122,0,27.48
5,919,14,122,0,29.08
5,920,19,122,0,29.82
5,921,17,122,0,29.45
5,922,0,0,122,0.0
5,923,7,122,0,28.84
5,924,11,122,0,30.32
5,925,18,122,0,32.17
5,926,8,122,0,28.84
5,927,9,122,0,28.84
5,928,12,122,0,28.96
5,929,5,122,0,28.84
5,930,2,122,0,28.84
5,931,1,0,122,0.0
5,932,16,122,0,28.1
5,933,15,122,0,24.89
5,934,4,122,0,28.84
5,935,13,122,0,28.47
6,1100,7,122,0,28.84
6,1101,17,122,0,29.45
6,1102,13,122,0,28.47
6,1103,15,122,0,24.89
6,1104,11,122,0,30.32
6,1105,9,122,0,28.84
6,1106,18,122,0,32.17
6,1107,2,122,0,28.84
6,1108,12,122,0,28.96
6,1109,1,0,122,0.0
6,1110,8,122,0,28.84
6,1111,5,122,0,28.84
6,1112,0,0,122,0.0
6,1113,6,122,0,28.84
6,1114,19,122,0,29.82
6,1115,3,122,0,28.84
6,1116,4,122,0,28.84
6,1117,14,122,0,29.08
6,1118,16,122,0,28.1
6,1119,10,122,0,27.48
7,1284,14,122,0,29.08
7,1285,12,122,0,28.96
7,1286,5,122,0,28.84
7,1287,19,122,0,29.82
7,1288,10,122,0,27.48
7,1289,16,122,0,28.1
7,1290,1,0,122,0.0
7,1291,0,0,122,0.0
7,1292,8,122,0,28.84
7,1293,3,0,122,0.0
7,1294,9,122,0,28.84
7,1295,15,122,0,24.89
7,1296,7,122,0,28.84
7,1297,2,122,0,28.84
7,1298,13,122,0,28.47
7,1299,18,122,0,32.17
7,1300,11,122,0,30.32
7,1301,6,122,0,28.84
7,1302,4,122,0,28.84
7,1303,17,122,0,29.45
8,1459,6,122,0,28.84
8,1460,10,122,0,27.48
8,1461,17,122,0,29.45
8,1462,4,122,0,28.84
8,1463,12,122,0,28.96
8,1464,14,122,0,29.08
8,1465,5,122,0,28.84
8,1466,19,122,0,29.82
8,1467,8,122,0,28.84
8,1468,3,0,122,0.0
8,1469,16,122,0,28.1
8,1470,13,122,0,28.47
8,1471,9,122,0,28.84
8,1472,2,122,0,28.84
8,1473,7,122,0,28.84
8,1474,18,122,0,32.17
8,1475,15,122,0,24.89
8,1476,11,122,0,30.32
9,1631,9,122,0,28.84
9,1632,4,122,0,28.84
9,1633,5,122,0,28.84
9,1634,14,122,0,29.08
9,1635,12,122,0,28.96
9,1636,17,122,0,29.45
9,1637,10,122,0,27.48
9,1638,19,122,0,29.82
9,1639,11,122,0,30.32
9,1640,2,122,0,28.84
9,1641,6,122,0,28.84
9,1642,8,122,0,28.84
9,1643,18,122,0,32.17
9,1644,15,122,0,24.89
9,1645,3,0,122,0.0
9,1646,7,122,0,28.84
9,1647,13,122,0,28.47
9,1648,16,122,0,28.1
10,1805,14,122,0,29.08
10,1806,13,122,0,28.47
10,1807,10,122,0,27.48
10,1808,12,122,0,28.96
10,1809,7,122,0,28.84
10,1810,6,0,122,0.0
10,1811,15,122,0,24.89
10,1812,2,122,0,28.84
10,1813,16,122,0,28.1
10,1814,8,122,0,28.84
10,1815,18,122,0,32.17
10,1816,4,122,0,28.84
10,1817,11,122,0,30.32
10,1818,19,122,0,29.82
10,1819,3,0,122,0.0
10,1820,9,122,0,28.84
10,1821,17,122,0,29.45
10,1822,5,122,0,28.84
11,1979,12,122,0,28.96
11,1980,15,122,0,24.89
11,1981,14,122,0,29.08
11,1982,2,122,0,28.84
11,1983,8,122,0,28.84
11,1984,19,122,0,29.82
11,1985,18,122,0,32.17
11,1986,7,122,0,28.84
11,1987,13,121,1,26.83
11,1988,5,122,0,28.84
11,1989,11,122,0,30.32
11,1990,3,0,122,0.0
11,1991,4,122,0,28.84
11,1992,17,122,0,29.45
11,1993,10,122,0,27.48
11,1994,6,0,122,0.0
11,1995,9,122,0,28.84
11,1996,16,122,0,28.1
12,2153,10,122,0,27.48
12,2154,14,122,0,29.08
12,2155,16,122,0,28.1
12,2156,2,0,122,0.0
12,2157,13,110,12,17.42
12,2158,8,122,0,28.84
12,2159,6,0,122,0.0
12,2160,11,122,0,30.32
12,2161,17,122,0,29.45
12,2162,7,122,0,28.84
12,2163,5,122,0,28.84
12,2164,4,122,0,28.84
12,2165,18,122,0,32.17
12,2166,19,122,0,29.82
12,2167,3,0,122,0.0
12,2168,12,122,0,28.96
12,2169,15,122,0,24.89
12,2170,9,122,0,28.84
13,2328,10,122,0,27.48
13,2329,5,122,0,28.84
13,2330,13,121,1,26.83
13,2331,2,0,122,0.0
13,2332,3,0,122,0.0
13,2333,16,122,0,28.1
13,2334,18,122,0,32.17
13,2335,15,122,0,24.89
13,2336,11,122,0,30.32
13,2337,17,122,0,29.45
13,2338,9,122,0,28.84
13,2339,8,122,0,28.84
13,2340,4,122,0,28.84
13,2341,12,122,0,28.96
13,2342,19,122,0,29.82
13,2343,14,122,0,29.08
13,2344,7,122,0,28.84
13,2345,6,0,122,0.0
14,2503,11,122,0,30.32
14,2504,8,122,0,28.84
14,2505,16,122,0,28.1
14,2506,13,109,13,17.58
14,2507,4,122,0,28.84
14,2508,5,122,0,28.84
14,2509,10,122,0,27.48
14,2510,14,122,0,29.08
14,2511,2,0,122,0.0
14,2512,3,0,122,0.0
14,2513,12,122,0,28.96
14,2514,18,122,0,32.17
14,2515,6,0,122,0.0
14,2516,17,122,0,29.45
14,2517,7,122,0,28.84
14,2518,9,122,0,28.84
14,2519,15,122,0,24.89
14,2520,19,122,0,29.82
15,2678,7,122,0,28.84
15,2679,17,122,0,29.45
15,2680,3,0,122,0.0
15,2681,2,0,122,0.0
15,2682,18,122,0,32.17
15,2683,9,122,0,28.84
15,2684,19,122,0,29.82
15,2685,4,122,0,28.84
15,2686,11,122,0,30.32
15,2687,13,120,2,25.26
15,2688,15,122,0,24.89
15,2689,16,122,0,28.1
15,2690,10,122,0,27.48
15,2691,6,0,122,0.0
15,2692,14,122,0,29.08
15,2693,5,122,0,28.84
15,2694,8,122,0,28.84
15,2695,12,122,0,28.96
16,2848,13,107,15,16.35
16,2849,11,122,0,30.32
16,2850,16,122,0,28.1
16,2851,9,122,0,28.84
16,2852,5,122,0,28.84
16,2853,6,0,122,0.0
16,2854,19,122,0,29.82
16,2855,2,0,122,0.0
16,2856,12,122,0,28.96
16,2857,17,122,0,29.45
16,2858,15,122,0,24.89
16,2859,18,122,0,32.17
16,2860,7,122,0,28.84
16,2861,4,122,0,28.84
16,2862,14,122,0,29.08
16,2863,10,122,0,27.48
16,2864,8,122,0,28.84
17,3016,14,122,0,29.08
17,3017,18,122,0,32.17
17,3018,12,122,0,28.96
17,3019,13,120,2,25.26
17,3020,15,122,0,24.89
17,3021,4,122,0,28.84
17,3022,5,122,0,28.84
17,3023,17,122,0,29.45
17,3024,19,122,0,29.82
17,3025,7,122,0,28.84
17,3026,9,122,0,28.84
17,3027,8,122,0,28.84
17,3028,2,0,122,0.0
17,3029,11,122,0,30.32
17,3030,10,122,0,27.48
17,3031,16,122,0,28.1
17,3032,6,1,121,1.0
18,3184,14,122,0,29.08
18,3185,7,122,0,28.84
18,3186,16,122,0,28.1
18,3187,5,122,0,28.84
18,3188,6,2,120,1.0
18,3189,11,122,0,30.32
18,3190,17,122,0,29.45
18,3191,4,122,0,28.84
18,3192,19,122,0,29.82
18,3193,2,0,122,0.0
18,3194,18,122,0,32.17
18,3195,13,122,0,28.47
18,3196,10,122,0,27.48
18,3197,8,122,0,28.84
18,3198,9,122,0,28.84
18,3199,15,122,0,24.89
18,3200,12,122,0,28.96
19,3352,5,122,0,28.84
19,3353,11,122,0,30.32
19,3354,19,122,0,29.82
19,3355,18,122,0,32.17
19,3356,8,122,0,28.84
19,3357,4,122,0,28.84
19,3358,2,0,122,0.0
19,3359,12,122,0,28.96
19,3360,10,122,0,27.48
19,3361,14,122,0,29.08
19,3362,13,116,6,19.52
19,3363,6,0,122,0.0
19,3364,17,122,0,29.45
19,3365,16,122,0,28.1
19,3366,15,122,0,24.89
19,3367,9,122,0,28.84
19,3368,7,122,0,28.84
20,3520,14,122,0,29.08
20,3521,2,0,122,0.0
20,3522,10,122,0,27.48
20,3523,13,99,23,11.29
20,3524,8,122,0,28.84
20,3525,15,122,0,24.89
20,3526,6,0,122,0.0
20,3527,5,122,0,28.84
20,3528,7,122,0,28.84
20,3529,18,122,0,32.17
20,3530,4,122,0,28.84
20,3531,9,122,0,28.84
20,3532,11,122,0,30.32
20,3533,16,122,0,28.1
20,3534,12,122,0,28.96
20,3535,19,122,0,29.82
20,3536,17,122,0,29.45
21,3688,16,122,0,28.1
21,3689,17,122,0,29.45
21,3690,12,122,0,28.96
21,3691,14,122,0,29.08
21,3692,19,122,0,29.82
21,3693,6,0,122,0.0
21,3694,11,122,0,30.32
21,3695,18,122,0,32.17
21,3696,2,0,122,0.0
21,3697,4,122,0,28.84
21,3698,8,122,0,28.84
21,3699,13,119,3,23.76
21,3700,15,122,0,24.89
21,3701,7,122,0,28.84
21,3702,5,122,0,28.84
21,3703,9,122,0,28.84
21,3704,10,122,0,27.48
22,3856,13,107,15,16.35
22,3857,15,122,0,24.89
22,3858,19,122,0,29.82
22,3859,14,122,0,29.08
22,3860,8,122,0,28.84
22,3861,12,122,0,28.96
22,3862,2,0,122,0.0
22,3863,5,122,0,28.84
22,3864,4,122,0,28.84
22,3865,9,122,0,28.84
22,3866,18,122,0,32.17
22,3867,6,0,122,0.0
22,3868,17,122,0,29.45
22,3869,16,122,0,28.1
22,3870,11,122,0,30.32
22,3871,10,122,0,27.48
22,3872,7,122,0,28.84
23,4023,9,122,0,28.84
23,4024,10,122,0,27.48
23,4025,5,122,0,28.84
23,4026,19,122,0,29.82
23,4027,16,122,0,28.1
23,4028,8,122,0,28.84
23,4029,2,84,38,1.0
23,4030,7,122,0,28.84
23,4031,13,121,1,26.83
23,4032,15,122,0,24.89
23,4033,11,122,0,30.32
23,4034,18,122,0,32.17
23,4035,4,122,0,28.84
23,4036,14,122,0,29.08
23,4037,6,0,122,0.0
23,4038,12,122,0,28.96
23,4039,17,122,0,29.45
24,4184,12,122,0,28.96
24,4185,9,122,0,28.84
24,4186,11,122,0,30.32
24,4187,4,122,0,28.84
24,4188,13,122,0,28.47
24,4189,18,122,0,32.17
24,4190,15,122,0,24.89
24,4191,17,122,0,29.45
24,4192,7,122,0,28.84
24,4193,16,122,0,28.1
24,4194,8,122,0,28.84
24,4195,6,0,122,0.0
24,4196,14,122,0,29.08
24,4197,10,122,0,27.48
24,4198,5,122,0,28.84
24,4199,19,122,0,29.82
25,4343,17,122,0,29.45
25,4344,7,122,0,28.84
25,4345,19,122,0,29.82
25,4346,11,122,0,30.32
25,4347,4,122,0,28.84
25,4348,15,122,0,24.89
25,4349,13,122,0,28.47
25,4350,16,122,0,28.1
25,4351,9,122,0,28.84
25,4352,14,122,0,29.08
25,4353,18,122,0,32.17
25,4354,5,122,0,28.84
25,4355,6,0,122,0.0
25,4356,8,122,0,28.84
25,4357,12,122,0,28.96
25,4358,10,122,0,27.48
26,4502,4,122,0,28.84
26,4503,10,122,0,27.48
26,4504,13,122,0,28.47
26,4505,6,9,113,1.0
26,4506,7,122,0,28.84
26,4507,15,122,0,24.89
26,4508,8,122,0,28.84
26,4509,18,122,0,32.17
26,4510,5,122,0,28.84
26,4511,17,122,0,29.45
26,4512,11,122,0,30.32
26,4513,19,122,0,29.82
26,4514,12,122,0,28.96
26,4515,9,122,0,28.84
26,4516,16,122,0,28.1
26,4517,14,122,0,29.08
27,4661,12,122,0,28.96
27,4662,9,122,0,28.84
27,4663,7,122,0,28.84
27,4664,6,82,40,1.0
27,4665,19,122,0,29.82
27,4666,8,122,0,28.84
27,4667,14,122,0,29.08
27,4668,16,122,0,28.1
27,4669,5,122,0,28.84
27,4670,15,122,0,24.89
27,4671,10,122,0,27.48
27,4672,18,122,0,32.17
27,4673,13,122,0,28.47
27,4674,11,122,0,30.32
27,4675,4,122,0,28.84
27,4676,17,122,0,29.45
28,4820,10,122,0,27.48
28,4821,12,122,0,28.96
28,4822,17,122,0,29.45
28,4823,14,122,0,29.08
28,4824,11,122,0,30.32
28,4825,7,122,0,28.84
28,4826,18,122,0,32.17
28,4827,9,122,0,28.84
28,4828,16,122,0,28.1
28,4829,5,122,0,28.84
28,4830,4,122,0,28.84
28,4831,8,122,0,28.84
28,4832,15,122,0,24.89
28,4833,19,122,0,29.82
28,4834,13,122,0,28.47
28,4835,6,39,83,1.0
29,4979,19,122,0,29.82
29,4980,16,122,0,28.1
29,4981,6,50,72,1.0
29,4982,15,122,0,24.89
29,4983,4,122,0,28.84
29,4984,17,122,0,29.45
29,4985,14,122,0,29.08
29,4986,10,122,0,27.48
29,4987,18,122,0,32.17
29,4988,12,122,0,28.96
29,4989,13,122,0,28.47
29,4990,7,122,0,28.84
29,4991,8,122,0,28.84
29,4992,5,122,0,28.84
29,4993,11,122,0,30.32
29,4994,9,122,0,28.84
30,5138,8,122,0,28.84
30,5139,10,122,0,27.48
30,5140,7,122,0,28.84
30,5141,4,122,0,28.84
30,5142,15,122,0,24.89
30,5143,5,122,0,28.84
30,5144,17,122,0,29.45
30,5145,11,122,0,30.32
30,5146,6,89,33,4.25
30,5147,19,122,0,29.82
30,5148,9,122,0,28.84
30,5149,16,122,0,28.1
30,5150,13,122,0,28.47
30,5151,14,122,0,29.08
30,5152,18,122,0,32.17
30,5153,12,122,0,28.96
