client_id,train_records,shared_records,exclusive_records,shared_fraction,attack,configured_poison_percent,source
0,7250,5000,2250,0.6896551724137931,label_flip,50.0,Flwr/log/client_0.log
1,7250,5000,2250,0.6896551724137931,backdoor,20.0,Flwr/log/client_1.log
2,7250,5000,2250,0.6896551724137931,clean_label,50.0,Flwr/log/client_2.log
3,7250,5000,2250,0.6896551724137931,semantic,50.0,Flwr/log/client_3.log
4,7250,5000,2250,0.6896551724137931,none,0,Flwr/log/client_4.log
5,7250,5000,2250,0.6896551724137931,none,0,Flwr/log/client_5.log
6,7250,5000,2250,0.6896551724137931,none,0,Flwr/log/client_6.log
7,7250,5000,2250,0.6896551724137931,none,0,Flwr/log/client_7.log
8,7250,5000,2250,0.6896551724137931,none,0,Flwr/log/client_8.log
9,7250,5000,2250,0.6896551724137931,none,0,Flwr/log/client_9.log
10,6886,5000,1886,0.7261109497531223,none,0,Flwr/log/client_10.log
11,7621,5000,2621,0.6560818790185015,none,0,Flwr/log/client_11.log
12,7266,5000,2266,0.6881365262868153,none,0,Flwr/log/client_12.log
13,7159,5000,2159,0.698421567257997,none,0,Flwr/log/client_13.log
14,7318,5000,2318,0.6832467887400929,none,0,Flwr/log/client_14.log
15,6210,5000,1210,0.8051529790660226,none,0,Flwr/log/client_15.log
16,7052,5000,2052,0.7090187180941577,none,0,Flwr/log/client_16.log
17,7396,5000,2396,0.6760411032990806,none,0,Flwr/log/client_17.log
18,8098,5000,3098,0.6174364040503828,none,0,Flwr/log/client_18.log
19,7494,5000,2494,0.6672004270082733,none,0,Flwr/log/client_19.log
