round,server_log_line,client_id,displayed_state,risk_ema,peer_risk_ema,soft_streak,hard_streak,logged_probe_loss,heavy_probed
1,171,0,NORMAL,0.363,0.3,0,0,2.146,Y
1,172,1,NORMAL,0.363,0.003,0,0,1.6044,Y
1,173,2,NORMAL,0.363,0.0,0,0,1.5219,Y
1,174,3,NORMAL,0.363,0.0,0,0,1.4558,Y
1,175,5,NORMAL,0.333,0.0,0,0,1.2444,Y
1,176,11,NORMAL,0.317,0.0,0,0,1.2849,Y
1,177,17,NORMAL,0.311,0.0,0,0,1.4026,Y
1,178,18,NORMAL,0.31,0.072,0,0,1.2913,Y
2,354,0,NORMAL,0.458,0.51,0,0,2.0967,Y
2,355,1,NORMAL,0.458,0.236,0,0,1.5623,Y
2,356,3,NORMAL,0.458,0.0,0,0,1.3831,Y
2,357,2,NORMAL,0.458,0.0,0,0,1.4509,Y
2,358,19,NORMAL,0.387,0.3,0,0,1.608,Y
2,359,17,NORMAL,0.377,0.003,0,0,1.4675,Y
2,360,4,NORMAL,0.372,0.0,0,0,1.4451,Y
2,361,13,NORMAL,0.368,0.227,0,0,1.5594,Y
3,537,0,SUSPECT,0.539,0.657,0,0,2.1624,Y
3,538,1,NORMAL,0.539,0.165,0,0,1.3711,Y
3,539,2,NORMAL,0.539,0.0,0,0,1.571,Y
3,540,3,NORMAL,0.539,0.0,0,0,1.5085,Y
3,541,13,NORMAL,0.461,0.159,0,0,1.5193,Y
3,542,19,NORMAL,0.426,0.232,0,0,1.5939,Y
3,543,17,NORMAL,0.41,0.002,0,0,1.0204,Y
3,544,18,NORMAL,0.405,0.035,0,0,1.473,Y
4,720,0,SUSPECT,1.0,0.76,1,1,2.1534,Y
4,721,1,SUSPECT,1.0,0.116,1,1,1.2462,Y
4,722,3,SUSPECT,0.608,0.0,0,0,1.6492,Y
4,723,2,NORMAL,0.534,0.0,0,0,1.6479,Y
4,724,18,NORMAL,0.494,0.025,0,0,1.0603,Y
4,725,13,NORMAL,0.466,0.126,0,0,1.6774,Y
4,726,19,NORMAL,0.441,0.162,0,0,1.5484,Y
4,727,7,NORMAL,0.44,0.091,0,0,1.7696,Y
5,904,0,SUSPECT,1.0,0.832,2,2,2.1438,Y
5,905,1,SUSPECT,1.0,0.081,2,2,1.3673,Y
5,906,3,SUSPECT,0.667,0.0,1,0,1.4671,Y
5,907,2,NORMAL,0.531,0.052,0,0,1.6242,Y
5,908,18,NORMAL,0.485,0.017,0,0,1.3434,Y
5,909,13,NORMAL,0.466,0.088,0,0,1.5047,Y
5,910,7,NORMAL,0.448,0.105,0,0,1.614,Y
5,911,19,NORMAL,0.446,0.114,0,0,1.1634,Y
6,1088,0,SUSPECT,1.0,0.882,3,3,2.2257,Y
6,1089,3,SUSPECT,1.0,0.128,2,0,1.5137,Y
6,1090,1,SUSPECT,1.0,0.057,3,3,1.0853,Y
6,1091,13,NORMAL,0.546,0.23,0,0,1.5619,Y
6,1092,2,NORMAL,0.519,0.036,0,0,1.2564,Y
6,1093,4,NORMAL,0.517,0.082,0,0,1.4593,Y
6,1094,6,NORMAL,0.502,0.102,0,0,1.4462,Y
6,1095,10,NORMAL,0.48,0.064,0,0,1.4375,Y
7,1272,1,SUSPECT,1.0,1.0,0,4,0.8832,Y
7,1273,0,SUSPECT,1.0,1.0,0,4,1.9912,Y
7,1274,3,SUSPECT,1.0,0.161,3,0,0.879,Y
7,1275,2,SUSPECT,0.592,0.275,0,0,0.9618,Y
7,1276,13,NORMAL,0.574,0.182,0,0,0.8554,Y
7,1277,4,NORMAL,0.549,0.057,0,0,0.7418,Y
7,1278,11,NORMAL,0.542,0.0,0,0,0.7889,Y
7,1279,6,NORMAL,0.524,0.071,0,0,0.7264,Y
8,1447,3,SUSPECT,1.0,0.391,4,0,1.3323,Y
8,1448,13,SUSPECT,0.632,0.232,0,0,1.2235,Y
8,1449,2,SUSPECT,0.608,0.215,0,0,1.1723,Y
8,1450,6,SUSPECT,0.595,0.214,0,0,1.2609,Y
8,1451,11,NORMAL,0.547,0.0,0,0,0.9968,Y
8,1452,4,NORMAL,0.537,0.04,0,0,1.0604,Y
8,1453,5,NORMAL,0.524,0.205,0,0,1.2864,Y
8,1454,19,NORMAL,0.494,0.041,0,0,0.7799,Y
9,1618,3,QUARANTINE,1.0,0.574,5,0,1.3149,Y
9,1619,6,SUSPECT,1.0,0.45,1,0,1.231,Y
9,1620,13,SUSPECT,0.66,0.166,0,0,0.9745,Y
9,1621,2,SUSPECT,0.643,0.16,1,0,0.978,Y
9,1622,11,SUSPECT,0.615,0.0,0,0,0.8474,Y
9,1623,4,SUSPECT,0.607,0.028,0,0,0.8939,Y
9,1624,17,NORMAL,0.557,0.084,0,0,1.0216,Y
9,1625,14,NORMAL,0.553,0.0,0,0,0.8339,Y
10,1792,3,QUARANTINE,1.0,0.594,6,0,0.9552,Y
10,1793,6,SUSPECT,0.928,0.315,0,0,0.7979,Y
10,1794,13,SUSPECT,0.711,0.21,0,0,0.9083,Y
10,1795,2,SUSPECT,0.663,0.112,2,0,0.8433,Y
10,1796,11,SUSPECT,0.615,0.0,0,0,0.8142,Y
10,1797,19,SUSPECT,0.593,0.039,0,0,0.8548,Y
10,1798,4,NORMAL,0.587,0.02,0,0,0.7471,Y
10,1799,17,NORMAL,0.563,0.059,0,0,0.6745,Y
11,1966,3,QUARANTINE,1.0,0.416,7,0,1.3187,Y
11,1967,6,SUSPECT,0.939,0.275,0,0,1.4238,Y
11,1968,13,SUSPECT,0.754,0.259,0,0,1.5011,Y
11,1969,2,SUSPECT,0.661,0.102,3,0,1.3809,Y
11,1970,4,SUSPECT,0.613,0.014,0,0,1.0419,Y
11,1971,11,NORMAL,0.587,0.0,0,0,0.9848,Y
11,1972,19,NORMAL,0.571,0.027,0,0,1.2347,Y
11,1973,17,NORMAL,0.563,0.041,0,0,1.1096,Y
12,2140,3,QUARANTINE,1.0,0.587,8,0,1.1424,Y
12,2141,6,SUSPECT,0.866,0.272,0,0,0.9922,Y
12,2142,13,SUSPECT,0.711,0.444,1,0,1.1192,Y
12,2143,2,QUARANTINE,0.63,0.102,2,0,0.9583,Y
12,2144,4,SUSPECT,0.616,0.01,0,0,0.7912,Y
12,2145,11,NORMAL,0.58,0.0,0,0,0.9149,Y
12,2146,19,NORMAL,0.563,0.019,0,0,0.8009,Y
12,2147,5,NORMAL,0.56,0.058,0,0,0.8489,Y
13,2315,3,QUARANTINE,1.0,0.645,9,0,1.3962,Y
13,2316,6,SUSPECT,0.886,0.414,1,0,1.3865,Y
13,2317,13,SUSPECT,0.754,0.459,2,0,1.3179,Y
13,2318,2,QUARANTINE,0.663,0.073,3,0,1.1844,Y
13,2319,5,SUSPECT,0.614,0.04,0,0,1.1745,Y
13,2320,4,SUSPECT,0.593,0.007,0,0,1.0266,Y
13,2321,14,SUSPECT,0.59,0.205,0,0,1.3695,Y
13,2322,15,NORMAL,0.584,0.236,0,0,1.2078,Y
14,2490,3,QUARANTINE,1.0,0.683,10,0,0.5024,Y
14,2491,6,SUSPECT,0.845,0.29,0,0,0.4118,Y
14,2492,13,SUSPECT,0.717,0.342,3,0,0.4412,Y
14,2493,2,QUARANTINE,0.679,0.234,4,0,0.4884,Y
14,2494,5,NORMAL,0.59,0.028,0,0,0.3713,Y
14,2495,4,NORMAL,0.583,0.005,0,0,0.4035,Y
14,2496,14,NORMAL,0.582,0.143,0,0,0.3484,Y
14,2497,17,NORMAL,0.569,0.014,0,0,0.4004,Y
15,2665,3,SUSPECT,1.0,1.0,0,4,1.5272,Y
15,2666,6,SUSPECT,0.868,0.338,1,0,1.0357,Y
15,2667,13,SUSPECT,0.76,0.409,4,0,1.0614,Y
15,2668,2,QUARANTINE,0.659,0.164,5,0,0.8355,Y
15,2669,15,SUSPECT,0.618,0.166,0,0,0.972,Y
15,2670,5,NORMAL,0.579,0.031,0,0,0.9437,Y
15,2671,18,NORMAL,0.578,0.216,0,0,1.0954,Y
15,2672,12,NORMAL,0.568,0.076,0,0,0.5515,Y
16,2835,6,SUSPECT,0.834,0.247,0,0,1.3056,Y
16,2836,13,SUSPECT,0.719,0.286,3,0,1.2908,Y
16,2837,5,SUSPECT,0.642,0.122,0,0,1.4089,Y
16,2838,2,QUARANTINE,0.635,0.115,4,0,1.2933,Y
16,2839,14,SUSPECT,0.623,0.259,0,0,1.5108,Y
16,2840,17,NORMAL,0.589,0.054,0,0,1.3475,Y
16,2841,15,NORMAL,0.588,0.116,0,0,1.068,Y
16,2842,18,NORMAL,0.576,0.151,0,0,1.0239,Y
17,3003,6,SUSPECT,0.826,0.241,0,0,0.8264,Y
17,3004,13,SUSPECT,0.688,0.2,2,0,0.7626,Y
17,3005,5,SUSPECT,0.643,0.086,0,0,0.7276,Y
17,3006,2,QUARANTINE,0.635,0.08,3,0,0.7583,Y
17,3007,15,SUSPECT,0.597,0.084,0,0,0.8027,Y
17,3008,14,SUSPECT,0.595,0.181,0,0,0.7617,Y
17,3009,19,NORMAL,0.575,0.139,0,0,0.8366,Y
17,3010,17,NORMAL,0.568,0.038,0,0,0.7876,Y
18,3171,6,SUSPECT,0.852,0.287,0,0,1.0751,Y
18,3172,13,SUSPECT,0.735,0.21,1,0,1.0315,Y
18,3173,5,SUSPECT,0.665,0.08,0,0,0.987,Y
18,3174,2,QUARANTINE,0.605,0.056,2,0,0.7977,Y
18,3175,15,NORMAL,0.585,0.109,0,0,0.8684,Y
18,3176,14,NORMAL,0.583,0.127,0,0,0.9288,Y
18,3177,18,NORMAL,0.578,0.074,0,0,0.9691,Y
18,3178,19,NORMAL,0.55,0.097,0,0,0.6494,Y
19,3339,6,SUSPECT,0.841,0.272,0,0,0.8538,Y
19,3340,13,SUSPECT,0.762,0.277,0,0,0.8798,Y
19,3341,2,QUARANTINE,0.664,0.314,3,0,0.9435,Y
19,3342,5,SUSPECT,0.633,0.056,0,0,0.764,Y
19,3343,14,NORMAL,0.58,0.089,0,0,0.7305,Y
19,3344,15,NORMAL,0.565,0.077,0,0,0.7699,Y
19,3345,18,NORMAL,0.558,0.052,0,0,0.7203,Y
19,3346,9,NORMAL,0.549,0.158,0,0,0.8817,Y
20,3507,6,SUSPECT,0.865,0.49,1,0,0.9689,Y
20,3508,13,SUSPECT,0.723,0.194,0,0,0.7236,Y
20,3509,2,QUARANTINE,0.715,0.52,4,0,1.0866,Y
20,3510,5,SUSPECT,0.608,0.039,0,0,0.6546,Y
20,3511,14,NORMAL,0.549,0.062,0,0,0.7505,Y
20,3512,15,NORMAL,0.548,0.054,0,0,0.7468,Y
20,3513,18,NORMAL,0.544,0.036,0,0,0.7233,Y
20,3514,9,NORMAL,0.53,0.111,0,0,0.7253,Y
21,3675,6,SUSPECT,0.855,0.417,2,0,0.7237,Y
21,3676,13,SUSPECT,0.751,0.26,0,0,0.7431,Y
21,3677,2,QUARANTINE,0.746,0.494,5,0,0.7454,Y
21,3678,5,SUSPECT,0.627,0.071,0,0,0.7119,Y
21,3679,18,NORMAL,0.563,0.025,0,0,0.6552,Y
21,3680,4,NORMAL,0.539,0.025,0,0,0.5382,Y
21,3681,15,NORMAL,0.535,0.038,0,0,0.6023,Y
21,3682,14,NORMAL,0.534,0.044,0,0,0.604,Y
22,3843,6,SUSPECT,0.877,0.592,3,0,1.123,Y
22,3844,2,QUARANTINE,0.784,0.569,6,0,1.0263,Y
22,3845,13,SUSPECT,0.698,0.182,0,0,0.8536,Y
22,3846,5,SUSPECT,0.628,0.108,0,0,0.9126,Y
22,3847,16,NORMAL,0.59,0.0,0,0,0.7365,Y
22,3848,18,NORMAL,0.55,0.018,0,0,0.707,Y
22,3849,10,NORMAL,0.543,0.123,0,0,0.7898,Y
22,3850,4,NORMAL,0.538,0.017,0,0,0.6947,Y
23,4011,2,SUSPECT,1.0,1.0,0,4,1.2361,Y
23,4012,6,SUSPECT,0.895,0.514,4,0,1.1471,Y
23,4013,13,SUSPECT,0.671,0.128,0,0,1.0436,Y
23,4014,5,SUSPECT,0.598,0.075,0,0,0.9666,Y
23,4015,16,NORMAL,0.578,0.019,0,0,0.8128,Y
23,4016,4,NORMAL,0.57,0.072,0,0,1.1127,Y
23,4017,18,NORMAL,0.551,0.012,0,0,0.9413,Y
23,4018,10,NORMAL,0.535,0.086,0,0,1.0315,Y
24,4172,6,SUSPECT,0.858,0.36,3,0,1.0349,Y
24,4173,13,SUSPECT,0.633,0.089,0,0,1.1739,Y
24,4174,18,SUSPECT,0.618,0.229,0,0,1.4192,Y
24,4175,10,SUSPECT,0.605,0.06,0,0,1.0798,Y
24,4176,5,NORMAL,0.57,0.053,0,0,0.9445,Y
24,4177,16,NORMAL,0.57,0.014,0,0,0.8857,Y
24,4178,4,NORMAL,0.558,0.051,0,0,1.1748,Y
24,4179,12,NORMAL,0.524,0.003,0,0,0.3823,Y
25,4331,6,SUSPECT,0.818,0.252,2,0,0.383,Y
25,4332,13,SUSPECT,0.625,0.063,0,0,0.4325,Y
25,4333,10,SUSPECT,0.61,0.042,0,0,0.4032,Y
25,4334,18,SUSPECT,0.608,0.243,0,0,0.4532,Y
25,4335,5,NORMAL,0.569,0.037,0,0,0.4144,Y
25,4336,16,NORMAL,0.564,0.009,0,0,0.3463,Y
25,4337,4,NORMAL,0.542,0.035,0,0,0.3845,Y
25,4338,12,NORMAL,0.531,0.123,0,0,0.4627,Y
26,4490,6,SUSPECT,0.777,0.176,1,0,0.3764,Y
26,4491,13,SUSPECT,0.607,0.044,0,0,0.3834,Y
26,4492,10,SUSPECT,0.593,0.029,0,0,0.3426,Y
26,4493,18,NORMAL,0.584,0.17,0,0,0.3179,Y
26,4494,12,NORMAL,0.575,0.086,0,0,0.3439,Y
26,4495,11,NORMAL,0.571,0.0,0,0,0.3632,Y
26,4496,5,NORMAL,0.551,0.026,0,0,0.3598,Y
26,4497,16,NORMAL,0.547,0.007,0,0,0.2962,Y
27,4649,6,SUSPECT,0.811,0.413,2,0,1.0373,Y
27,4650,18,SUSPECT,0.646,0.119,1,0,0.8038,Y
27,4651,10,NORMAL,0.578,0.021,0,0,0.6827,Y
27,4652,13,NORMAL,0.577,0.031,0,0,0.8084,Y
27,4653,11,NORMAL,0.562,0.0,0,0,0.655,Y
27,4654,12,NORMAL,0.556,0.06,0,0,0.6954,Y
27,4655,8,NORMAL,0.553,0.0,0,0,0.7092,Y
27,4656,5,NORMAL,0.54,0.018,0,0,0.8085,Y
28,4808,6,SUSPECT,0.802,0.416,3,0,0.8595,Y
28,4809,18,SUSPECT,0.613,0.084,0,0,0.6213,Y
28,4810,10,NORMAL,0.579,0.014,0,0,0.7388,Y
28,4811,13,NORMAL,0.571,0.162,0,0,0.8654,Y
28,4812,12,NORMAL,0.555,0.042,0,0,0.697,Y
28,4813,11,NORMAL,0.546,0.0,0,0,0.6566,Y
28,4814,8,NORMAL,0.543,0.0,0,0,0.6905,Y
28,4815,5,NORMAL,0.532,0.013,0,0,0.6539,Y
29,4967,6,SUSPECT,0.761,0.291,2,0,0.94,Y
29,4968,18,SUSPECT,0.592,0.058,0,0,0.866,Y
29,4969,13,NORMAL,0.578,0.367,0,0,1.1276,Y
29,4970,12,NORMAL,0.562,0.03,0,0,0.8912,Y
29,4971,10,NORMAL,0.559,0.01,0,0,0.8564,Y
29,4972,5,NORMAL,0.542,0.17,0,0,1.0636,Y
29,4973,8,NORMAL,0.539,0.0,0,0,0.8571,Y
29,4974,11,NORMAL,0.532,0.0,0,0,0.567,Y
30,5126,6,SUSPECT,0.783,0.394,3,0,0.826,Y
30,5127,17,NORMAL,0.577,0.071,0,0,0.7584,Y
30,5128,18,NORMAL,0.565,0.041,0,0,0.5704,Y
30,5129,10,NORMAL,0.556,0.007,0,0,0.5782,Y
30,5130,13,NORMAL,0.556,0.257,0,0,0.7362,Y
30,5131,14,NORMAL,0.553,0.327,0,0,0.9049,Y
30,5132,5,NORMAL,0.551,0.119,0,0,0.6561,Y
30,5133,12,NORMAL,0.546,0.021,0,0,0.684,Y
