round,server_log_line,median,mad,threshold,baseline_source,k
1,146,1.467,0.1097,1.5987,CleanBaseline,1.2
2,332,1.4019,0.0423,1.4526,CleanBaseline,1.2
3,515,1.3682,0.0896,1.4757,CleanBaseline,1.2
4,698,1.5004,0.1103,1.6328,CleanBaseline,1.2
5,881,1.2566,0.2421,1.5471,CleanBaseline,1.2
6,1065,1.1954,0.159,1.3544,LowRiskQuantile(6/16),1.0
7,1249,0.7641,0.0408,0.8049,LowRiskQuantile(6/16),1.0
8,1427,1.0917,0.0345,1.1317,LowRiskQuantile(5/15),1.0
9,1598,0.8319,0.0757,0.9076,LowRiskQuantile(5/15),1.0
10,1771,0.745,0.0327,0.785,LowRiskQuantile(5/15),1.0
11,1945,1.1779,0.1282,1.3061,LowRiskQuantile(5/15),1.0
12,2119,0.9657,0.1512,1.1169,LowRiskQuantile(5/15),1.0
13,2294,1.0324,0.0565,1.0889,LowRiskQuantile(5/15),1.0
14,2469,0.3906,0.037,0.4306,LowRiskQuantile(5/15),1.0
15,2644,0.8302,0.0562,0.8864,LowRiskQuantile(5/15),1.0
16,2815,1.077,0.1264,1.2034,LowRiskQuantile(5/14),1.0
17,2983,0.7149,0.0517,0.7666,LowRiskQuantile(5/14),1.0
18,3151,0.8268,0.0504,0.8772,LowRiskQuantile(5/14),1.0
19,3319,0.7171,0.0781,0.7952,LowRiskQuantile(5/14),1.0
20,3487,0.7593,0.0743,0.8336,LowRiskQuantile(5/14),1.0
21,3655,0.6172,0.0435,0.6607,LowRiskQuantile(5/14),1.0
22,3823,0.7898,0.0533,0.8432,LowRiskQuantile(5/14),1.0
23,3991,0.9166,0.0611,0.9778,LowRiskQuantile(5/14),1.0
24,4154,1.0477,0.0998,1.1475,LowRiskQuantile(5/13),1.0
25,4313,0.4017,0.0083,0.4417,LowRiskQuantile(5/13),1.0
26,4472,0.3579,0.0191,0.3979,LowRiskQuantile(5/13),1.0
27,4631,0.8229,0.0567,0.8797,LowRiskQuantile(5/13),1.0
28,4790,0.7651,0.0203,0.8051,LowRiskQuantile(5/13),1.0
29,4949,0.8952,0.1211,1.0164,LowRiskQuantile(5/13),1.0
30,5108,0.7033,0.0269,0.7433,LowRiskQuantile(5/13),1.0
