round,server_log_line,logged_normal,logged_suspect,logged_quarantine,logged_blacklist,accuracy,bd_asr
1,170,20,0,0,0,0.3725,0.1026
2,353,20,0,0,0,0.622,0.0972
3,536,19,1,0,0,0.76,0.0951
4,719,17,3,0,0,0.8496,0.0988
5,903,17,3,0,0,0.8836,0.1014
6,1087,17,3,0,0,0.8903,0.1014
7,1271,16,4,0,2,0.8951,0.1018
8,1446,14,4,0,2,0.8973,0.1017
9,1617,12,5,1,2,0.9038,0.1028
10,1791,12,5,1,2,0.904,0.1021
11,1965,13,4,1,2,0.9064,0.1041
12,2139,13,3,2,2,0.9105,0.1019
13,2314,11,5,2,2,0.9105,0.10150000000000002
14,2489,14,2,2,2,0.9121,0.1018
15,2664,13,4,1,3,0.915,0.10199999999999998
16,2834,12,4,1,3,0.9161,0.1031
17,3002,11,5,1,3,0.9151,0.1029
18,3170,13,3,1,3,0.9177,0.1024
19,3338,13,3,1,3,0.9174,0.1024
20,3506,13,3,1,3,0.9182,0.1017
21,3674,13,3,1,3,0.919,0.1028
22,3842,13,3,1,3,0.9216,0.1033
23,4010,13,4,0,4,0.9212,0.10199999999999998
24,4171,12,4,0,4,0.9197,0.1034
25,4330,12,4,0,4,0.922,0.1018
26,4489,13,3,0,4,0.9218,0.1016
27,4648,14,2,0,4,0.9234,0.1016
28,4807,14,2,0,4,0.9237,0.1026
29,4966,14,2,0,4,0.9227,0.1024
30,5125,15,1,0,4,0.924,0.1021
