condition,run_id,method,scenario,seed,client_id,group,target_fraction,rounds,excluded_rounds,blacklist_intercepted_rounds,first_excluded_round,first_observed_blacklist_round,blacklist_reason,raw_br_at_first_exclusion,raw_tl_at_first_exclusion
off,20_ttfl_backdoor_seed20240926,ttfl,backdoor,20240926,0,iid,0.10343434343434343,30,0,0,,,,,
off,20_ttfl_backdoor_seed20240926,ttfl,backdoor,20240926,2,iid,0.11191919191919192,30,0,0,,,,,
off,20_ttfl_backdoor_seed20240926,ttfl,backdoor,20240926,3,iid,0.10262626262626262,30,0,0,,,,,
off,20_ttfl_backdoor_seed20240926,ttfl,backdoor,20240926,4,iid,0.11353535353535353,30,0,0,,,,,
off,20_ttfl_backdoor_seed20240926,ttfl,backdoor,20240926,5,iid,0.09373737373737374,30,0,0,,,,,
off,20_ttfl_backdoor_seed20240926,ttfl,backdoor,20240926,6,iid,0.10545454545454545,30,0,0,,,,,
off,20_ttfl_backdoor_seed20240926,ttfl,backdoor,20240926,7,iid,0.09818181818181818,30,0,0,,,,,
off,20_ttfl_backdoor_seed20240926,ttfl,backdoor,20240926,8,iid,0.09494949494949495,30,0,0,,,,,
off,20_ttfl_backdoor_seed20240926,ttfl,backdoor,20240926,9,iid,0.10343434343434343,30,0,0,,,,,
off,20_ttfl_backdoor_seed20240926,ttfl,backdoor,20240926,10,moderate,0.0058212058212058215,30,21,0,10,,,,
off,20_ttfl_backdoor_seed20240926,ttfl,backdoor,20240926,11,moderate,0.09724540901502504,30,0,0,,,,,
off,20_ttfl_backdoor_seed20240926,ttfl,backdoor,20240926,12,moderate,0.08861222995239838,30,0,0,,,,,
off,20_ttfl_backdoor_seed20240926,ttfl,backdoor,20240926,13,moderate,0.23866044934294192,30,0,0,,,,,
off,20_ttfl_backdoor_seed20240926,ttfl,backdoor,20240926,14,moderate,0.06843800322061191,30,0,0,,,,,
off,20_ttfl_backdoor_seed20240926,ttfl,backdoor,20240926,15,extreme,0.3431818181818182,30,6,0,11,,,,
off,20_ttfl_backdoor_seed20240926,ttfl,backdoor,20240926,16,extreme,0.001584786053882726,30,0,0,,,,,
off,20_ttfl_backdoor_seed20240926,ttfl,backdoor,20240926,17,extreme,0.0,30,0,0,,,,,
off,20_ttfl_backdoor_seed20240926,ttfl,backdoor,20240926,18,extreme,0.1280148423005566,30,0,0,,,,,
off,20_ttfl_backdoor_seed20240926,ttfl,backdoor,20240926,19,extreme,0.00032133676092544985,30,0,0,,,,,
off,23_single_stream_delayed_backdoor_seed20240926,single_stream,delayed_backdoor,20240926,0,iid,0.10343434343434343,30,0,0,,,,,
off,23_single_stream_delayed_backdoor_seed20240926,single_stream,delayed_backdoor,20240926,2,iid,0.11191919191919192,30,0,0,,,,,
off,23_single_stream_delayed_backdoor_seed20240926,single_stream,delayed_backdoor,20240926,3,iid,0.10262626262626262,30,0,0,,,,,
off,23_single_stream_delayed_backdoor_seed20240926,single_stream,delayed_backdoor,20240926,4,iid,0.11353535353535353,30,0,0,,,,,
off,23_single_stream_delayed_backdoor_seed20240926,single_stream,delayed_backdoor,20240926,5,iid,0.09373737373737374,30,0,0,,,,,
off,23_single_stream_delayed_backdoor_seed20240926,single_stream,delayed_backdoor,20240926,6,iid,0.10545454545454545,30,0,0,,,,,
off,23_single_stream_delayed_backdoor_seed20240926,single_stream,delayed_backdoor,20240926,7,iid,0.09818181818181818,30,0,0,,,,,
off,23_single_stream_delayed_backdoor_seed20240926,single_stream,delayed_backdoor,20240926,8,iid,0.09494949494949495,30,0,0,,,,,
off,23_single_stream_delayed_backdoor_seed20240926,single_stream,delayed_backdoor,20240926,9,iid,0.10343434343434343,30,0,0,,,,,
off,23_single_stream_delayed_backdoor_seed20240926,single_stream,delayed_backdoor,20240926,10,moderate,0.0058212058212058215,30,26,0,5,,,,
off,23_single_stream_delayed_backdoor_seed20240926,single_stream,delayed_backdoor,20240926,11,moderate,0.09724540901502504,30,0,0,,,,,
off,23_single_stream_delayed_backdoor_seed20240926,single_stream,delayed_backdoor,20240926,12,moderate,0.08861222995239838,30,0,0,,,,,
off,23_single_stream_delayed_backdoor_seed20240926,single_stream,delayed_backdoor,20240926,13,moderate,0.23866044934294192,30,0,0,,,,,
off,23_single_stream_delayed_backdoor_seed20240926,single_stream,delayed_backdoor,20240926,14,moderate,0.06843800322061191,30,7,0,3,,,,
off,23_single_stream_delayed_backdoor_seed20240926,single_stream,delayed_backdoor,20240926,15,extreme,0.3431818181818182,30,20,0,3,,,,
off,23_single_stream_delayed_backdoor_seed20240926,single_stream,delayed_backdoor,20240926,16,extreme,0.001584786053882726,30,23,0,3,,,,
off,23_single_stream_delayed_backdoor_seed20240926,single_stream,delayed_backdoor,20240926,17,extreme,0.0,30,1,0,4,,,,
off,23_single_stream_delayed_backdoor_seed20240926,single_stream,delayed_backdoor,20240926,18,extreme,0.1280148423005566,30,7,0,4,,,,
off,23_single_stream_delayed_backdoor_seed20240926,single_stream,delayed_backdoor,20240926,19,extreme,0.00032133676092544985,30,0,0,,,,,
off,7_single_stream_backdoor_seed20240925,single_stream,backdoor,20240925,0,iid,0.0997979797979798,30,0,0,,,,,
off,7_single_stream_backdoor_seed20240925,single_stream,backdoor,20240925,2,iid,0.09616161616161616,30,0,0,,,,,
off,7_single_stream_backdoor_seed20240925,single_stream,backdoor,20240925,3,iid,0.10343434343434343,30,0,0,,,,,
off,7_single_stream_backdoor_seed20240925,single_stream,backdoor,20240925,4,iid,0.0892929292929293,30,0,0,,,,,
off,7_single_stream_backdoor_seed20240925,single_stream,backdoor,20240925,5,iid,0.1006060606060606,30,0,0,,,,,
off,7_single_stream_backdoor_seed20240925,single_stream,backdoor,20240925,6,iid,0.09616161616161616,30,0,0,,,,,
off,7_single_stream_backdoor_seed20240925,single_stream,backdoor,20240925,7,iid,0.09333333333333334,30,0,0,,,,,
off,7_single_stream_backdoor_seed20240925,single_stream,backdoor,20240925,8,iid,0.10343434343434343,30,0,0,,,,,
off,7_single_stream_backdoor_seed20240925,single_stream,backdoor,20240925,9,iid,0.10383838383838384,30,0,0,,,,,
off,7_single_stream_backdoor_seed20240925,single_stream,backdoor,20240925,10,moderate,0.014285714285714285,30,0,0,,,,,
off,7_single_stream_backdoor_seed20240925,single_stream,backdoor,20240925,11,moderate,0.21336553945249598,30,18,0,4,,,,
off,7_single_stream_backdoor_seed20240925,single_stream,backdoor,20240925,12,moderate,0.2879965457685665,30,0,0,,,,,
off,7_single_stream_backdoor_seed20240925,single_stream,backdoor,20240925,13,moderate,0.006121714079942384,30,12,0,15,,,,
off,7_single_stream_backdoor_seed20240925,single_stream,backdoor,20240925,14,moderate,0.010416666666666666,30,0,0,,,,,
off,7_single_stream_backdoor_seed20240925,single_stream,backdoor,20240925,15,extreme,0.0,30,29,0,2,,,,
off,7_single_stream_backdoor_seed20240925,single_stream,backdoor,20240925,16,extreme,0.0475396163469558,30,0,0,,,,,
off,7_single_stream_backdoor_seed20240925,single_stream,backdoor,20240925,17,extreme,0.3476190476190476,30,3,0,3,,,,
off,7_single_stream_backdoor_seed20240925,single_stream,backdoor,20240925,18,extreme,0.002338009352037408,30,0,0,,,,,
off,7_single_stream_backdoor_seed20240925,single_stream,backdoor,20240925,19,extreme,0.009511993382961124,30,4,0,3,,,,
off,4_ttfl_none_seed20240925,ttfl,none,20240925,0,iid,0.0997979797979798,30,0,0,,,,,
off,4_ttfl_none_seed20240925,ttfl,none,20240925,1,iid,0.09858585858585858,30,0,0,,,,,
off,4_ttfl_none_seed20240925,ttfl,none,20240925,2,iid,0.09616161616161616,30,0,0,,,,,
off,4_ttfl_none_seed20240925,ttfl,none,20240925,3,iid,0.10343434343434343,30,0,0,,,,,
off,4_ttfl_none_seed20240925,ttfl,none,20240925,4,iid,0.0892929292929293,30,0,0,,,,,
off,4_ttfl_none_seed20240925,ttfl,none,20240925,5,iid,0.1006060606060606,30,0,0,,,,,
off,4_ttfl_none_seed20240925,ttfl,none,20240925,6,iid,0.09616161616161616,30,0,0,,,,,
off,4_ttfl_none_seed20240925,ttfl,none,20240925,7,iid,0.09333333333333334,30,0,0,,,,,
off,4_ttfl_none_seed20240925,ttfl,none,20240925,8,iid,0.10343434343434343,30,0,0,,,,,
off,4_ttfl_none_seed20240925,ttfl,none,20240925,9,iid,0.10383838383838384,30,0,0,,,,,
off,4_ttfl_none_seed20240925,ttfl,none,20240925,10,moderate,0.014285714285714285,30,0,0,,,,,
off,4_ttfl_none_seed20240925,ttfl,none,20240925,11,moderate,0.21336553945249598,30,0,0,,,,,
off,4_ttfl_none_seed20240925,ttfl,none,20240925,12,moderate,0.2879965457685665,30,0,0,,,,,
off,4_ttfl_none_seed20240925,ttfl,none,20240925,13,moderate,0.006121714079942384,30,6,0,21,,,,
off,4_ttfl_none_seed20240925,ttfl,none,20240925,14,moderate,0.010416666666666666,30,0,0,,,,,
off,4_ttfl_none_seed20240925,ttfl,none,20240925,15,extreme,0.0,30,22,0,9,,,,
off,4_ttfl_none_seed20240925,ttfl,none,20240925,16,extreme,0.0475396163469558,30,0,0,,,,,
off,4_ttfl_none_seed20240925,ttfl,none,20240925,17,extreme,0.3476190476190476,30,0,0,,,,,
off,4_ttfl_none_seed20240925,ttfl,none,20240925,18,extreme,0.002338009352037408,30,0,0,,,,,
off,4_ttfl_none_seed20240925,ttfl,none,20240925,19,extreme,0.009511993382961124,30,0,0,,,,,
off,24_ttfl_delayed_backdoor_seed20240926,ttfl,delayed_backdoor,20240926,0,iid,0.10343434343434343,30,0,0,,,,,
off,24_ttfl_delayed_backdoor_seed20240926,ttfl,delayed_backdoor,20240926,2,iid,0.11191919191919192,30,0,0,,,,,
off,24_ttfl_delayed_backdoor_seed20240926,ttfl,delayed_backdoor,20240926,3,iid,0.10262626262626262,30,0,0,,,,,
off,24_ttfl_delayed_backdoor_seed20240926,ttfl,delayed_backdoor,20240926,4,iid,0.11353535353535353,30,0,0,,,,,
off,24_ttfl_delayed_backdoor_seed20240926,ttfl,delayed_backdoor,20240926,5,iid,0.09373737373737374,30,0,0,,,,,
off,24_ttfl_delayed_backdoor_seed20240926,ttfl,delayed_backdoor,20240926,6,iid,0.10545454545454545,30,0,0,,,,,
off,24_ttfl_delayed_backdoor_seed20240926,ttfl,delayed_backdoor,20240926,7,iid,0.09818181818181818,30,0,0,,,,,
off,24_ttfl_delayed_backdoor_seed20240926,ttfl,delayed_backdoor,20240926,8,iid,0.09494949494949495,30,0,0,,,,,
off,24_ttfl_delayed_backdoor_seed20240926,ttfl,delayed_backdoor,20240926,9,iid,0.10343434343434343,30,0,0,,,,,
off,24_ttfl_delayed_backdoor_seed20240926,ttfl,delayed_backdoor,20240926,10,moderate,0.0058212058212058215,30,22,0,9,,,,
off,24_ttfl_delayed_backdoor_seed20240926,ttfl,delayed_backdoor,20240926,11,moderate,0.09724540901502504,30,0,0,,,,,
off,24_ttfl_delayed_backdoor_seed20240926,ttfl,delayed_backdoor,20240926,12,moderate,0.08861222995239838,30,0,0,,,,,
off,24_ttfl_delayed_backdoor_seed20240926,ttfl,delayed_backdoor,20240926,13,moderate,0.23866044934294192,30,0,0,,,,,
off,24_ttfl_delayed_backdoor_seed20240926,ttfl,delayed_backdoor,20240926,14,moderate,0.06843800322061191,30,2,0,9,,,,
off,24_ttfl_delayed_backdoor_seed20240926,ttfl,delayed_backdoor,20240926,15,extreme,0.3431818181818182,30,0,0,,,,,
off,24_ttfl_delayed_backdoor_seed20240926,ttfl,delayed_backdoor,20240926,16,extreme,0.001584786053882726,30,1,0,11,,,,
off,24_ttfl_delayed_backdoor_seed20240926,ttfl,delayed_backdoor,20240926,17,extreme,0.0,30,0,0,,,,,
off,24_ttfl_delayed_backdoor_seed20240926,ttfl,delayed_backdoor,20240926,18,extreme,0.1280148423005566,30,0,0,,,,,
off,24_ttfl_delayed_backdoor_seed20240926,ttfl,delayed_backdoor,20240926,19,extreme,0.00032133676092544985,30,0,0,,,,,
off,16_ttfl_none_seed20240926,ttfl,none,20240926,0,iid,0.10343434343434343,30,0,0,,,,,
off,16_ttfl_none_seed20240926,ttfl,none,20240926,1,iid,0.0993939393939394,30,0,0,,,,,
off,16_ttfl_none_seed20240926,ttfl,none,20240926,2,iid,0.11191919191919192,30,0,0,,,,,
off,16_ttfl_none_seed20240926,ttfl,none,20240926,3,iid,0.10262626262626262,30,0,0,,,,,
off,16_ttfl_none_seed20240926,ttfl,none,20240926,4,iid,0.11353535353535353,30,0,0,,,,,
off,16_ttfl_none_seed20240926,ttfl,none,20240926,5,iid,0.09373737373737374,30,0,0,,,,,
off,16_ttfl_none_seed20240926,ttfl,none,20240926,6,iid,0.10545454545454545,30,0,0,,,,,
off,16_ttfl_none_seed20240926,ttfl,none,20240926,7,iid,0.09818181818181818,30,0,0,,,,,
off,16_ttfl_none_seed20240926,ttfl,none,20240926,8,iid,0.09494949494949495,30,0,0,,,,,
off,16_ttfl_none_seed20240926,ttfl,none,20240926,9,iid,0.10343434343434343,30,0,0,,,,,
off,16_ttfl_none_seed20240926,ttfl,none,20240926,10,moderate,0.0058212058212058215,30,21,0,10,,,,
off,16_ttfl_none_seed20240926,ttfl,none,20240926,11,moderate,0.09724540901502504,30,0,0,,,,,
off,16_ttfl_none_seed20240926,ttfl,none,20240926,12,moderate,0.08861222995239838,30,0,0,,,,,
off,16_ttfl_none_seed20240926,ttfl,none,20240926,13,moderate,0.23866044934294192,30,0,0,,,,,
off,16_ttfl_none_seed20240926,ttfl,none,20240926,14,moderate,0.06843800322061191,30,0,0,,,,,
off,16_ttfl_none_seed20240926,ttfl,none,20240926,15,extreme,0.3431818181818182,30,0,0,,,,,
off,16_ttfl_none_seed20240926,ttfl,none,20240926,16,extreme,0.001584786053882726,30,15,0,10,,,,
off,16_ttfl_none_seed20240926,ttfl,none,20240926,17,extreme,0.0,30,0,0,,,,,
off,16_ttfl_none_seed20240926,ttfl,none,20240926,18,extreme,0.1280148423005566,30,0,0,,,,,
off,16_ttfl_none_seed20240926,ttfl,none,20240926,19,extreme,0.00032133676092544985,30,0,0,,,,,
off,15_single_stream_none_seed20240926,single_stream,none,20240926,0,iid,0.10343434343434343,30,0,0,,,,,
off,15_single_stream_none_seed20240926,single_stream,none,20240926,1,iid,0.0993939393939394,30,0,0,,,,,
off,15_single_stream_none_seed20240926,single_stream,none,20240926,2,iid,0.11191919191919192,30,0,0,,,,,
off,15_single_stream_none_seed20240926,single_stream,none,20240926,3,iid,0.10262626262626262,30,0,0,,,,,
off,15_single_stream_none_seed20240926,single_stream,none,20240926,4,iid,0.11353535353535353,30,0,0,,,,,
off,15_single_stream_none_seed20240926,single_stream,none,20240926,5,iid,0.09373737373737374,30,0,0,,,,,
off,15_single_stream_none_seed20240926,single_stream,none,20240926,6,iid,0.10545454545454545,30,0,0,,,,,
off,15_single_stream_none_seed20240926,single_stream,none,20240926,7,iid,0.09818181818181818,30,0,0,,,,,
off,15_single_stream_none_seed20240926,single_stream,none,20240926,8,iid,0.09494949494949495,30,0,0,,,,,
off,15_single_stream_none_seed20240926,single_stream,none,20240926,9,iid,0.10343434343434343,30,0,0,,,,,
off,15_single_stream_none_seed20240926,single_stream,none,20240926,10,moderate,0.0058212058212058215,30,27,0,4,,,,
off,15_single_stream_none_seed20240926,single_stream,none,20240926,11,moderate,0.09724540901502504,30,0,0,,,,,
off,15_single_stream_none_seed20240926,single_stream,none,20240926,12,moderate,0.08861222995239838,30,0,0,,,,,
off,15_single_stream_none_seed20240926,single_stream,none,20240926,13,moderate,0.23866044934294192,30,0,0,,,,,
off,15_single_stream_none_seed20240926,single_stream,none,20240926,14,moderate,0.06843800322061191,30,6,0,3,,,,
off,15_single_stream_none_seed20240926,single_stream,none,20240926,15,extreme,0.3431818181818182,30,15,0,3,,,,
off,15_single_stream_none_seed20240926,single_stream,none,20240926,16,extreme,0.001584786053882726,30,27,0,3,,,,
off,15_single_stream_none_seed20240926,single_stream,none,20240926,17,extreme,0.0,30,1,0,4,,,,
off,15_single_stream_none_seed20240926,single_stream,none,20240926,18,extreme,0.1280148423005566,30,3,0,4,,,,
off,15_single_stream_none_seed20240926,single_stream,none,20240926,19,extreme,0.00032133676092544985,30,0,0,,,,,
off,8_ttfl_backdoor_seed20240925,ttfl,backdoor,20240925,0,iid,0.0997979797979798,30,0,0,,,,,
off,8_ttfl_backdoor_seed20240925,ttfl,backdoor,20240925,2,iid,0.09616161616161616,30,0,0,,,,,
off,8_ttfl_backdoor_seed20240925,ttfl,backdoor,20240925,3,iid,0.10343434343434343,30,0,0,,,,,
off,8_ttfl_backdoor_seed20240925,ttfl,backdoor,20240925,4,iid,0.0892929292929293,30,0,0,,,,,
off,8_ttfl_backdoor_seed20240925,ttfl,backdoor,20240925,5,iid,0.1006060606060606,30,0,0,,,,,
off,8_ttfl_backdoor_seed20240925,ttfl,backdoor,20240925,6,iid,0.09616161616161616,30,0,0,,,,,
off,8_ttfl_backdoor_seed20240925,ttfl,backdoor,20240925,7,iid,0.09333333333333334,30,0,0,,,,,
off,8_ttfl_backdoor_seed20240925,ttfl,backdoor,20240925,8,iid,0.10343434343434343,30,0,0,,,,,
off,8_ttfl_backdoor_seed20240925,ttfl,backdoor,20240925,9,iid,0.10383838383838384,30,0,0,,,,,
off,8_ttfl_backdoor_seed20240925,ttfl,backdoor,20240925,10,moderate,0.014285714285714285,30,0,0,,,,,
off,8_ttfl_backdoor_seed20240925,ttfl,backdoor,20240925,11,moderate,0.21336553945249598,30,0,0,,,,,
off,8_ttfl_backdoor_seed20240925,ttfl,backdoor,20240925,12,moderate,0.2879965457685665,30,0,0,,,,,
off,8_ttfl_backdoor_seed20240925,ttfl,backdoor,20240925,13,moderate,0.006121714079942384,30,0,0,,,,,
off,8_ttfl_backdoor_seed20240925,ttfl,backdoor,20240925,14,moderate,0.010416666666666666,30,0,0,,,,,
off,8_ttfl_backdoor_seed20240925,ttfl,backdoor,20240925,15,extreme,0.0,30,22,0,9,,,,
off,8_ttfl_backdoor_seed20240925,ttfl,backdoor,20240925,16,extreme,0.0475396163469558,30,0,0,,,,,
off,8_ttfl_backdoor_seed20240925,ttfl,backdoor,20240925,17,extreme,0.3476190476190476,30,0,0,,,,,
off,8_ttfl_backdoor_seed20240925,ttfl,backdoor,20240925,18,extreme,0.002338009352037408,30,0,0,,,,,
off,8_ttfl_backdoor_seed20240925,ttfl,backdoor,20240925,19,extreme,0.009511993382961124,30,0,0,,,,,
off,12_ttfl_delayed_backdoor_seed20240925,ttfl,delayed_backdoor,20240925,0,iid,0.0997979797979798,30,0,0,,,,,
off,12_ttfl_delayed_backdoor_seed20240925,ttfl,delayed_backdoor,20240925,2,iid,0.09616161616161616,30,0,0,,,,,
off,12_ttfl_delayed_backdoor_seed20240925,ttfl,delayed_backdoor,20240925,3,iid,0.10343434343434343,30,0,0,,,,,
off,12_ttfl_delayed_backdoor_seed20240925,ttfl,delayed_backdoor,20240925,4,iid,0.0892929292929293,30,0,0,,,,,
off,12_ttfl_delayed_backdoor_seed20240925,ttfl,delayed_backdoor,20240925,5,iid,0.1006060606060606,30,0,0,,,,,
off,12_ttfl_delayed_backdoor_seed20240925,ttfl,delayed_backdoor,20240925,6,iid,0.09616161616161616,30,0,0,,,,,
off,12_ttfl_delayed_backdoor_seed20240925,ttfl,delayed_backdoor,20240925,7,iid,0.09333333333333334,30,0,0,,,,,
off,12_ttfl_delayed_backdoor_seed20240925,ttfl,delayed_backdoor,20240925,8,iid,0.10343434343434343,30,0,0,,,,,
off,12_ttfl_delayed_backdoor_seed20240925,ttfl,delayed_backdoor,20240925,9,iid,0.10383838383838384,30,0,0,,,,,
off,12_ttfl_delayed_backdoor_seed20240925,ttfl,delayed_backdoor,20240925,10,moderate,0.014285714285714285,30,16,0,15,,,,
off,12_ttfl_delayed_backdoor_seed20240925,ttfl,delayed_backdoor,20240925,11,moderate,0.21336553945249598,30,0,0,,,,,
off,12_ttfl_delayed_backdoor_seed20240925,ttfl,delayed_backdoor,20240925,12,moderate,0.2879965457685665,30,0,0,,,,,
off,12_ttfl_delayed_backdoor_seed20240925,ttfl,delayed_backdoor,20240925,13,moderate,0.006121714079942384,30,3,0,25,,,,
off,12_ttfl_delayed_backdoor_seed20240925,ttfl,delayed_backdoor,20240925,14,moderate,0.010416666666666666,30,0,0,,,,,
off,12_ttfl_delayed_backdoor_seed20240925,ttfl,delayed_backdoor,20240925,15,extreme,0.0,30,22,0,9,,,,
off,12_ttfl_delayed_backdoor_seed20240925,ttfl,delayed_backdoor,20240925,16,extreme,0.0475396163469558,30,0,0,,,,,
off,12_ttfl_delayed_backdoor_seed20240925,ttfl,delayed_backdoor,20240925,17,extreme,0.3476190476190476,30,0,0,,,,,
off,12_ttfl_delayed_backdoor_seed20240925,ttfl,delayed_backdoor,20240925,18,extreme,0.002338009352037408,30,0,0,,,,,
off,12_ttfl_delayed_backdoor_seed20240925,ttfl,delayed_backdoor,20240925,19,extreme,0.009511993382961124,30,0,0,,,,,
off,19_single_stream_backdoor_seed20240926,single_stream,backdoor,20240926,0,iid,0.10343434343434343,30,0,0,,,,,
off,19_single_stream_backdoor_seed20240926,single_stream,backdoor,20240926,2,iid,0.11191919191919192,30,0,0,,,,,
off,19_single_stream_backdoor_seed20240926,single_stream,backdoor,20240926,3,iid,0.10262626262626262,30,0,0,,,,,
off,19_single_stream_backdoor_seed20240926,single_stream,backdoor,20240926,4,iid,0.11353535353535353,30,0,0,,,,,
off,19_single_stream_backdoor_seed20240926,single_stream,backdoor,20240926,5,iid,0.09373737373737374,30,0,0,,,,,
off,19_single_stream_backdoor_seed20240926,single_stream,backdoor,20240926,6,iid,0.10545454545454545,30,0,0,,,,,
off,19_single_stream_backdoor_seed20240926,single_stream,backdoor,20240926,7,iid,0.09818181818181818,30,0,0,,,,,
off,19_single_stream_backdoor_seed20240926,single_stream,backdoor,20240926,8,iid,0.09494949494949495,30,0,0,,,,,
off,19_single_stream_backdoor_seed20240926,single_stream,backdoor,20240926,9,iid,0.10343434343434343,30,0,0,,,,,
off,19_single_stream_backdoor_seed20240926,single_stream,backdoor,20240926,10,moderate,0.0058212058212058215,30,27,0,4,,,,
off,19_single_stream_backdoor_seed20240926,single_stream,backdoor,20240926,11,moderate,0.09724540901502504,30,0,0,,,,,
off,19_single_stream_backdoor_seed20240926,single_stream,backdoor,20240926,12,moderate,0.08861222995239838,30,0,0,,,,,
off,19_single_stream_backdoor_seed20240926,single_stream,backdoor,20240926,13,moderate,0.23866044934294192,30,0,0,,,,,
off,19_single_stream_backdoor_seed20240926,single_stream,backdoor,20240926,14,moderate,0.06843800322061191,30,5,0,3,,,,
off,19_single_stream_backdoor_seed20240926,single_stream,backdoor,20240926,15,extreme,0.3431818181818182,30,24,0,3,,,,
off,19_single_stream_backdoor_seed20240926,single_stream,backdoor,20240926,16,extreme,0.001584786053882726,30,20,0,3,,,,
off,19_single_stream_backdoor_seed20240926,single_stream,backdoor,20240926,17,extreme,0.0,30,1,0,4,,,,
off,19_single_stream_backdoor_seed20240926,single_stream,backdoor,20240926,18,extreme,0.1280148423005566,30,13,0,3,,,,
off,19_single_stream_backdoor_seed20240926,single_stream,backdoor,20240926,19,extreme,0.00032133676092544985,30,0,0,,,,,
off,3_single_stream_none_seed20240925,single_stream,none,20240925,0,iid,0.0997979797979798,30,0,0,,,,,
off,3_single_stream_none_seed20240925,single_stream,none,20240925,1,iid,0.09858585858585858,30,0,0,,,,,
off,3_single_stream_none_seed20240925,single_stream,none,20240925,2,iid,0.09616161616161616,30,0,0,,,,,
off,3_single_stream_none_seed20240925,single_stream,none,20240925,3,iid,0.10343434343434343,30,0,0,,,,,
off,3_single_stream_none_seed20240925,single_stream,none,20240925,4,iid,0.0892929292929293,30,0,0,,,,,
off,3_single_stream_none_seed20240925,single_stream,none,20240925,5,iid,0.1006060606060606,30,0,0,,,,,
off,3_single_stream_none_seed20240925,single_stream,none,20240925,6,iid,0.09616161616161616,30,0,0,,,,,
off,3_single_stream_none_seed20240925,single_stream,none,20240925,7,iid,0.09333333333333334,30,0,0,,,,,
off,3_single_stream_none_seed20240925,single_stream,none,20240925,8,iid,0.10343434343434343,30,0,0,,,,,
off,3_single_stream_none_seed20240925,single_stream,none,20240925,9,iid,0.10383838383838384,30,0,0,,,,,
off,3_single_stream_none_seed20240925,single_stream,none,20240925,10,moderate,0.014285714285714285,30,23,0,5,,,,
off,3_single_stream_none_seed20240925,single_stream,none,20240925,11,moderate,0.21336553945249598,30,13,0,4,,,,
off,3_single_stream_none_seed20240925,single_stream,none,20240925,12,moderate,0.2879965457685665,30,0,0,,,,,
off,3_single_stream_none_seed20240925,single_stream,none,20240925,13,moderate,0.006121714079942384,30,22,0,8,,,,
off,3_single_stream_none_seed20240925,single_stream,none,20240925,14,moderate,0.010416666666666666,30,0,0,,,,,
off,3_single_stream_none_seed20240925,single_stream,none,20240925,15,extreme,0.0,30,29,0,2,,,,
off,3_single_stream_none_seed20240925,single_stream,none,20240925,16,extreme,0.0475396163469558,30,0,0,,,,,
off,3_single_stream_none_seed20240925,single_stream,none,20240925,17,extreme,0.3476190476190476,30,2,0,4,,,,
off,3_single_stream_none_seed20240925,single_stream,none,20240925,18,extreme,0.002338009352037408,30,0,0,,,,,
off,3_single_stream_none_seed20240925,single_stream,none,20240925,19,extreme,0.009511993382961124,30,9,0,3,,,,
off,11_single_stream_delayed_backdoor_seed20240925,single_stream,delayed_backdoor,20240925,0,iid,0.0997979797979798,30,0,0,,,,,
off,11_single_stream_delayed_backdoor_seed20240925,single_stream,delayed_backdoor,20240925,2,iid,0.09616161616161616,30,0,0,,,,,
off,11_single_stream_delayed_backdoor_seed20240925,single_stream,delayed_backdoor,20240925,3,iid,0.10343434343434343,30,0,0,,,,,
off,11_single_stream_delayed_backdoor_seed20240925,single_stream,delayed_backdoor,20240925,4,iid,0.0892929292929293,30,0,0,,,,,
off,11_single_stream_delayed_backdoor_seed20240925,single_stream,delayed_backdoor,20240925,5,iid,0.1006060606060606,30,0,0,,,,,
off,11_single_stream_delayed_backdoor_seed20240925,single_stream,delayed_backdoor,20240925,6,iid,0.09616161616161616,30,0,0,,,,,
off,11_single_stream_delayed_backdoor_seed20240925,single_stream,delayed_backdoor,20240925,7,iid,0.09333333333333334,30,0,0,,,,,
off,11_single_stream_delayed_backdoor_seed20240925,single_stream,delayed_backdoor,20240925,8,iid,0.10343434343434343,30,0,0,,,,,
off,11_single_stream_delayed_backdoor_seed20240925,single_stream,delayed_backdoor,20240925,9,iid,0.10383838383838384,30,0,0,,,,,
off,11_single_stream_delayed_backdoor_seed20240925,single_stream,delayed_backdoor,20240925,10,moderate,0.014285714285714285,30,22,0,9,,,,
off,11_single_stream_delayed_backdoor_seed20240925,single_stream,delayed_backdoor,20240925,11,moderate,0.21336553945249598,30,19,0,4,,,,
off,11_single_stream_delayed_backdoor_seed20240925,single_stream,delayed_backdoor,20240925,12,moderate,0.2879965457685665,30,0,0,,,,,
off,11_single_stream_delayed_backdoor_seed20240925,single_stream,delayed_backdoor,20240925,13,moderate,0.006121714079942384,30,21,0,10,,,,
off,11_single_stream_delayed_backdoor_seed20240925,single_stream,delayed_backdoor,20240925,14,moderate,0.010416666666666666,30,0,0,,,,,
off,11_single_stream_delayed_backdoor_seed20240925,single_stream,delayed_backdoor,20240925,15,extreme,0.0,30,29,0,2,,,,
off,11_single_stream_delayed_backdoor_seed20240925,single_stream,delayed_backdoor,20240925,16,extreme,0.0475396163469558,30,0,0,,,,,
off,11_single_stream_delayed_backdoor_seed20240925,single_stream,delayed_backdoor,20240925,17,extreme,0.3476190476190476,30,3,0,3,,,,
off,11_single_stream_delayed_backdoor_seed20240925,single_stream,delayed_backdoor,20240925,18,extreme,0.002338009352037408,30,0,0,,,,,
off,11_single_stream_delayed_backdoor_seed20240925,single_stream,delayed_backdoor,20240925,19,extreme,0.009511993382961124,30,6,0,3,,,,
on,11_single_stream_delayed_backdoor_seed20240926,single_stream,delayed_backdoor,20240926,0,iid,0.10343434343434343,30,0,0,,,,,
on,11_single_stream_delayed_backdoor_seed20240926,single_stream,delayed_backdoor,20240926,2,iid,0.11191919191919192,30,0,0,,,,,
on,11_single_stream_delayed_backdoor_seed20240926,single_stream,delayed_backdoor,20240926,3,iid,0.10262626262626262,30,0,0,,,,,
on,11_single_stream_delayed_backdoor_seed20240926,single_stream,delayed_backdoor,20240926,4,iid,0.11353535353535353,30,0,0,,,,,
on,11_single_stream_delayed_backdoor_seed20240926,single_stream,delayed_backdoor,20240926,5,iid,0.09373737373737374,30,0,0,,,,,
on,11_single_stream_delayed_backdoor_seed20240926,single_stream,delayed_backdoor,20240926,6,iid,0.10545454545454545,30,0,0,,,,,
on,11_single_stream_delayed_backdoor_seed20240926,single_stream,delayed_backdoor,20240926,7,iid,0.09818181818181818,30,10,0,11,,,0.0806,0.0751
on,11_single_stream_delayed_backdoor_seed20240926,single_stream,delayed_backdoor,20240926,8,iid,0.09494949494949495,30,1,0,13,,,0.1605,0.1534
on,11_single_stream_delayed_backdoor_seed20240926,single_stream,delayed_backdoor,20240926,9,iid,0.10343434343434343,30,0,0,,,,,
on,11_single_stream_delayed_backdoor_seed20240926,single_stream,delayed_backdoor,20240926,10,moderate,0.0058212058212058215,30,27,0,4,,,0.0059,0.0059
on,11_single_stream_delayed_backdoor_seed20240926,single_stream,delayed_backdoor,20240926,11,moderate,0.09724540901502504,30,10,0,5,,,0.1397,0.134
on,11_single_stream_delayed_backdoor_seed20240926,single_stream,delayed_backdoor,20240926,12,moderate,0.08861222995239838,30,0,0,,,,,
on,11_single_stream_delayed_backdoor_seed20240926,single_stream,delayed_backdoor,20240926,13,moderate,0.23866044934294192,30,6,0,10,,,0.2241,0.2175
on,11_single_stream_delayed_backdoor_seed20240926,single_stream,delayed_backdoor,20240926,14,moderate,0.06843800322061191,30,11,0,3,,,0.0912,0.0922
on,11_single_stream_delayed_backdoor_seed20240926,single_stream,delayed_backdoor,20240926,15,extreme,0.3431818181818182,30,29,25,2,6,risk_ema_above_0.90_for_4_rounds,0.458,0.462
on,11_single_stream_delayed_backdoor_seed20240926,single_stream,delayed_backdoor,20240926,16,extreme,0.001584786053882726,30,28,0,3,,,0.0014,0.0014
on,11_single_stream_delayed_backdoor_seed20240926,single_stream,delayed_backdoor,20240926,17,extreme,0.0,30,3,0,3,,,0.001,0.001
on,11_single_stream_delayed_backdoor_seed20240926,single_stream,delayed_backdoor,20240926,18,extreme,0.1280148423005566,30,6,0,4,,,0.1327,0.1256
on,11_single_stream_delayed_backdoor_seed20240926,single_stream,delayed_backdoor,20240926,19,extreme,0.00032133676092544985,30,0,0,,,,,
on,1_single_stream_none_seed20240925,single_stream,none,20240925,0,iid,0.0997979797979798,30,0,0,,,,,
on,1_single_stream_none_seed20240925,single_stream,none,20240925,1,iid,0.09858585858585858,30,0,0,,,,,
on,1_single_stream_none_seed20240925,single_stream,none,20240925,2,iid,0.09616161616161616,30,0,0,,,,,
on,1_single_stream_none_seed20240925,single_stream,none,20240925,3,iid,0.10343434343434343,30,0,0,,,,,
on,1_single_stream_none_seed20240925,single_stream,none,20240925,4,iid,0.0892929292929293,30,0,0,,,,,
on,1_single_stream_none_seed20240925,single_stream,none,20240925,5,iid,0.1006060606060606,30,0,0,,,,,
on,1_single_stream_none_seed20240925,single_stream,none,20240925,6,iid,0.09616161616161616,30,0,0,,,,,
on,1_single_stream_none_seed20240925,single_stream,none,20240925,7,iid,0.09333333333333334,30,0,0,,,,,
on,1_single_stream_none_seed20240925,single_stream,none,20240925,8,iid,0.10343434343434343,30,0,0,,,,,
on,1_single_stream_none_seed20240925,single_stream,none,20240925,9,iid,0.10383838383838384,30,0,0,,,,,
on,1_single_stream_none_seed20240925,single_stream,none,20240925,10,moderate,0.014285714285714285,30,13,0,4,,,0.0078,0.0077
on,1_single_stream_none_seed20240925,single_stream,none,20240925,11,moderate,0.21336553945249598,30,28,11,3,20,risk_soft_isolation_for_8_rounds,0.1751,0.1698
on,1_single_stream_none_seed20240925,single_stream,none,20240925,12,moderate,0.2879965457685665,30,29,21,2,10,risk_soft_isolation_for_8_rounds,0.2708,0.2712
on,1_single_stream_none_seed20240925,single_stream,none,20240925,13,moderate,0.006121714079942384,30,20,0,5,,,0.0035,0.0033
on,1_single_stream_none_seed20240925,single_stream,none,20240925,14,moderate,0.010416666666666666,30,3,0,13,,,0.0104,0.01
on,1_single_stream_none_seed20240925,single_stream,none,20240925,15,extreme,0.0,30,29,0,2,,,0.0014,0.0014
on,1_single_stream_none_seed20240925,single_stream,none,20240925,16,extreme,0.0475396163469558,30,0,0,,,,,
on,1_single_stream_none_seed20240925,single_stream,none,20240925,17,extreme,0.3476190476190476,30,30,26,1,5,risk_ema_above_0.90_for_4_rounds,0.3477,0.3517
on,1_single_stream_none_seed20240925,single_stream,none,20240925,18,extreme,0.002338009352037408,30,0,0,,,,,
on,1_single_stream_none_seed20240925,single_stream,none,20240925,19,extreme,0.009511993382961124,30,11,0,3,,,0.0176,0.0174
on,12_ttfl_delayed_backdoor_seed20240926,ttfl,delayed_backdoor,20240926,0,iid,0.10343434343434343,30,0,0,,,,,
on,12_ttfl_delayed_backdoor_seed20240926,ttfl,delayed_backdoor,20240926,2,iid,0.11191919191919192,30,0,0,,,,,
on,12_ttfl_delayed_backdoor_seed20240926,ttfl,delayed_backdoor,20240926,3,iid,0.10262626262626262,30,0,0,,,,,
on,12_ttfl_delayed_backdoor_seed20240926,ttfl,delayed_backdoor,20240926,4,iid,0.11353535353535353,30,0,0,,,,,
on,12_ttfl_delayed_backdoor_seed20240926,ttfl,delayed_backdoor,20240926,5,iid,0.09373737373737374,30,0,0,,,,,
on,12_ttfl_delayed_backdoor_seed20240926,ttfl,delayed_backdoor,20240926,6,iid,0.10545454545454545,30,0,0,,,,,
on,12_ttfl_delayed_backdoor_seed20240926,ttfl,delayed_backdoor,20240926,7,iid,0.09818181818181818,30,0,0,,,,,
on,12_ttfl_delayed_backdoor_seed20240926,ttfl,delayed_backdoor,20240926,8,iid,0.09494949494949495,30,0,0,,,,,
on,12_ttfl_delayed_backdoor_seed20240926,ttfl,delayed_backdoor,20240926,9,iid,0.10343434343434343,30,0,0,,,,,
on,12_ttfl_delayed_backdoor_seed20240926,ttfl,delayed_backdoor,20240926,10,moderate,0.0058212058212058215,30,21,0,10,,,0.006,0.0059
on,12_ttfl_delayed_backdoor_seed20240926,ttfl,delayed_backdoor,20240926,11,moderate,0.09724540901502504,30,0,0,,,,,
on,12_ttfl_delayed_backdoor_seed20240926,ttfl,delayed_backdoor,20240926,12,moderate,0.08861222995239838,30,0,0,,,,,
on,12_ttfl_delayed_backdoor_seed20240926,ttfl,delayed_backdoor,20240926,13,moderate,0.23866044934294192,30,0,0,,,,,
on,12_ttfl_delayed_backdoor_seed20240926,ttfl,delayed_backdoor,20240926,14,moderate,0.06843800322061191,30,11,0,7,,,0.1422,0.1397
on,12_ttfl_delayed_backdoor_seed20240926,ttfl,delayed_backdoor,20240926,15,extreme,0.3431818181818182,30,28,23,3,8,risk_ema_above_0.90_for_4_rounds,0.4822,0.4911
on,12_ttfl_delayed_backdoor_seed20240926,ttfl,delayed_backdoor,20240926,16,extreme,0.001584786053882726,30,16,0,9,,,0.0019,0.0018
on,12_ttfl_delayed_backdoor_seed20240926,ttfl,delayed_backdoor,20240926,17,extreme,0.0,30,0,0,,,,,
on,12_ttfl_delayed_backdoor_seed20240926,ttfl,delayed_backdoor,20240926,18,extreme,0.1280148423005566,30,0,0,,,,,
on,12_ttfl_delayed_backdoor_seed20240926,ttfl,delayed_backdoor,20240926,19,extreme,0.00032133676092544985,30,0,0,,,,,
on,10_ttfl_backdoor_seed20240926,ttfl,backdoor,20240926,0,iid,0.10343434343434343,30,0,0,,,,,
on,10_ttfl_backdoor_seed20240926,ttfl,backdoor,20240926,2,iid,0.11191919191919192,30,0,0,,,,,
on,10_ttfl_backdoor_seed20240926,ttfl,backdoor,20240926,3,iid,0.10262626262626262,30,0,0,,,,,
on,10_ttfl_backdoor_seed20240926,ttfl,backdoor,20240926,4,iid,0.11353535353535353,30,0,0,,,,,
on,10_ttfl_backdoor_seed20240926,ttfl,backdoor,20240926,5,iid,0.09373737373737374,30,0,0,,,,,
on,10_ttfl_backdoor_seed20240926,ttfl,backdoor,20240926,6,iid,0.10545454545454545,30,0,0,,,,,
on,10_ttfl_backdoor_seed20240926,ttfl,backdoor,20240926,7,iid,0.09818181818181818,30,0,0,,,,,
on,10_ttfl_backdoor_seed20240926,ttfl,backdoor,20240926,8,iid,0.09494949494949495,30,0,0,,,,,
on,10_ttfl_backdoor_seed20240926,ttfl,backdoor,20240926,9,iid,0.10343434343434343,30,0,0,,,,,
on,10_ttfl_backdoor_seed20240926,ttfl,backdoor,20240926,10,moderate,0.0058212058212058215,30,20,0,11,,,0.0046,0.0046
on,10_ttfl_backdoor_seed20240926,ttfl,backdoor,20240926,11,moderate,0.09724540901502504,30,9,0,6,,,0.1776,0.1653
on,10_ttfl_backdoor_seed20240926,ttfl,backdoor,20240926,12,moderate,0.08861222995239838,30,0,0,,,,,
on,10_ttfl_backdoor_seed20240926,ttfl,backdoor,20240926,13,moderate,0.23866044934294192,30,0,0,,,,,
on,10_ttfl_backdoor_seed20240926,ttfl,backdoor,20240926,14,moderate,0.06843800322061191,30,1,0,9,,,0.1555,0.1547
on,10_ttfl_backdoor_seed20240926,ttfl,backdoor,20240926,15,extreme,0.3431818181818182,30,28,23,3,8,risk_ema_above_0.90_for_4_rounds,0.4872,0.4886
on,10_ttfl_backdoor_seed20240926,ttfl,backdoor,20240926,16,extreme,0.001584786053882726,30,21,0,10,,,0.0028,0.0028
on,10_ttfl_backdoor_seed20240926,ttfl,backdoor,20240926,17,extreme,0.0,30,0,0,,,,,
on,10_ttfl_backdoor_seed20240926,ttfl,backdoor,20240926,18,extreme,0.1280148423005566,30,0,0,,,,,
on,10_ttfl_backdoor_seed20240926,ttfl,backdoor,20240926,19,extreme,0.00032133676092544985,30,0,0,,,,,
on,2_ttfl_none_seed20240925,ttfl,none,20240925,0,iid,0.0997979797979798,30,0,0,,,,,
on,2_ttfl_none_seed20240925,ttfl,none,20240925,1,iid,0.09858585858585858,30,0,0,,,,,
on,2_ttfl_none_seed20240925,ttfl,none,20240925,2,iid,0.09616161616161616,30,0,0,,,,,
on,2_ttfl_none_seed20240925,ttfl,none,20240925,3,iid,0.10343434343434343,30,0,0,,,,,
on,2_ttfl_none_seed20240925,ttfl,none,20240925,4,iid,0.0892929292929293,30,0,0,,,,,
on,2_ttfl_none_seed20240925,ttfl,none,20240925,5,iid,0.1006060606060606,30,0,0,,,,,
on,2_ttfl_none_seed20240925,ttfl,none,20240925,6,iid,0.09616161616161616,30,0,0,,,,,
on,2_ttfl_none_seed20240925,ttfl,none,20240925,7,iid,0.09333333333333334,30,0,0,,,,,
on,2_ttfl_none_seed20240925,ttfl,none,20240925,8,iid,0.10343434343434343,30,0,0,,,,,
on,2_ttfl_none_seed20240925,ttfl,none,20240925,9,iid,0.10383838383838384,30,0,0,,,,,
on,2_ttfl_none_seed20240925,ttfl,none,20240925,10,moderate,0.014285714285714285,30,0,0,,,,,
on,2_ttfl_none_seed20240925,ttfl,none,20240925,11,moderate,0.21336553945249598,30,25,22,6,9,risk_ema_above_0.90_for_4_rounds,0.2299,0.2255
on,2_ttfl_none_seed20240925,ttfl,none,20240925,12,moderate,0.2879965457685665,30,28,21,3,10,risk_ema_above_0.90_for_4_rounds,0.2841,0.2822
on,2_ttfl_none_seed20240925,ttfl,none,20240925,13,moderate,0.006121714079942384,30,10,0,19,,,0.005,0.0049
on,2_ttfl_none_seed20240925,ttfl,none,20240925,14,moderate,0.010416666666666666,30,0,0,,,,,
on,2_ttfl_none_seed20240925,ttfl,none,20240925,15,extreme,0.0,30,22,0,9,,,0.0008,0.0008
on,2_ttfl_none_seed20240925,ttfl,none,20240925,16,extreme,0.0475396163469558,30,0,0,,,,,
on,2_ttfl_none_seed20240925,ttfl,none,20240925,17,extreme,0.3476190476190476,30,29,26,2,5,risk_ema_above_0.90_for_4_rounds,0.319,0.332
on,2_ttfl_none_seed20240925,ttfl,none,20240925,18,extreme,0.002338009352037408,30,0,0,,,,,
on,2_ttfl_none_seed20240925,ttfl,none,20240925,19,extreme,0.009511993382961124,30,0,0,,,,,
on,3_single_stream_backdoor_seed20240925,single_stream,backdoor,20240925,0,iid,0.0997979797979798,30,12,0,19,,,0.0977,0.0954
on,3_single_stream_backdoor_seed20240925,single_stream,backdoor,20240925,2,iid,0.09616161616161616,30,10,0,20,,,0.0564,0.0555
on,3_single_stream_backdoor_seed20240925,single_stream,backdoor,20240925,3,iid,0.10343434343434343,30,12,0,19,,,0.0703,0.07
on,3_single_stream_backdoor_seed20240925,single_stream,backdoor,20240925,4,iid,0.0892929292929293,30,17,0,8,,,0.078,0.0769
on,3_single_stream_backdoor_seed20240925,single_stream,backdoor,20240925,5,iid,0.1006060606060606,30,13,0,18,,,0.0537,0.0528
on,3_single_stream_backdoor_seed20240925,single_stream,backdoor,20240925,6,iid,0.09616161616161616,30,2,0,28,,,0.1074,0.1071
on,3_single_stream_backdoor_seed20240925,single_stream,backdoor,20240925,7,iid,0.09333333333333334,30,7,0,24,,,0.0986,0.0938
on,3_single_stream_backdoor_seed20240925,single_stream,backdoor,20240925,8,iid,0.10343434343434343,30,15,0,16,,,0.1094,0.1029
on,3_single_stream_backdoor_seed20240925,single_stream,backdoor,20240925,9,iid,0.10383838383838384,30,8,0,23,,,0.0834,0.0774
on,3_single_stream_backdoor_seed20240925,single_stream,backdoor,20240925,10,moderate,0.014285714285714285,30,25,0,5,,,0.0097,0.0093
on,3_single_stream_backdoor_seed20240925,single_stream,backdoor,20240925,11,moderate,0.21336553945249598,30,28,11,3,20,risk_soft_isolation_for_8_rounds,0.1614,0.1616
on,3_single_stream_backdoor_seed20240925,single_stream,backdoor,20240925,12,moderate,0.2879965457685665,30,29,20,2,11,risk_soft_isolation_for_8_rounds,0.2694,0.2742
on,3_single_stream_backdoor_seed20240925,single_stream,backdoor,20240925,13,moderate,0.006121714079942384,30,17,0,9,,,0.0039,0.0037
on,3_single_stream_backdoor_seed20240925,single_stream,backdoor,20240925,14,moderate,0.010416666666666666,30,5,0,17,,,0.005,0.0048
on,3_single_stream_backdoor_seed20240925,single_stream,backdoor,20240925,15,extreme,0.0,30,29,0,2,,,0.001,0.001
on,3_single_stream_backdoor_seed20240925,single_stream,backdoor,20240925,16,extreme,0.0475396163469558,30,2,0,27,,,0.0755,0.0734
on,3_single_stream_backdoor_seed20240925,single_stream,backdoor,20240925,17,extreme,0.3476190476190476,30,30,26,1,5,risk_ema_above_0.90_for_4_rounds,0.3432,0.3457
on,3_single_stream_backdoor_seed20240925,single_stream,backdoor,20240925,18,extreme,0.002338009352037408,30,2,0,28,,,0.0013,0.0013
on,3_single_stream_backdoor_seed20240925,single_stream,backdoor,20240925,19,extreme,0.009511993382961124,30,15,0,3,,,0.0175,0.0175
on,6_ttfl_delayed_backdoor_seed20240925,ttfl,delayed_backdoor,20240925,0,iid,0.0997979797979798,30,0,0,,,,,
on,6_ttfl_delayed_backdoor_seed20240925,ttfl,delayed_backdoor,20240925,2,iid,0.09616161616161616,30,0,0,,,,,
on,6_ttfl_delayed_backdoor_seed20240925,ttfl,delayed_backdoor,20240925,3,iid,0.10343434343434343,30,0,0,,,,,
on,6_ttfl_delayed_backdoor_seed20240925,ttfl,delayed_backdoor,20240925,4,iid,0.0892929292929293,30,0,0,,,,,
on,6_ttfl_delayed_backdoor_seed20240925,ttfl,delayed_backdoor,20240925,5,iid,0.1006060606060606,30,0,0,,,,,
on,6_ttfl_delayed_backdoor_seed20240925,ttfl,delayed_backdoor,20240925,6,iid,0.09616161616161616,30,0,0,,,,,
on,6_ttfl_delayed_backdoor_seed20240925,ttfl,delayed_backdoor,20240925,7,iid,0.09333333333333334,30,0,0,,,,,
on,6_ttfl_delayed_backdoor_seed20240925,ttfl,delayed_backdoor,20240925,8,iid,0.10343434343434343,30,0,0,,,,,
on,6_ttfl_delayed_backdoor_seed20240925,ttfl,delayed_backdoor,20240925,9,iid,0.10383838383838384,30,0,0,,,,,
on,6_ttfl_delayed_backdoor_seed20240925,ttfl,delayed_backdoor,20240925,10,moderate,0.014285714285714285,30,3,0,19,,,0.0167,0.0158
on,6_ttfl_delayed_backdoor_seed20240925,ttfl,delayed_backdoor,20240925,11,moderate,0.21336553945249598,30,20,14,10,17,risk_soft_isolation_for_8_rounds,0.1847,0.1844
on,6_ttfl_delayed_backdoor_seed20240925,ttfl,delayed_backdoor,20240925,12,moderate,0.2879965457685665,30,27,20,3,11,risk_soft_isolation_for_8_rounds,0.2861,0.286
on,6_ttfl_delayed_backdoor_seed20240925,ttfl,delayed_backdoor,20240925,13,moderate,0.006121714079942384,30,1,0,24,,,0.0034,0.0034
on,6_ttfl_delayed_backdoor_seed20240925,ttfl,delayed_backdoor,20240925,14,moderate,0.010416666666666666,30,0,0,,,,,
on,6_ttfl_delayed_backdoor_seed20240925,ttfl,delayed_backdoor,20240925,15,extreme,0.0,30,22,0,9,,,0.0008,0.0008
on,6_ttfl_delayed_backdoor_seed20240925,ttfl,delayed_backdoor,20240925,16,extreme,0.0475396163469558,30,0,0,,,,,
on,6_ttfl_delayed_backdoor_seed20240925,ttfl,delayed_backdoor,20240925,17,extreme,0.3476190476190476,30,29,26,2,5,risk_ema_above_0.90_for_4_rounds,0.2876,0.2944
on,6_ttfl_delayed_backdoor_seed20240925,ttfl,delayed_backdoor,20240925,18,extreme,0.002338009352037408,30,0,0,,,,,
on,6_ttfl_delayed_backdoor_seed20240925,ttfl,delayed_backdoor,20240925,19,extreme,0.009511993382961124,30,1,0,11,,,0.023,0.0219
on,5_single_stream_delayed_backdoor_seed20240925,single_stream,delayed_backdoor,20240925,0,iid,0.0997979797979798,30,19,0,12,,,0.1572,0.1566
on,5_single_stream_delayed_backdoor_seed20240925,single_stream,delayed_backdoor,20240925,2,iid,0.09616161616161616,30,16,0,11,,,0.0343,0.0332
on,5_single_stream_delayed_backdoor_seed20240925,single_stream,delayed_backdoor,20240925,3,iid,0.10343434343434343,30,27,0,4,,,0.0711,0.0707
on,5_single_stream_delayed_backdoor_seed20240925,single_stream,delayed_backdoor,20240925,4,iid,0.0892929292929293,30,25,0,6,,,0.116,0.1245
on,5_single_stream_delayed_backdoor_seed20240925,single_stream,delayed_backdoor,20240925,5,iid,0.1006060606060606,30,21,0,10,,,0.0708,0.0693
on,5_single_stream_delayed_backdoor_seed20240925,single_stream,delayed_backdoor,20240925,6,iid,0.09616161616161616,30,5,0,5,,,0.1365,0.1361
on,5_single_stream_delayed_backdoor_seed20240925,single_stream,delayed_backdoor,20240925,7,iid,0.09333333333333334,30,18,0,12,,,0.1697,0.1652
on,5_single_stream_delayed_backdoor_seed20240925,single_stream,delayed_backdoor,20240925,8,iid,0.10343434343434343,30,23,0,5,,,0.0697,0.0688
on,5_single_stream_delayed_backdoor_seed20240925,single_stream,delayed_backdoor,20240925,9,iid,0.10383838383838384,30,21,0,10,,,0.1095,0.1085
on,5_single_stream_delayed_backdoor_seed20240925,single_stream,delayed_backdoor,20240925,10,moderate,0.014285714285714285,30,26,0,5,,,0.0107,0.0105
on,5_single_stream_delayed_backdoor_seed20240925,single_stream,delayed_backdoor,20240925,11,moderate,0.21336553945249598,30,28,14,3,17,risk_soft_isolation_for_8_rounds,0.1699,0.1709
on,5_single_stream_delayed_backdoor_seed20240925,single_stream,delayed_backdoor,20240925,12,moderate,0.2879965457685665,30,29,21,2,10,risk_ema_above_0.90_for_4_rounds,0.2594,0.2586
on,5_single_stream_delayed_backdoor_seed20240925,single_stream,delayed_backdoor,20240925,13,moderate,0.006121714079942384,30,17,0,7,,,0.0039,0.0038
on,5_single_stream_delayed_backdoor_seed20240925,single_stream,delayed_backdoor,20240925,14,moderate,0.010416666666666666,30,10,0,9,,,0.0093,0.009
on,5_single_stream_delayed_backdoor_seed20240925,single_stream,delayed_backdoor,20240925,15,extreme,0.0,30,29,0,2,,,0.0015,0.0014
on,5_single_stream_delayed_backdoor_seed20240925,single_stream,delayed_backdoor,20240925,16,extreme,0.0475396163469558,30,10,0,16,,,0.0632,0.0605
on,5_single_stream_delayed_backdoor_seed20240925,single_stream,delayed_backdoor,20240925,17,extreme,0.3476190476190476,30,30,26,1,5,risk_ema_above_0.90_for_4_rounds,0.3422,0.35
on,5_single_stream_delayed_backdoor_seed20240925,single_stream,delayed_backdoor,20240925,18,extreme,0.002338009352037408,30,8,0,14,,,0.001,0.001
on,5_single_stream_delayed_backdoor_seed20240925,single_stream,delayed_backdoor,20240925,19,extreme,0.009511993382961124,30,15,0,3,,,0.0163,0.0162
on,8_ttfl_none_seed20240926,ttfl,none,20240926,0,iid,0.10343434343434343,30,0,0,,,,,
on,8_ttfl_none_seed20240926,ttfl,none,20240926,1,iid,0.0993939393939394,30,0,0,,,,,
on,8_ttfl_none_seed20240926,ttfl,none,20240926,2,iid,0.11191919191919192,30,0,0,,,,,
on,8_ttfl_none_seed20240926,ttfl,none,20240926,3,iid,0.10262626262626262,30,0,0,,,,,
on,8_ttfl_none_seed20240926,ttfl,none,20240926,4,iid,0.11353535353535353,30,0,0,,,,,
on,8_ttfl_none_seed20240926,ttfl,none,20240926,5,iid,0.09373737373737374,30,0,0,,,,,
on,8_ttfl_none_seed20240926,ttfl,none,20240926,6,iid,0.10545454545454545,30,0,0,,,,,
on,8_ttfl_none_seed20240926,ttfl,none,20240926,7,iid,0.09818181818181818,30,0,0,,,,,
on,8_ttfl_none_seed20240926,ttfl,none,20240926,8,iid,0.09494949494949495,30,0,0,,,,,
on,8_ttfl_none_seed20240926,ttfl,none,20240926,9,iid,0.10343434343434343,30,0,0,,,,,
on,8_ttfl_none_seed20240926,ttfl,none,20240926,10,moderate,0.0058212058212058215,30,21,0,10,,,0.0057,0.0056
on,8_ttfl_none_seed20240926,ttfl,none,20240926,11,moderate,0.09724540901502504,30,0,0,,,,,
on,8_ttfl_none_seed20240926,ttfl,none,20240926,12,moderate,0.08861222995239838,30,0,0,,,,,
on,8_ttfl_none_seed20240926,ttfl,none,20240926,13,moderate,0.23866044934294192,30,0,0,,,,,
on,8_ttfl_none_seed20240926,ttfl,none,20240926,14,moderate,0.06843800322061191,30,1,0,9,,,0.1385,0.1424
on,8_ttfl_none_seed20240926,ttfl,none,20240926,15,extreme,0.3431818181818182,30,28,25,3,6,risk_ema_above_0.90_for_4_rounds,0.4739,0.4809
on,8_ttfl_none_seed20240926,ttfl,none,20240926,16,extreme,0.001584786053882726,30,22,0,9,,,0.0019,0.0018
on,8_ttfl_none_seed20240926,ttfl,none,20240926,17,extreme,0.0,30,0,0,,,,,
on,8_ttfl_none_seed20240926,ttfl,none,20240926,18,extreme,0.1280148423005566,30,0,0,,,,,
on,8_ttfl_none_seed20240926,ttfl,none,20240926,19,extreme,0.00032133676092544985,30,0,0,,,,,
on,9_single_stream_backdoor_seed20240926,single_stream,backdoor,20240926,0,iid,0.10343434343434343,30,0,0,,,,,
on,9_single_stream_backdoor_seed20240926,single_stream,backdoor,20240926,2,iid,0.11191919191919192,30,0,0,,,,,
on,9_single_stream_backdoor_seed20240926,single_stream,backdoor,20240926,3,iid,0.10262626262626262,30,0,0,,,,,
on,9_single_stream_backdoor_seed20240926,single_stream,backdoor,20240926,4,iid,0.11353535353535353,30,0,0,,,,,
on,9_single_stream_backdoor_seed20240926,single_stream,backdoor,20240926,5,iid,0.09373737373737374,30,0,0,,,,,
on,9_single_stream_backdoor_seed20240926,single_stream,backdoor,20240926,6,iid,0.10545454545454545,30,0,0,,,,,
on,9_single_stream_backdoor_seed20240926,single_stream,backdoor,20240926,7,iid,0.09818181818181818,30,10,0,9,,,0.0783,0.0766
on,9_single_stream_backdoor_seed20240926,single_stream,backdoor,20240926,8,iid,0.09494949494949495,30,2,0,13,,,0.1428,0.1411
on,9_single_stream_backdoor_seed20240926,single_stream,backdoor,20240926,9,iid,0.10343434343434343,30,0,0,,,,,
on,9_single_stream_backdoor_seed20240926,single_stream,backdoor,20240926,10,moderate,0.0058212058212058215,30,27,0,4,,,0.0062,0.0061
on,9_single_stream_backdoor_seed20240926,single_stream,backdoor,20240926,11,moderate,0.09724540901502504,30,7,0,10,,,0.1388,0.1382
on,9_single_stream_backdoor_seed20240926,single_stream,backdoor,20240926,12,moderate,0.08861222995239838,30,0,0,,,,,
on,9_single_stream_backdoor_seed20240926,single_stream,backdoor,20240926,13,moderate,0.23866044934294192,30,6,0,11,,,0.1896,0.1839
on,9_single_stream_backdoor_seed20240926,single_stream,backdoor,20240926,14,moderate,0.06843800322061191,30,14,0,3,,,0.1115,0.1124
on,9_single_stream_backdoor_seed20240926,single_stream,backdoor,20240926,15,extreme,0.3431818181818182,30,29,23,2,8,risk_ema_above_0.90_for_4_rounds,0.4821,0.4861
on,9_single_stream_backdoor_seed20240926,single_stream,backdoor,20240926,16,extreme,0.001584786053882726,30,28,0,3,,,0.0015,0.0015
on,9_single_stream_backdoor_seed20240926,single_stream,backdoor,20240926,17,extreme,0.0,30,4,0,3,,,0.001,0.001
on,9_single_stream_backdoor_seed20240926,single_stream,backdoor,20240926,18,extreme,0.1280148423005566,30,9,0,4,,,0.1363,0.1297
on,9_single_stream_backdoor_seed20240926,single_stream,backdoor,20240926,19,extreme,0.00032133676092544985,30,1,0,5,,,0.0005,0.0005
on,4_ttfl_backdoor_seed20240925,ttfl,backdoor,20240925,0,iid,0.0997979797979798,30,0,0,,,,,
on,4_ttfl_backdoor_seed20240925,ttfl,backdoor,20240925,2,iid,0.09616161616161616,30,0,0,,,,,
on,4_ttfl_backdoor_seed20240925,ttfl,backdoor,20240925,3,iid,0.10343434343434343,30,0,0,,,,,
on,4_ttfl_backdoor_seed20240925,ttfl,backdoor,20240925,4,iid,0.0892929292929293,30,0,0,,,,,
on,4_ttfl_backdoor_seed20240925,ttfl,backdoor,20240925,5,iid,0.1006060606060606,30,0,0,,,,,
on,4_ttfl_backdoor_seed20240925,ttfl,backdoor,20240925,6,iid,0.09616161616161616,30,0,0,,,,,
on,4_ttfl_backdoor_seed20240925,ttfl,backdoor,20240925,7,iid,0.09333333333333334,30,0,0,,,,,
on,4_ttfl_backdoor_seed20240925,ttfl,backdoor,20240925,8,iid,0.10343434343434343,30,0,0,,,,,
on,4_ttfl_backdoor_seed20240925,ttfl,backdoor,20240925,9,iid,0.10383838383838384,30,0,0,,,,,
on,4_ttfl_backdoor_seed20240925,ttfl,backdoor,20240925,10,moderate,0.014285714285714285,30,21,0,10,,,0.0384,0.0372
on,4_ttfl_backdoor_seed20240925,ttfl,backdoor,20240925,11,moderate,0.21336553945249598,30,21,16,9,15,risk_soft_isolation_for_8_rounds,0.1938,0.1985
on,4_ttfl_backdoor_seed20240925,ttfl,backdoor,20240925,12,moderate,0.2879965457685665,30,27,21,3,10,risk_soft_isolation_for_8_rounds,0.2898,0.288
on,4_ttfl_backdoor_seed20240925,ttfl,backdoor,20240925,13,moderate,0.006121714079942384,30,6,0,21,,,0.0032,0.0033
on,4_ttfl_backdoor_seed20240925,ttfl,backdoor,20240925,14,moderate,0.010416666666666666,30,0,0,,,,,
on,4_ttfl_backdoor_seed20240925,ttfl,backdoor,20240925,15,extreme,0.0,30,22,0,9,,,0.0009,0.0009
on,4_ttfl_backdoor_seed20240925,ttfl,backdoor,20240925,16,extreme,0.0475396163469558,30,0,0,,,,,
on,4_ttfl_backdoor_seed20240925,ttfl,backdoor,20240925,17,extreme,0.3476190476190476,30,29,26,2,5,risk_ema_above_0.90_for_4_rounds,0.2985,0.2995
on,4_ttfl_backdoor_seed20240925,ttfl,backdoor,20240925,18,extreme,0.002338009352037408,30,0,0,,,,,
on,4_ttfl_backdoor_seed20240925,ttfl,backdoor,20240925,19,extreme,0.009511993382961124,30,0,0,,,,,
on,7_single_stream_none_seed20240926,single_stream,none,20240926,0,iid,0.10343434343434343,30,0,0,,,,,
on,7_single_stream_none_seed20240926,single_stream,none,20240926,1,iid,0.0993939393939394,30,0,0,,,,,
on,7_single_stream_none_seed20240926,single_stream,none,20240926,2,iid,0.11191919191919192,30,0,0,,,,,
on,7_single_stream_none_seed20240926,single_stream,none,20240926,3,iid,0.10262626262626262,30,0,0,,,,,
on,7_single_stream_none_seed20240926,single_stream,none,20240926,4,iid,0.11353535353535353,30,0,0,,,,,
on,7_single_stream_none_seed20240926,single_stream,none,20240926,5,iid,0.09373737373737374,30,0,0,,,,,
on,7_single_stream_none_seed20240926,single_stream,none,20240926,6,iid,0.10545454545454545,30,0,0,,,,,
on,7_single_stream_none_seed20240926,single_stream,none,20240926,7,iid,0.09818181818181818,30,7,0,11,,,0.089,0.0925
on,7_single_stream_none_seed20240926,single_stream,none,20240926,8,iid,0.09494949494949495,30,1,0,13,,,0.1242,0.1174
on,7_single_stream_none_seed20240926,single_stream,none,20240926,9,iid,0.10343434343434343,30,0,0,,,,,
on,7_single_stream_none_seed20240926,single_stream,none,20240926,10,moderate,0.0058212058212058215,30,27,0,4,,,0.0056,0.0056
on,7_single_stream_none_seed20240926,single_stream,none,20240926,11,moderate,0.09724540901502504,30,8,0,5,,,0.1313,0.1202
on,7_single_stream_none_seed20240926,single_stream,none,20240926,12,moderate,0.08861222995239838,30,0,0,,,,,
on,7_single_stream_none_seed20240926,single_stream,none,20240926,13,moderate,0.23866044934294192,30,3,0,11,,,0.1953,0.1942
on,7_single_stream_none_seed20240926,single_stream,none,20240926,14,moderate,0.06843800322061191,30,10,0,3,,,0.1094,0.1104
on,7_single_stream_none_seed20240926,single_stream,none,20240926,15,extreme,0.3431818181818182,30,29,25,2,6,risk_ema_above_0.90_for_4_rounds,0.4553,0.464
on,7_single_stream_none_seed20240926,single_stream,none,20240926,16,extreme,0.001584786053882726,30,27,0,3,,,0.0015,0.0015
on,7_single_stream_none_seed20240926,single_stream,none,20240926,17,extreme,0.0,30,4,0,3,,,0.0009,0.0009
on,7_single_stream_none_seed20240926,single_stream,none,20240926,18,extreme,0.1280148423005566,30,6,0,3,,,0.1258,0.1247
on,7_single_stream_none_seed20240926,single_stream,none,20240926,19,extreme,0.00032133676092544985,30,0,0,,,,,
