condition,run_id,scenario,method,seed,final_accuracy,final_asr,attack_window_mean_asr,normal_mean_exclusion,normal_ever_excluded_rate
standard,1_fedavg_none_seed20240925,none,fedavg,20240925,0.5626,0.04766666666666667,,,
standard,2_fltrust_none_seed20240925,none,fltrust,20240925,0.5575,0.07922222222222225,,,
standard,3_single_stream_none_seed20240925,none,single_stream,20240925,0.5648,0.05466666666666667,,0.16333333333333333,0.3
standard,4_ttfl_none_seed20240925,none,ttfl,20240925,0.5711,0.04822222222222224,,0.04666666666666667,0.1
standard,5_fedavg_backdoor_seed20240925,backdoor,fedavg,20240925,0.5394,0.10511111111111107,0.1932111111111111,,
standard,6_fltrust_backdoor_seed20240925,backdoor,fltrust,20240925,0.4317,0.35466666666666663,0.1993222222222222,,
standard,7_single_stream_backdoor_seed20240925,backdoor,single_stream,20240925,0.561,0.07911111111111112,0.15338148148148148,0.11578947368421053,0.2631578947368421
standard,8_ttfl_backdoor_seed20240925,backdoor,ttfl,20240925,0.5568,0.08722222222222224,0.16123703703703704,0.03859649122807017,0.05263157894736842
standard,9_fedavg_delayed_backdoor_seed20240925,delayed_backdoor,fedavg,20240925,0.5472,0.10199999999999998,0.15064444444444444,,
standard,10_fltrust_delayed_backdoor_seed20240925,delayed_backdoor,fltrust,20240925,0.4487,0.33577777777777795,0.19287222222222225,,
standard,11_single_stream_delayed_backdoor_seed20240925,delayed_backdoor,single_stream,20240925,0.5531,0.12155555555555551,0.11705555555555557,0.17543859649122806,0.3157894736842105
standard,12_ttfl_delayed_backdoor_seed20240925,delayed_backdoor,ttfl,20240925,0.5632,0.08066666666666664,0.12874444444444444,0.07192982456140351,0.15789473684210525
standard,13_fedavg_none_seed20240926,none,fedavg,20240926,0.568,0.038,,,
standard,14_fltrust_none_seed20240926,none,fltrust,20240926,0.5346,0.02877777777777777,,,
standard,15_single_stream_none_seed20240926,none,single_stream,20240926,0.5776,0.03944444444444444,,0.13166666666666665,0.3
standard,16_ttfl_none_seed20240926,none,ttfl,20240926,0.5758,0.03811111111111112,,0.060000000000000005,0.1
standard,17_fedavg_backdoor_seed20240926,backdoor,fedavg,20240926,0.5529,0.08500000000000002,0.18014814814814814,,
standard,18_fltrust_backdoor_seed20240926,backdoor,fltrust,20240926,0.5289,0.007666666666666667,0.18294814814814817,,
standard,19_single_stream_backdoor_seed20240926,backdoor,single_stream,20240926,0.5596,0.02766666666666667,0.12291481481481482,0.15789473684210525,0.3157894736842105
standard,20_ttfl_backdoor_seed20240926,backdoor,ttfl,20240926,0.5649,0.06288888888888888,0.1395074074074074,0.047368421052631574,0.10526315789473684
standard,21_fedavg_delayed_backdoor_seed20240926,delayed_backdoor,fedavg,20240926,0.5581,0.08555555555555551,0.12457777777777777,,
standard,22_fltrust_delayed_backdoor_seed20240926,delayed_backdoor,fltrust,20240926,0.5274,0.005777777777777781,0.17321666666666669,,
standard,23_single_stream_delayed_backdoor_seed20240926,delayed_backdoor,single_stream,20240926,0.564,0.093,0.09271666666666667,0.14736842105263157,0.3157894736842105
standard,24_ttfl_delayed_backdoor_seed20240926,delayed_backdoor,ttfl,20240926,0.5703,0.04433333333333333,0.10219999999999999,0.043859649122807015,0.15789473684210525
known_trigger,1_single_stream_none_seed20240925,none,single_stream,20240925,0.5617,0.021777777777777778,,0.27166666666666667,0.4
known_trigger,2_ttfl_none_seed20240925,none,ttfl,20240925,0.5552,0.019111111111111117,,0.19,0.25
known_trigger,3_single_stream_backdoor_seed20240925,backdoor,single_stream,20240925,0.4274,0.07133333333333335,0.0372962962962963,0.487719298245614,1.0
known_trigger,4_ttfl_backdoor_seed20240925,backdoor,ttfl,20240925,0.537,0.01922222222222222,0.048081481481481475,0.22105263157894736,0.3157894736842105
known_trigger,5_single_stream_delayed_backdoor_seed20240925,delayed_backdoor,single_stream,20240925,0.4084,0.013,0.03610555555555556,0.6614035087719298,1.0
known_trigger,6_ttfl_delayed_backdoor_seed20240925,delayed_backdoor,ttfl,20240925,0.552,0.022777777777777775,0.038627777777777775,0.1807017543859649,0.3684210526315789
known_trigger,7_single_stream_none_seed20240926,none,single_stream,20240926,0.5728,0.032222222222222235,,0.20333333333333334,0.5
known_trigger,8_ttfl_none_seed20240926,none,ttfl,20240926,0.5747,0.03466666666666667,,0.12,0.2
known_trigger,9_single_stream_backdoor_seed20240926,backdoor,single_stream,20240926,0.5797,0.03455555555555556,0.04512962962962963,0.24035087719298245,0.5789473684210527
known_trigger,10_ttfl_backdoor_seed20240926,backdoor,ttfl,20240926,0.5733,0.03511111111111113,0.06343333333333334,0.13859649122807016,0.2631578947368421
known_trigger,11_single_stream_delayed_backdoor_seed20240926,delayed_backdoor,single_stream,20240926,0.573,0.036,0.04978888888888889,0.22982456140350876,0.5263157894736842
known_trigger,12_ttfl_delayed_backdoor_seed20240926,delayed_backdoor,ttfl,20240926,0.5704,0.02866666666666667,0.04674444444444445,0.13333333333333333,0.21052631578947367
recovery,1_fedavg_recovery_backdoor_seed20240925,recovery_backdoor,fedavg,20240925,0.5591,0.043222222222222245,0.26561904761904764,,
recovery,2_fltrust_recovery_backdoor_seed20240925,recovery_backdoor,fltrust,20240925,0.552,0.030111111111111123,0.22811111111111115,,
recovery,3_single_stream_recovery_backdoor_seed20240925,recovery_backdoor,single_stream,20240925,0.5605,0.053,0.22693650793650796,0.09824561403508772,0.2631578947368421
recovery,4_ttfl_recovery_backdoor_seed20240925,recovery_backdoor,ttfl,20240925,0.5669,0.05311111111111112,0.2463333333333333,0.09298245614035087,0.21052631578947367
recovery,5_fedavg_recovery_backdoor_seed20240926,recovery_backdoor,fedavg,20240926,0.5652,0.03444444444444444,0.27077777777777773,,
recovery,6_fltrust_recovery_backdoor_seed20240926,recovery_backdoor,fltrust,20240926,0.5288,0.02777777777777777,0.19477777777777777,,
recovery,7_single_stream_recovery_backdoor_seed20240926,recovery_backdoor,single_stream,20240926,0.5715,0.028,0.17184126984126985,0.15438596491228068,0.3157894736842105
recovery,8_ttfl_recovery_backdoor_seed20240926,recovery_backdoor,ttfl,20240926,0.5741,0.037555555555555564,0.2302698412698413,0.04912280701754386,0.10526315789473684
